PADDOCK_ID,OBSERVATION_DATE,TSDM,15D_AVG_DAILY_RAIN,15D_AVG_MAX_TEMP,15D_AVG_MIN_TEMP,15D_AVG_RH_TMAX,15D_AVG_RH_TMIN,15D_AVG_EVAP_SYN,15D_AVG_RADIATION
d54f90a4aba145794a09808f912b5c02a413b054d26a3b375db806463d1854cb,4/02/2017,500,1.5199999999999514,37.96000000000001,24.57333333333333,35.413333333333334,74.87999999999998,10.026666666666667,24.83333333333333
d54f90a4aba145794a09808f912b5c02a413b054d26a3b375db806463d1854cb,19/02/2017,444.666667,0.5599999999999757,39.55333333333333,24.57333333333333,27.326666666666664,62.64666666666667,10.806666666666668,25.03333333333333
d54f90a4aba145794a09808f912b5c02a413b054d26a3b375db806463d1854cb,6/03/2017,427.333333,1.3999999999999695,36.17333333333333,21.2,30.833333333333336,73.52666666666667,8.813333333333334,21.200000000000003
d54f90a4aba145794a09808f912b5c02a413b054d26a3b375db806463d1854cb,21/03/2017,420.666667,0.6333333333332727,36.81333333333334,20.73333333333333,28.933333333333334,70.32666666666667,8.66,20.9
d54f90a4aba145794a09808f912b5c02a413b054d26a3b375db806463d1854cb,5/04/2017,528,0.073333333,34.266666666666666,18.966666666666672,31.44,75.59333333333332,7.480000000000001,19.57333333333333
d54f90a4aba145794a09808f912b5c02a413b054d26a3b375db806463d1854cb,20/04/2017,536.666667,0,31.593333333333337,14.26666666666667,26.68666666666667,75.52000000000001,6.5,20.42666666666667
d54f90a4aba145794a09808f912b5c02a413b054d26a3b375db806463d1854cb,5/05/2017,579.666667,0.006666667,29.25333333333333,14.566666666666666,31.59333333333334,77.10666666666665,5.473333333333334,16.473333333333336
d54f90a4aba145794a09808f912b5c02a413b054d26a3b375db806463d1854cb,20/05/2017,657,0.5666666666666363,27.506666666666668,11.993333333333334,34.50666666666667,85.10666666666667,4.46,14.653333333333334
d54f90a4aba145794a09808f912b5c02a413b054d26a3b375db806463d1854cb,4/06/2017,657,0,26.933333333333337,9.6,27.040000000000003,78.46666666666667,4.46,15.580000000000002
d54f90a4aba145794a09808f912b5c02a413b054d26a3b375db806463d1854cb,19/06/2017,605,0,24.02,6.233333333333333,29.753333333333337,89.36,3.553333333333333,15.2
d54f90a4aba145794a09808f912b5c02a413b054d26a3b375db806463d1854cb,4/07/2017,768.666667,0.093333333,25.38,8.860000000000001,33.04,89.06,3.5733333333333337,13.5
d54f90a4aba145794a09808f912b5c02a413b054d26a3b375db806463d1854cb,19/07/2017,1087,1.206666667,25.15333333333334,10.76666666666667,37.46666666666668,87.65333333333334,3.4866666666666664,13.340000000000002
d54f90a4aba145794a09808f912b5c02a413b054d26a3b375db806463d1854cb,3/08/2017,1060,0,26.6,7.233333333333333,22.22666666666667,73.84,4.333333333333333,17.426666666666666
d54f90a4aba145794a09808f912b5c02a413b054d26a3b375db806463d1854cb,18/08/2017,823.333333,0,28.180000000000003,6.640000000000001,17.186666666666667,65.86666666666666,5.426666666666667,19.473333333333333
d54f90a4aba145794a09808f912b5c02a413b054d26a3b375db806463d1854cb,2/09/2017,684.666667,0,26.313333333333333,6.926666666666667,14.906666666666668,51.10000000000001,5.5,21.160000000000004
d54f90a4aba145794a09808f912b5c02a413b054d26a3b375db806463d1854cb,17/09/2017,616.666667,0,28.60666666666667,8.953333333333335,15.886666666666668,54.68,6.8933333333333335,22.75333333333333
d54f90a4aba145794a09808f912b5c02a413b054d26a3b375db806463d1854cb,2/10/2017,614,0.02,35.03333333333334,15.92,17.80666666666667,53.92,8.96,22.08
d54f90a4aba145794a09808f912b5c02a413b054d26a3b375db806463d1854cb,17/10/2017,625,1.4999999999999394,34.373333333333335,20.22,32.973333333333336,74.28666666666666,8.22,20.88
d54f90a4aba145794a09808f912b5c02a413b054d26a3b375db806463d1854cb,1/11/2017,646.333333,2.066666666666576,32.42,17.279999999999998,30.10666666666667,71.53333333333335,8.16,23.006666666666668
d54f90a4aba145794a09808f912b5c02a413b054d26a3b375db806463d1854cb,16/11/2017,653.666667,0.2999999999999393,33.70666666666667,18.87333333333333,26.433333333333334,62.56666666666668,9.433333333333334,24.300000000000004
d54f90a4aba145794a09808f912b5c02a413b054d26a3b375db806463d1854cb,1/12/2017,658.333333,0.1466666666665635,34.50666666666667,20.84,31.473333333333336,69.97333333333334,9.306666666666668,23.066666666666663
d54f90a4aba145794a09808f912b5c02a413b054d26a3b375db806463d1854cb,16/12/2017,633.666667,0.3399999999999636,36.66666666666666,20.85333333333333,22.38,54.26666666666667,11.32,27.266666666666666
d54f90a4aba145794a09808f912b5c02a413b054d26a3b375db806463d1854cb,31/12/2017,583.333333,0.7066666666665999,40.12666666666667,25.300000000000004,23.953333333333337,55.38,12.066666666666666,26.320000000000004
d54f90a4aba145794a09808f912b5c02a413b054d26a3b375db806463d1854cb,15/01/2018,471.666667,0.3133333333332909,39.65333333333333,25.086666666666662,22.92,52.09333333333334,11.746666666666666,25.9
d54f90a4aba145794a09808f912b5c02a413b054d26a3b375db806463d1854cb,30/01/2018,485.666667,0.3199999999999818,38.49333333333334,24.80666666666667,25.686666666666667,56.153333333333336,10.886666666666668,23.586666666666662
d54f90a4aba145794a09808f912b5c02a413b054d26a3b375db806463d1854cb,14/02/2018,315,2.139999999999994,38.02,22.84666666666667,25.75333333333333,58.34,10.62,23.780000000000005
d54f90a4aba145794a09808f912b5c02a413b054d26a3b375db806463d1854cb,1/03/2018,313.333333,0.053333333,38.44666666666667,23.89333333333333,31.366666666666667,70.05333333333333,9.893333333333334,22.25333333333333
d54f90a4aba145794a09808f912b5c02a413b054d26a3b375db806463d1854cb,16/03/2018,462,7.886666666666588,31.1,20.526666666666667,47.46000000000001,84.33333333333334,6.353333333333334,16.553333333333335
d54f90a4aba145794a09808f912b5c02a413b054d26a3b375db806463d1854cb,31/03/2018,887.666667,0.9933333333333092,33.70666666666667,19.92,39.05333333333333,86.55333333333333,7.52,20.093333333333337
d54f90a4aba145794a09808f912b5c02a413b054d26a3b375db806463d1854cb,15/04/2018,2029.666667,0.5799999999999879,32.68666666666667,18.686666666666667,35.53333333333333,80.75333333333334,6.4,18.64
d54f90a4aba145794a09808f912b5c02a413b054d26a3b375db806463d1854cb,30/04/2018,2333,0,31.19333333333333,14.560000000000002,27.566666666666663,74.28,6.260000000000001,18.73333333333333
d54f90a4aba145794a09808f912b5c02a413b054d26a3b375db806463d1854cb,15/05/2018,1807.333333,0,27.56666666666667,11.153333333333334,28.16666666666667,78.26,4.760000000000001,16.720000000000002
d54f90a4aba145794a09808f912b5c02a413b054d26a3b375db806463d1854cb,30/05/2018,1707.333333,0,25.73333333333333,9.466666666666669,27.80666666666667,77.70666666666668,4.426666666666667,15.473333333333333
d54f90a4aba145794a09808f912b5c02a413b054d26a3b375db806463d1854cb,14/06/2018,2006.333333,0.073333333,23.793333333333337,7.02,28.473333333333336,80.61333333333333,3.58,14.546666666666669
d54f90a4aba145794a09808f912b5c02a413b054d26a3b375db806463d1854cb,29/06/2018,2040.666667,0.046666667,22.5,6.273333333333334,31.380000000000003,85.34666666666666,3.3666666666666667,13.3
d54f90a4aba145794a09808f912b5c02a413b054d26a3b375db806463d1854cb,14/07/2018,1867.666667,0.006666667,23.480000000000004,6.666666666666667,30.966666666666665,86.03333333333333,3.5200000000000005,14.860000000000005
d54f90a4aba145794a09808f912b5c02a413b054d26a3b375db806463d1854cb,29/07/2018,1585.333333,0.1066666666665999,25.3,5.586666666666668,22.026666666666667,73.57333333333334,4.006666666666667,16.273333333333333
d54f90a4aba145794a09808f912b5c02a413b054d26a3b375db806463d1854cb,13/08/2018,1415.666667,0,24.88666666666667,6.066666666666666,20.886666666666667,68.88000000000001,4.66,18.293333333333337
d54f90a4aba145794a09808f912b5c02a413b054d26a3b375db806463d1854cb,28/08/2018,1435.666667,0.1266666666666424,25.56,4.739999999999999,17.78666666666667,63.98,5.006666666666667,20.826666666666664
d54f90a4aba145794a09808f912b5c02a413b054d26a3b375db806463d1854cb,12/09/2018,1467,0,28.466666666666672,10.626666666666669,21.040000000000003,61.60666666666667,6.3933333333333335,21.15333333333333
d54f90a4aba145794a09808f912b5c02a413b054d26a3b375db806463d1854cb,27/09/2018,1276,0,30.16,12.853333333333332,20.566666666666663,59.53333333333333,7.180000000000001,23.506666666666668
d54f90a4aba145794a09808f912b5c02a413b054d26a3b375db806463d1854cb,12/10/2018,795.333333,0,33.12,16.886666666666667,23.02,60.553333333333335,8.5,22.880000000000003
d54f90a4aba145794a09808f912b5c02a413b054d26a3b375db806463d1854cb,27/10/2018,740.666667,1.3599999999998849,36.11333333333334,20.3,28.06,69.63333333333334,9.313333333333334,23.87333333333333
d54f90a4aba145794a09808f912b5c02a413b054d26a3b375db806463d1854cb,11/11/2018,613.666667,0.046666667,36.66,21.586666666666662,23.086666666666662,54.726666666666674,10.493333333333334,25.473333333333336
d54f90a4aba145794a09808f912b5c02a413b054d26a3b375db806463d1854cb,26/11/2018,534.666667,2.1933333333332183,35.093333333333334,20.53333333333333,26.05333333333333,55.14666666666667,9.953333333333337,25.186666666666667
d54f90a4aba145794a09808f912b5c02a413b054d26a3b375db806463d1854cb,11/12/2018,458.666667,0,37.120000000000005,21.160000000000004,19.72,47.91333333333333,11.546666666666669,27.273333333333333
d54f90a4aba145794a09808f912b5c02a413b054d26a3b375db806463d1854cb,26/12/2018,426.333333,0.3666666666666363,38.24,23.526666666666667,23.360000000000003,52.29333333333334,11.746666666666666,24.44
d54f90a4aba145794a09808f912b5c02a413b054d26a3b375db806463d1854cb,10/01/2019,364,0.2266666666666424,38.38666666666666,24.94,25,53.62666666666667,11.433333333333335,25.813333333333336
d54f90a4aba145794a09808f912b5c02a413b054d26a3b375db806463d1854cb,25/01/2019,340.666667,0.08,39.70000000000001,25.006666666666668,24.813333333333336,56.91333333333333,11.686666666666667,26.613333333333337
d54f90a4aba145794a09808f912b5c02a413b054d26a3b375db806463d1854cb,9/02/2019,311.333333,1.3533333333332245,34.42666666666666,23.64,37.28,68.3,8.206666666666667,15.866666666666667
d54f90a4aba145794a09808f912b5c02a413b054d26a3b375db806463d1854cb,24/02/2019,729,0.7533333333332545,38.88666666666667,22.23333333333333,19.326666666666668,47.94666666666667,11.340000000000002,26.84
d54f90a4aba145794a09808f912b5c02a413b054d26a3b375db806463d1854cb,11/03/2019,835.666667,0.04,36.58666666666667,23.24666666666667,29.133333333333333,62.77333333333333,9.133333333333333,20.453333333333333
d54f90a4aba145794a09808f912b5c02a413b054d26a3b375db806463d1854cb,26/03/2019,860,1.6333333333332425,36.92666666666666,23.56,34.68,71.07333333333334,8.433333333333334,20.160000000000004
d54f90a4aba145794a09808f912b5c02a413b054d26a3b375db806463d1854cb,10/04/2019,723.333333,12.879999999999988,28.860000000000003,17.766666666666666,44.28,82.18,5.633333333333334,18.386666666666667
d54f90a4aba145794a09808f912b5c02a413b054d26a3b375db806463d1854cb,25/04/2019,1347.333333,0,28.53333333333333,16.506666666666668,42.07333333333334,84.88000000000001,5.260000000000001,16.64666666666667
d54f90a4aba145794a09808f912b5c02a413b054d26a3b375db806463d1854cb,10/05/2019,2390.666667,1.0399999999999332,25.346666666666668,13.126666666666669,44.766666666666666,90.48,4.206666666666667,15.36
d54f90a4aba145794a09808f912b5c02a413b054d26a3b375db806463d1854cb,25/05/2019,2354.666667,0,26.12,11.593333333333334,38.96000000000001,94.12666666666668,4.1466666666666665,14.58
d54f90a4aba145794a09808f912b5c02a413b054d26a3b375db806463d1854cb,9/06/2019,2311.666667,0.08,21.133333333333336,6.173333333333334,34.60666666666667,87.41333333333334,3.426666666666667,12.633333333333336
d54f90a4aba145794a09808f912b5c02a413b054d26a3b375db806463d1854cb,24/06/2019,2161.333333,0.006666667,22.826666666666664,6.540000000000001,32.20666666666667,86.93333333333334,3.3800000000000003,14.873333333333331
d54f90a4aba145794a09808f912b5c02a413b054d26a3b375db806463d1854cb,9/07/2019,1755.666667,0.1466666666665939,23.660000000000004,10.506666666666668,41.5,88.86,3.22,11.3
d54f90a4aba145794a09808f912b5c02a413b054d26a3b375db806463d1854cb,24/07/2019,1362,0,23.113333333333337,5.026666666666667,30.206666666666667,89.48,3.533333333333333,16.186666666666667
d54f90a4aba145794a09808f912b5c02a413b054d26a3b375db806463d1854cb,8/08/2019,1277.333333,0.013333333,25.5,8.213333333333335,24.62,72.44666666666667,4.266666666666667,14.713333333333336
d54f90a4aba145794a09808f912b5c02a413b054d26a3b375db806463d1854cb,23/08/2019,1023,0,24.04666666666667,5.840000000000001,22.73333333333333,73.29333333333334,4.6066666666666665,19.46
d54f90a4aba145794a09808f912b5c02a413b054d26a3b375db806463d1854cb,7/09/2019,878.333333,0,28.62,9.5,17.753333333333334,53.41333333333333,6.253333333333334,21.326666666666668
d54f90a4aba145794a09808f912b5c02a413b054d26a3b375db806463d1854cb,22/09/2019,824.333333,0,29.360000000000003,9.013333333333334,16.8,57.17333333333333,7.126666666666667,23.41333333333333
d54f90a4aba145794a09808f912b5c02a413b054d26a3b375db806463d1854cb,7/10/2019,787.333333,0,32.68,16.6,18.953333333333333,49.5,8.366666666666667,22.56666666666667
d54f90a4aba145794a09808f912b5c02a413b054d26a3b375db806463d1854cb,22/10/2019,835,0,34.580000000000005,15.98,12.78,37.39333333333333,9.9,25.22
d54f90a4aba145794a09808f912b5c02a413b054d26a3b375db806463d1854cb,6/11/2019,656.666667,7.666666666666606,31.473333333333336,18.87333333333333,31.64,63.41333333333333,8.32,21.8
d54f90a4aba145794a09808f912b5c02a413b054d26a3b375db806463d1854cb,21/11/2019,754,0,35.61333333333334,17.053333333333335,14.920000000000003,44.20666666666667,11.04,29.513333333333332
d54f90a4aba145794a09808f912b5c02a413b054d26a3b375db806463d1854cb,6/12/2019,760.666667,0.06,37.03333333333333,20.980000000000004,20.226666666666667,49.09333333333334,11.26,26.65333333333333
d54f90a4aba145794a09808f912b5c02a413b054d26a3b375db806463d1854cb,21/12/2019,652.666667,0,40.61333333333334,22.860000000000003,15.253333333333334,40.48666666666667,13.246666666666668,28.9
d54f90a4aba145794a09808f912b5c02a413b054d26a3b375db806463d1854cb,5/01/2020,515.666667,0,40.16,25.226666666666667,22.07333333333333,51.14,12.406666666666668,27.493333333333336
d54f90a4aba145794a09808f912b5c02a413b054d26a3b375db806463d1854cb,20/01/2020,459,2.2799999999998968,38.40666666666667,24.680000000000003,28.19333333333333,62.3,10.626666666666669,25.006666666666668
d54f90a4aba145794a09808f912b5c02a413b054d26a3b375db806463d1854cb,4/02/2020,739,4.253333333333255,34.56666666666667,24.06,44.84000000000001,78.99333333333334,8.166666666666666,19.186666666666667
d54f90a4aba145794a09808f912b5c02a413b054d26a3b375db806463d1854cb,19/02/2020,1134.333333,3.446666666666594,37.46666666666667,23.266666666666666,35.32666666666667,78.84,9.306666666666668,24.65333333333334
d54f90a4aba145794a09808f912b5c02a413b054d26a3b375db806463d1854cb,5/03/2020,1290.666667,9.246666666666563,33.78,23.14666666666667,46.766666666666666,84.92,7.326666666666667,19.5
d54f90a4aba145794a09808f912b5c02a413b054d26a3b375db806463d1854cb,20/03/2020,4003,1.966666666666606,31.4,18.1,39.24666666666667,85.43333333333335,7.326666666666667,22.23333333333333
d54f90a4aba145794a09808f912b5c02a413b054d26a3b375db806463d1854cb,4/04/2020,4694.333333,0.1666666666666363,33.93333333333334,20.226666666666667,35.63333333333333,79.56,7.373333333333334,19.84
d54f90a4aba145794a09808f912b5c02a413b054d26a3b375db806463d1854cb,19/04/2020,4945.333333,0,31.913333333333338,16.44,28.19333333333333,70.61333333333333,6.473333333333334,19.83333333333333
d54f90a4aba145794a09808f912b5c02a413b054d26a3b375db806463d1854cb,4/05/2020,3803.333333,0,29.506666666666668,13.746666666666666,28.78666666666667,72.56,5.7733333333333325,18.326666666666664
d54f90a4aba145794a09808f912b5c02a413b054d26a3b375db806463d1854cb,19/05/2020,2472.333333,0,27.16,12.300000000000002,28.706666666666667,71.16666666666667,4.633333333333334,15.92
d54f90a4aba145794a09808f912b5c02a413b054d26a3b375db806463d1854cb,3/06/2020,2659.333333,0.9933333333333092,21.433333333333337,8.6,41.32000000000001,86.48666666666666,3.4600000000000004,13.12
d54f90a4aba145794a09808f912b5c02a413b054d26a3b375db806463d1854cb,18/06/2020,1882,0.053333333,25.39333333333333,9.953333333333337,32.78,84.98666666666668,3.6,14.4
d54f90a4aba145794a09808f912b5c02a413b054d26a3b375db806463d1854cb,3/07/2020,2590,0.006666667,23.753333333333337,7.106666666666667,32.653333333333336,92.21333333333334,3.4266666666666667,14.18
d54f90a4aba145794a09808f912b5c02a413b054d26a3b375db806463d1854cb,18/07/2020,2953,0.013333333,22.21333333333333,5.193333333333333,30.986666666666668,91.08,3.433333333333333,15.033333333333331
d54f90a4aba145794a09808f912b5c02a413b054d26a3b375db806463d1854cb,2/08/2020,2994,0,23.73333333333333,6.033333333333333,28.600000000000005,86.94,3.726666666666667,15.88
d54f90a4aba145794a09808f912b5c02a413b054d26a3b375db806463d1854cb,17/08/2020,2293,1.3866666666666485,25.02,8.860000000000001,34.12,88.92666666666668,4.406666666666667,17.053333333333335
d54f90a4aba145794a09808f912b5c02a413b054d26a3b375db806463d1854cb,1/09/2020,2712.333333,0,26.01333333333333,7.406666666666666,19.773333333333333,63.766666666666666,5.206666666666667,20.90666666666667
d54f90a4aba145794a09808f912b5c02a413b054d26a3b375db806463d1854cb,16/09/2020,2629.333333,0,30.26666666666667,15.000000000000002,28.60666666666667,72.61333333333333,6.666666666666667,21.093333333333337
d54f90a4aba145794a09808f912b5c02a413b054d26a3b375db806463d1854cb,1/10/2020,2315.666667,3.2,29.133333333333333,15.326666666666666,29.69333333333333,65.48,6.620000000000001,20.34
d54f90a4aba145794a09808f912b5c02a413b054d26a3b375db806463d1854cb,16/10/2020,2562.666667,0.5399999999999636,31.966666666666672,17.259999999999998,26.74666666666667,63.98666666666667,8.28,24.14666666666667
d54f90a4aba145794a09808f912b5c02a413b054d26a3b375db806463d1854cb,31/10/2020,2218.333333,0.5133333333332909,33.03333333333333,15.493333333333334,22.24666666666667,60.473333333333336,8.82,24.76
d54f90a4aba145794a09808f912b5c02a413b054d26a3b375db806463d1854cb,15/11/2020,1951.333333,0.4466666666666545,35.7,18.540000000000003,21.906666666666663,55.35333333333334,10.473333333333334,27.566666666666663
d54f90a4aba145794a09808f912b5c02a413b054d26a3b375db806463d1854cb,30/11/2020,1326,0,39.373333333333335,24.3,20.540000000000003,47.81333333333334,11.893333333333334,28.733333333333334
d54f90a4aba145794a09808f912b5c02a413b054d26a3b375db806463d1854cb,15/12/2020,1240.666667,0.6933333333332484,37.99333333333334,23.613333333333337,22.75333333333333,50.65333333333333,11.553333333333336,26.1
d54f90a4aba145794a09808f912b5c02a413b054d26a3b375db806463d1854cb,30/12/2020,1193,3.4933333333332786,34.88,23.44,41.04,75.42000000000002,9.166666666666666,19.7
d54f90a4aba145794a09808f912b5c02a413b054d26a3b375db806463d1854cb,14/01/2021,1283,3.1066666666665395,33.053333333333335,21.613333333333333,45.88666666666667,88.61999999999999,8.066666666666666,21.08
d54f90a4aba145794a09808f912b5c02a413b054d26a3b375db806463d1854cb,29/01/2021,1282,0.5199999999999515,37.42666666666667,23.24,27.380000000000003,61.42,10.593333333333335,25.600000000000005
d54f90a4aba145794a09808f912b5c02a413b054d26a3b375db806463d1854cb,13/02/2021,1180.333333,1.206666667,37.14666666666667,24.006666666666668,34.53333333333333,72.76666666666667,9.18,21.846666666666668
d54f90a4aba145794a09808f912b5c02a413b054d26a3b375db806463d1854cb,28/02/2021,1060,2.0066666666665696,36.333333333333336,22.266666666666666,33.74666666666667,74.66000000000001,9.06,21.826666666666668
d54f90a4aba145794a09808f912b5c02a413b054d26a3b375db806463d1854cb,15/03/2021,972.333333,1.0533333333332544,35.32000000000001,21.453333333333337,33.43333333333333,70.91333333333334,8.16,22.146666666666665
d54f90a4aba145794a09808f912b5c02a413b054d26a3b375db806463d1854cb,30/03/2021,1527.666667,2.959999999999915,31.673333333333336,19.806666666666665,42.193333333333335,82.74666666666668,6.74,18.08
d54f90a4aba145794a09808f912b5c02a413b054d26a3b375db806463d1854cb,14/04/2021,1490,3.2599999999999456,30.366666666666667,16.46,36.42,81.83333333333333,5.966666666666667,19.146666666666665
d54f90a4aba145794a09808f912b5c02a413b054d26a3b375db806463d1854cb,29/04/2021,1508.333333,0.006666667,29.24666666666667,13.6,27.96,72.8,5.886666666666668,17.69333333333333
d54f90a4aba145794a09808f912b5c02a413b054d26a3b375db806463d1854cb,14/05/2021,1176.333333,0.2,28.093333333333337,12.06,31.60666666666667,84.61333333333333,4.806666666666668,17.113333333333333
d54f90a4aba145794a09808f912b5c02a413b054d26a3b375db806463d1854cb,29/05/2021,1138.666667,0,25.040000000000003,9.14,27.660000000000004,74.71333333333334,4.400000000000001,15.78
d54f90a4aba145794a09808f912b5c02a413b054d26a3b375db806463d1854cb,13/06/2021,1741.333333,0.133333333,23.226666666666667,6.6000000000000005,32,86.71333333333334,3.533333333333333,13.706666666666669
d54f90a4aba145794a09808f912b5c02a413b054d26a3b375db806463d1854cb,28/06/2021,1917.333333,1.126666666666612,21.953333333333333,7.526666666666667,38.766666666666666,89.08,3.193333333333334,11.686666666666667
d54f90a4aba145794a09808f912b5c02a413b054d26a3b375db806463d1854cb,13/07/2021,2039.333333,1.4133333333332605,21.473333333333336,7.2,40.766666666666666,94.76,3.106666666666667,14.046666666666663
d54f90a4aba145794a09808f912b5c02a413b054d26a3b375db806463d1854cb,28/07/2021,1556.333333,0,23.75333333333333,5.753333333333333,29.453333333333333,88.33333333333334,3.62,15.613333333333337
d54f90a4aba145794a09808f912b5c02a413b054d26a3b375db806463d1854cb,12/08/2021,1690.666667,0.046666667,26.03333333333334,9.433333333333334,29.86666666666667,83.58666666666666,4.446666666666667,17.006666666666668
d54f90a4aba145794a09808f912b5c02a413b054d26a3b375db806463d1854cb,27/08/2021,1902.666667,0.6866666666666484,26.133333333333333,9.766666666666667,26.146666666666665,72.96000000000001,4.813333333333334,19.1
d54f90a4aba145794a09808f912b5c02a413b054d26a3b375db806463d1854cb,11/09/2021,1483.333333,0,28.34,11.36,26.64,71.70666666666668,6.02,19.780000000000005
d54f90a4aba145794a09808f912b5c02a413b054d26a3b375db806463d1854cb,26/09/2021,1807,0.033333333,30.120000000000005,12.46,18.866666666666667,55.91333333333333,7.286666666666667,23.3
d54f90a4aba145794a09808f912b5c02a413b054d26a3b375db806463d1854cb,11/10/2021,1296.666667,0.566666667,32.40666666666667,16.293333333333333,27.05333333333333,63.85333333333334,8.040000000000001,21.86666666666667
d54f90a4aba145794a09808f912b5c02a413b054d26a3b375db806463d1854cb,26/10/2021,1045.666667,0.2999999999999697,34.74,15.673333333333336,19.60666666666667,58.54,9.353333333333332,24.266666666666666
d54f90a4aba145794a09808f912b5c02a413b054d26a3b375db806463d1854cb,10/11/2021,874,4.886666666666527,33.873333333333335,21.486666666666668,37.260000000000005,75.74000000000001,8.386666666666667,21.686666666666667
d54f90a4aba145794a09808f912b5c02a413b054d26a3b375db806463d1854cb,25/11/2021,817,5.793333333333249,30.113333333333333,17.553333333333335,36.88666666666667,74.62666666666668,8.1,24.10666666666667
d54f90a4aba145794a09808f912b5c02a413b054d26a3b375db806463d1854cb,10/12/2021,2209.666667,5.519999999999952,32.74666666666667,19.71333333333333,40.49333333333334,84.24666666666667,8.866666666666667,24.113333333333337
d54f90a4aba145794a09808f912b5c02a413b054d26a3b375db806463d1854cb,25/12/2021,1973.666667,0.7266666666666121,36.88666666666666,21.093333333333337,29.78666666666667,73.94,10.78,27.6
d54f90a4aba145794a09808f912b5c02a413b054d26a3b375db806463d1854cb,9/01/2022,2129.666667,1.5733333333332666,38.653333333333336,21.966666666666665,27.35333333333333,69.36,11.246666666666668,26.526666666666667
d54f90a4aba145794a09808f912b5c02a413b054d26a3b375db806463d1854cb,24/01/2022,1215.666667,2.0933333333332182,38.07333333333334,24.7,32.24666666666667,67.32666666666667,10.173333333333334,21.660000000000004
d54f90a4aba145794a09808f912b5c02a413b054d26a3b375db806463d1854cb,8/02/2022,1289.333333,5.593333333333218,33.14,21.38,43.8,84.26,7.64,20.16666666666667
d54f90a4aba145794a09808f912b5c02a413b054d26a3b375db806463d1854cb,23/02/2022,1279.666667,1.0133333333332908,36.806666666666665,21.613333333333337,31.18,74.94000000000001,9.36,25.75333333333333
d54f90a4aba145794a09808f912b5c02a413b054d26a3b375db806463d1854cb,10/03/2022,1176,0,37.74666666666667,20.946666666666665,25.633333333333333,67.00000000000001,9.646666666666668,23.30666666666667
d54f90a4aba145794a09808f912b5c02a413b054d26a3b375db806463d1854cb,25/03/2022,1129.666667,0.933333333,35.693333333333335,20.633333333333336,30.56,72.88666666666668,8.360000000000001,22.84
d54f90a4aba145794a09808f912b5c02a413b054d26a3b375db806463d1854cb,9/04/2022,837,2.239999999999903,32.6,18.42,37.48666666666667,85.06,6.48,19.92
d54f90a4aba145794a09808f912b5c02a413b054d26a3b375db806463d1854cb,24/04/2022,1106.333333,0.1733333333333272,31.65333333333333,17.560000000000002,34.053333333333335,77.3,6.08,17.88
d54f90a4aba145794a09808f912b5c02a413b054d26a3b375db806463d1854cb,9/05/2022,1481.333333,9.139999999999931,26.04666666666667,16.633333333333336,51.56000000000001,89.52666666666667,3.966666666666667,11.88
d54f90a4aba145794a09808f912b5c02a413b054d26a3b375db806463d1854cb,24/05/2022,3196.666667,4.9466666666665935,24.71333333333333,15.273333333333332,56.82666666666668,96.38,3.4266666666666667,11.613333333333337
d54f90a4aba145794a09808f912b5c02a413b054d26a3b375db806463d1854cb,8/06/2022,3411,0.2533333333332848,22.24666666666667,9.853333333333332,46.32666666666667,93.58666666666666,3.22,11.626666666666669
d54f90a4aba145794a09808f912b5c02a413b054d26a3b375db806463d1854cb,23/06/2022,3339.333333,0,21.813333333333333,5.006666666666666,36.54666666666667,97.08,3.226666666666667,14.32666666666667
d54f90a4aba145794a09808f912b5c02a413b054d26a3b375db806463d1854cb,8/07/2022,3485.666667,1.7599999999999454,19.36666666666667,7.066666666666667,51.29333333333334,98.26,2.7,11.353333333333332
d54f90a4aba145794a09808f912b5c02a413b054d26a3b375db806463d1854cb,23/07/2022,3174,1.2733333333333272,20.646666666666665,3.9533333333333336,39.03333333333333,99.43333333333334,3.12,15.693333333333332
d54f90a4aba145794a09808f912b5c02a413b054d26a3b375db806463d1854cb,7/08/2022,2799,0.2933333333333091,23.813333333333336,9.36,41.64,97.1,3.58,15.206666666666669
d54f90a4aba145794a09808f912b5c02a413b054d26a3b375db806463d1854cb,22/08/2022,3001.333333,0.02,23.33333333333333,5.566666666666666,30.793333333333337,92.42666666666668,4.26,17.813333333333333
d54f90a4aba145794a09808f912b5c02a413b054d26a3b375db806463d1854cb,6/09/2022,3063,4.186666666666588,23.30666666666667,10.306666666666668,42.35333333333334,88.85333333333332,4.213333333333334,17.453333333333333
d54f90a4aba145794a09808f912b5c02a413b054d26a3b375db806463d1854cb,21/09/2022,2953,3.4733333333332665,26.53333333333333,12.213333333333331,37.080000000000005,86.10000000000001,5.58,19.133333333333333
d54f90a4aba145794a09808f912b5c02a413b054d26a3b375db806463d1854cb,6/10/2022,2334.666667,0.933333333,28.14666666666667,13.406666666666668,36.59333333333334,87.78,6.260000000000001,20.566666666666663
d54f90a4aba145794a09808f912b5c02a413b054d26a3b375db806463d1854cb,21/10/2022,1971,3.899999999999909,29.18,16.68,44.88,91.48666666666666,6.486666666666667,19.433333333333337
d54f90a4aba145794a09808f912b5c02a413b054d26a3b375db806463d1854cb,5/11/2022,1417.333333,0.6399999999999636,31.480000000000004,15.506666666666666,27.65333333333333,70.84666666666666,8.533333333333333,24.92666666666667
d54f90a4aba145794a09808f912b5c02a413b054d26a3b375db806463d1854cb,20/11/2022,1424.666667,0.3133333333333212,32.9,17.893333333333334,29.53333333333334,71.03333333333333,8.853333333333333,22.87333333333333
d54f90a4aba145794a09808f912b5c02a413b054d26a3b375db806463d1854cb,5/12/2022,1078.666667,0.6266666666665212,33.25333333333334,18.65333333333333,27.186666666666667,63.90666666666667,9.080000000000002,22.64666666666667
d54f90a4aba145794a09808f912b5c02a413b054d26a3b375db806463d1854cb,20/12/2022,1322.333333,1.5199999999999212,35.79333333333333,20.346666666666668,25.80666666666667,60.80666666666668,10.666666666666666,26.466666666666665
d54f90a4aba145794a09808f912b5c02a413b054d26a3b375db806463d1854cb,4/01/2023,1277,1.8933333333332485,34.59333333333334,21.74,36.21333333333334,73.40000000000002,9.506666666666668,21.166666666666668
d54f90a4aba145794a09808f912b5c02a413b054d26a3b375db806463d1854cb,19/01/2023,1318.666667,6.599999999999879,31.753333333333337,21.026666666666667,50.18,88.49333333333333,7.246666666666668,19.89333333333333
d54f90a4aba145794a09808f912b5c02a413b054d26a3b375db806463d1854cb,3/02/2023,1545.333333,0.9666666666665454,34.9,22.966666666666665,42.77333333333333,85.15333333333335,8.593333333333334,26.733333333333334
d54f90a4aba145794a09808f912b5c02a413b054d26a3b375db806463d1854cb,18/02/2023,2332.333333,2.6066666666666305,34.74666666666667,20.58,35.11333333333334,75.02666666666667,8.54,23.366666666666667
d54f90a4aba145794a09808f912b5c02a413b054d26a3b375db806463d1854cb,5/03/2023,3251.666667,0.2399999999999636,36.06,21.413333333333338,31.6,74.00666666666666,8.806666666666667,23.466666666666665
d54f90a4aba145794a09808f912b5c02a413b054d26a3b375db806463d1854cb,20/03/2023,3174.666667,5.999999999999909,32.75333333333334,20.466666666666672,49.2,93.23333333333336,6.533333333333333,19.026666666666667
d54f90a4aba145794a09808f912b5c02a413b054d26a3b375db806463d1854cb,4/04/2023,3037.666667,0.006666667,33.27333333333333,18.9,34.85333333333334,81.14,7.186666666666667,20.953333333333333
d54f90a4aba145794a09808f912b5c02a413b054d26a3b375db806463d1854cb,19/04/2023,3026,0.093333333,32.473333333333336,14.126666666666669,27.90666666666667,79.48666666666668,6.446666666666667,18.133333333333336
d54f90a4aba145794a09808f912b5c02a413b054d26a3b375db806463d1854cb,4/05/2023,2048.333333,0.193333333,29.026666666666664,13.053333333333336,33.63333333333333,86.7,5.286666666666666,16.6
d54f90a4aba145794a09808f912b5c02a413b054d26a3b375db806463d1854cb,19/05/2023,2580.666667,0,25.94666666666667,8.566666666666666,28.68,84.01333333333334,4.513333333333334,16.34
d54f90a4aba145794a09808f912b5c02a413b054d26a3b375db806463d1854cb,3/06/2023,2846.666667,0,24.83333333333333,4.906666666666667,23.966666666666672,84.72,4.306666666666668,15.606666666666667
d54f90a4aba145794a09808f912b5c02a413b054d26a3b375db806463d1854cb,18/06/2023,2994.333333,0.2066666666666606,26.23333333333333,10.32,33.38,88.26,3.646666666666667,14.453333333333337
d54f90a4aba145794a09808f912b5c02a413b054d26a3b375db806463d1854cb,3/07/2023,2950,0.393333333,24.52,10.646666666666668,33.559999999999995,71.65333333333334,3.64,12.88
d54f90a4aba145794a09808f912b5c02a413b054d26a3b375db806463d1854cb,18/07/2023,2684.666667,2.4066666666666303,22.99333333333333,7.753333333333334,40.28,95.49333333333334,3.246666666666667,14.493333333333334
d54f90a4aba145794a09808f912b5c02a413b054d26a3b375db806463d1854cb,2/08/2023,2784.333333,0.133333333,24.980000000000004,9.086666666666668,32.54,86.54666666666667,3.786666666666667,16.220000000000002
d54f90a4aba145794a09808f912b5c02a413b054d26a3b375db806463d1854cb,17/08/2023,2449.666667,0,27.773333333333333,8.733333333333333,25.90666666666667,83.49333333333334,5,18.166666666666668
d54f90a4aba145794a09808f912b5c02a413b054d26a3b375db806463d1854cb,1/09/2023,2104.333333,0,28.226666666666667,9.14,23.28666666666667,75.22000000000001,5.320000000000001,19.38
d54f90a4aba145794a09808f912b5c02a413b054d26a3b375db806463d1854cb,16/09/2023,2069.333333,0,30.25333333333333,11.353333333333332,19.160000000000004,63.373333333333335,7.140000000000001,21.39333333333333
d54f90a4aba145794a09808f912b5c02a413b054d26a3b375db806463d1854cb,1/10/2023,2339.666667,0,32.526666666666664,14.7,23.706666666666667,70.11333333333333,7.633333333333334,23.19333333333333
d54f90a4aba145794a09808f912b5c02a413b054d26a3b375db806463d1854cb,16/10/2023,2647.666667,0.006666667,32.806666666666665,15.773333333333335,21.68,58.433333333333344,8.713333333333335,24.87333333333333
d54f90a4aba145794a09808f912b5c02a413b054d26a3b375db806463d1854cb,31/10/2023,2473.333333,0.033333333,35.14666666666667,17.253333333333334,18.14,51.92,9.82,26.980000000000004
d54f90a4aba145794a09808f912b5c02a413b054d26a3b375db806463d1854cb,15/11/2023,1718.333333,1.3599999999999757,36.45333333333334,20.62666666666667,26.26,63.620000000000005,10.393333333333334,28.14
d54f90a4aba145794a09808f912b5c02a413b054d26a3b375db806463d1854cb,30/11/2023,1156,4.539999999999903,32.66,21.22666666666667,41.68666666666668,77.79333333333334,7.866666666666668,20.82
d54f90a4aba145794a09808f912b5c02a413b054d26a3b375db806463d1854cb,15/12/2023,1472,0.1999999999999696,37.266666666666666,21.75333333333333,30.100000000000005,73.74000000000001,10.9,29.49333333333333
d54f90a4aba145794a09808f912b5c02a413b054d26a3b375db806463d1854cb,30/12/2023,1355.666667,1.6933333333332483,38.053333333333335,21.113333333333333,29.19333333333333,72.68666666666668,11.013333333333334,27.833333333333336
d54f90a4aba145794a09808f912b5c02a413b054d26a3b375db806463d1854cb,14/01/2024,1389,4.479999999999866,37.120000000000005,23.253333333333337,37.75333333333334,82.15333333333335,9.46,26.040000000000003
d54f90a4aba145794a09808f912b5c02a413b054d26a3b375db806463d1854cb,29/01/2024,1625.333333,2.546666666666594,38.03333333333333,25.85333333333334,39.44666666666667,77.50666666666667,9.580000000000002,25.473333333333336
d54f90a4aba145794a09808f912b5c02a413b054d26a3b375db806463d1854cb,13/02/2024,1878,4.526666666666612,37.12,23.926666666666662,38.72666666666667,81.44666666666667,8.92,24.5
d54f90a4aba145794a09808f912b5c02a413b054d26a3b375db806463d1854cb,28/02/2024,2340.333333,2.6266666666665817,33.8,22.333333333333336,47.57333333333334,91.83333333333331,7.280000000000001,22.54666666666667
d54f90a4aba145794a09808f912b5c02a413b054d26a3b375db806463d1854cb,14/03/2024,3075.666667,0,35.95333333333334,21.040000000000003,33.36666666666667,79.01333333333334,8.5,24.633333333333333
d54f90a4aba145794a09808f912b5c02a413b054d26a3b375db806463d1854cb,29/03/2024,2844.333333,4.339999999999933,33.39333333333334,22.58666666666667,46.06,82.18666666666668,6.713333333333334,17.486666666666668
d54f90a4aba145794a09808f912b5c02a413b054d26a3b375db806463d1854cb,13/04/2024,3163,3.8066666666666302,29.233333333333334,16.346666666666668,43.84,91.20666666666666,5.52,19.35333333333333
d54f90a4aba145794a09808f912b5c02a413b054d26a3b375db806463d1854cb,28/04/2024,3084.666667,0.006666667,29.246666666666663,14.333333333333336,35.9,88.07333333333334,5.620000000000001,19.166666666666668
d54f90a4aba145794a09808f912b5c02a413b054d26a3b375db806463d1854cb,13/05/2024,3151.333333,0.3999999999999696,28.613333333333337,14.273333333333332,40.16666666666666,94.75333333333332,4.5600000000000005,16.686666666666667
d54f90a4aba145794a09808f912b5c02a413b054d26a3b375db806463d1854cb,28/05/2024,3347.666667,0,26.293333333333337,9.426666667,32.480000000000004,92.80666666666669,4.326666666666667,15.553333333333336
d54f90a4aba145794a09808f912b5c02a413b054d26a3b375db806463d1854cb,12/06/2024,3073,0.5599999999999757,23.166666666666668,6.640000000000001,39.22666666666667,97.49333333333334,3.3466666666666667,14.093333333333334
d54f90a4aba145794a09808f912b5c02a413b054d26a3b375db806463d1854cb,27/06/2024,3226.666667,0.026666667,23.8,5.5600000000000005,30.5,90.96,3.48,13.766666666666667
d54f90a4aba145794a09808f912b5c02a413b054d26a3b375db806463d1854cb,12/07/2024,2880,0.466666667,24.46,10.166666666666668,44.93333333333333,97.99333333333334,3.1733333333333333,13.433333333333334
d54f90a4aba145794a09808f912b5c02a413b054d26a3b375db806463d1854cb,27/07/2024,2694,0.046666667,22.006666666666668,4.306666666666668,31.94666666666667,93.87333333333336,3.3800000000000003,15.22
d54f90a4aba145794a09808f912b5c02a413b054d26a3b375db806463d1854cb,11/08/2024,2720,0.5133333333332909,24.293333333333337,6.753333333333333,31.28,86.30666666666666,4.0600000000000005,16.400000000000002
d54f90a4aba145794a09808f912b5c02a413b054d26a3b375db806463d1854cb,26/08/2024,2653.333333,1.1999999999999698,29.69333333333333,11.186666666666667,31.85333333333333,90.51333333333334,5.113333333333333,18.83333333333333
d54f90a4aba145794a09808f912b5c02a413b054d26a3b375db806463d1854cb,10/09/2024,2655.333333,0,32.766666666666666,13.433333333333334,24.01333333333333,77.10666666666667,6.953333333333334,21.07333333333333
d54f90a4aba145794a09808f912b5c02a413b054d26a3b375db806463d1854cb,25/09/2024,2482.333333,0,30.280000000000005,12.433333333333335,19.273333333333333,55.81333333333334,7.266666666666667,22.613333333333337
d54f90a4aba145794a09808f912b5c02a413b054d26a3b375db806463d1854cb,10/10/2024,2269.333333,1.733333333333303,32.81333333333334,15.54,25.49333333333333,69.8,8.106666666666667,23.486666666666668
d54f90a4aba145794a09808f912b5c02a413b054d26a3b375db806463d1854cb,25/10/2024,1923.666667,0,35.626666666666665,19.773333333333333,25.226666666666667,63.69333333333334,9.346666666666668,25.480000000000004
d54f90a4aba145794a09808f912b5c02a413b054d26a3b375db806463d1854cb,9/11/2024,1930.333333,1.0933333333332789,38.06000000000001,20.78666666666667,20.57333333333333,54.81333333333334,10.953333333333337,27.4
d54f90a4aba145794a09808f912b5c02a413b054d26a3b375db806463d1854cb,24/11/2024,1884.333333,3.9666666666665455,34.919999999999995,22.03333333333333,36.91333333333333,76.08,8.866666666666667,23.53333333333333
d54f90a4aba145794a09808f912b5c02a413b054d26a3b375db806463d1854cb,9/12/2024,2203,2.9933333333332786,34.720000000000006,23.1,42.126666666666665,80.20666666666666,9.073333333333334,25.380000000000003
d54f90a4aba145794a09808f912b5c02a413b054d26a3b375db806463d1854cb,24/12/2024,2062,0.4866666666666182,37.053333333333335,22.466666666666665,33.10666666666666,74.72666666666667,10.433333333333335,27.07333333333333
ab55bcd82ea3bedbf39af4eaf9b2c6387ce1d5345fa552d25a7357c10cb689ba,5/01/2017,1984,1.499999999999909,35.660000000000004,24.8,40.8,75.4,8.66,20.06
ab55bcd82ea3bedbf39af4eaf9b2c6387ce1d5345fa552d25a7357c10cb689ba,20/01/2017,1984,3.3599999999999453,36.48666666666667,24.06,38.226666666666674,76.43333333333334,9.42,23.540000000000003
ab55bcd82ea3bedbf39af4eaf9b2c6387ce1d5345fa552d25a7357c10cb689ba,4/02/2017,1671,0.7199999999999818,38.18,24.80666666666667,35.306666666666665,74.64000000000001,10.193333333333332,24.73333333333333
ab55bcd82ea3bedbf39af4eaf9b2c6387ce1d5345fa552d25a7357c10cb689ba,19/02/2017,1071.666667,0.1066666666666302,39.61333333333334,24.506666666666668,27.166666666666668,62.82666666666668,10.88,25.206666666666667
ab55bcd82ea3bedbf39af4eaf9b2c6387ce1d5345fa552d25a7357c10cb689ba,6/03/2017,1056.666667,0.8399999999999029,36.10666666666667,20.866666666666667,30.54666666666667,73.95333333333333,8.82,21.44666666666667
ab55bcd82ea3bedbf39af4eaf9b2c6387ce1d5345fa552d25a7357c10cb689ba,21/03/2017,994,0.4466666666666242,36.620000000000005,20.42666666666667,29.026666666666667,71.46666666666667,8.640000000000002,20.92
ab55bcd82ea3bedbf39af4eaf9b2c6387ce1d5345fa552d25a7357c10cb689ba,5/04/2017,1021,0.02,34.2,18.8,31.94,77.44,7.4333333333333345,19.53333333333333
ab55bcd82ea3bedbf39af4eaf9b2c6387ce1d5345fa552d25a7357c10cb689ba,20/04/2017,1017,0,31.526666666666667,14.04,26.44666666666667,75.82000000000001,6.526666666666667,20.22666666666667
ab55bcd82ea3bedbf39af4eaf9b2c6387ce1d5345fa552d25a7357c10cb689ba,5/05/2017,1015.333333,0.046666667,29.006666666666668,14.226666666666668,31.726666666666667,78.1,5.4,16.246666666666666
ab55bcd82ea3bedbf39af4eaf9b2c6387ce1d5345fa552d25a7357c10cb689ba,20/05/2017,1016,0.2933333333333091,27.34,11.633333333333333,34.326666666666675,85.95333333333335,4.44,14.486666666666668
ab55bcd82ea3bedbf39af4eaf9b2c6387ce1d5345fa552d25a7357c10cb689ba,4/06/2017,1061,0,26.586666666666662,9.080000000000002,27.68,81.5,4.373333333333334,15.506666666666668
ab55bcd82ea3bedbf39af4eaf9b2c6387ce1d5345fa552d25a7357c10cb689ba,19/06/2017,1048.333333,0,23.72,5.86,30.266666666666666,91.70666666666668,3.4866666666666664,14.98
ab55bcd82ea3bedbf39af4eaf9b2c6387ce1d5345fa552d25a7357c10cb689ba,4/07/2017,1052,0.2466666666666545,25.180000000000003,8.6,32.980000000000004,89.18666666666667,3.5400000000000005,13.333333333333334
ab55bcd82ea3bedbf39af4eaf9b2c6387ce1d5345fa552d25a7357c10cb689ba,19/07/2017,1098,0.926666667,24.72,10.086666666666668,37.7,89.08666666666666,3.426666666666667,13.24
ab55bcd82ea3bedbf39af4eaf9b2c6387ce1d5345fa552d25a7357c10cb689ba,3/08/2017,1020,0,26.473333333333336,6.86,22.166666666666668,75.27333333333334,4.3,17.233333333333334
ab55bcd82ea3bedbf39af4eaf9b2c6387ce1d5345fa552d25a7357c10cb689ba,18/08/2017,957,0,28.03333333333333,6.346666666666667,17.686666666666667,68.82000000000001,5.373333333333334,19.32
ab55bcd82ea3bedbf39af4eaf9b2c6387ce1d5345fa552d25a7357c10cb689ba,2/09/2017,927.333333,0,25.96,6.220000000000001,15.326666666666666,53.79333333333334,5.406666666666667,21.026666666666667
ab55bcd82ea3bedbf39af4eaf9b2c6387ce1d5345fa552d25a7357c10cb689ba,17/09/2017,885.333333,0,28.24,8.506666666666668,16.153333333333332,56.23333333333333,6.8133333333333335,22.65333333333333
ab55bcd82ea3bedbf39af4eaf9b2c6387ce1d5345fa552d25a7357c10cb689ba,2/10/2017,912,0.08,34.78,15.833333333333336,18.4,54.18,8.933333333333334,21.833333333333336
ab55bcd82ea3bedbf39af4eaf9b2c6387ce1d5345fa552d25a7357c10cb689ba,17/10/2017,856,1.713333333333291,34.14666666666667,19.94666666666667,34.00000000000001,76.58,7.993333333333334,20.766666666666666
ab55bcd82ea3bedbf39af4eaf9b2c6387ce1d5345fa552d25a7357c10cb689ba,1/11/2017,846.333333,1.5066666666665394,32.36,17.033333333333335,30.366666666666667,72.78,8.086666666666668,22.96
ab55bcd82ea3bedbf39af4eaf9b2c6387ce1d5345fa552d25a7357c10cb689ba,16/11/2017,860.666667,0.2466666666665939,33.57333333333334,18.486666666666668,26.35333333333333,62.94666666666667,9.44,24.313333333333333
ab55bcd82ea3bedbf39af4eaf9b2c6387ce1d5345fa552d25a7357c10cb689ba,1/12/2017,860.666667,0.4133333333332302,34.4,20.71333333333333,31.700000000000003,70.55333333333333,9.173333333333336,23.000000000000004
ab55bcd82ea3bedbf39af4eaf9b2c6387ce1d5345fa552d25a7357c10cb689ba,16/12/2017,803.333333,0.6799999999999575,36.42666666666667,20.55333333333333,22.793333333333333,55.59333333333333,11.246666666666668,27.346666666666668
ab55bcd82ea3bedbf39af4eaf9b2c6387ce1d5345fa552d25a7357c10cb689ba,31/12/2017,814,0.5333333333332727,40.14666666666667,25.44,23.986666666666668,55.080000000000005,12.066666666666666,26.3
ab55bcd82ea3bedbf39af4eaf9b2c6387ce1d5345fa552d25a7357c10cb689ba,15/01/2018,799.666667,0.046666667,39.59333333333334,25.066666666666663,22.773333333333333,51.52,11.913333333333334,26.10666666666667
ab55bcd82ea3bedbf39af4eaf9b2c6387ce1d5345fa552d25a7357c10cb689ba,30/01/2018,751,0.1799999999999878,38.58666666666667,24.76,25.26,55.56666666666667,11.126666666666669,23.88
ab55bcd82ea3bedbf39af4eaf9b2c6387ce1d5345fa552d25a7357c10cb689ba,14/02/2018,711,1.3066666666666606,37.9,22.60666666666667,25.913333333333338,59.12,10.673333333333336,23.64666666666667
ab55bcd82ea3bedbf39af4eaf9b2c6387ce1d5345fa552d25a7357c10cb689ba,1/03/2018,720.333333,0.233333333,38.440000000000005,23.69333333333333,30.87333333333333,69.94000000000001,10.006666666666666,22.313333333333333
ab55bcd82ea3bedbf39af4eaf9b2c6387ce1d5345fa552d25a7357c10cb689ba,16/03/2018,725,6.619999999999921,31.08,20.30666666666667,47.56666666666667,85.47333333333333,6.280000000000001,16.666666666666668
ab55bcd82ea3bedbf39af4eaf9b2c6387ce1d5345fa552d25a7357c10cb689ba,31/03/2018,1066,2.026666666666612,33.873333333333335,19.926666666666662,38.120000000000005,85.30666666666666,7.553333333333333,20.25333333333333
ab55bcd82ea3bedbf39af4eaf9b2c6387ce1d5345fa552d25a7357c10cb689ba,15/04/2018,1327.666667,0.033333333,32.6,18.433333333333334,35.34,81.23333333333335,6.406666666666667,18.773333333333333
ab55bcd82ea3bedbf39af4eaf9b2c6387ce1d5345fa552d25a7357c10cb689ba,30/04/2018,1362.666667,0,30.880000000000003,14.206666666666669,29.03333333333334,78.88666666666667,6.1466666666666665,18.646666666666665
ab55bcd82ea3bedbf39af4eaf9b2c6387ce1d5345fa552d25a7357c10cb689ba,15/05/2018,1326.666667,0,27.293333333333337,10.68,28.72,81.08666666666666,4.720000000000001,16.6
ab55bcd82ea3bedbf39af4eaf9b2c6387ce1d5345fa552d25a7357c10cb689ba,30/05/2018,1299.666667,0,25.446666666666665,8.826666666666666,27.68,78.93333333333334,4.386666666666667,15.433333333333334
ab55bcd82ea3bedbf39af4eaf9b2c6387ce1d5345fa552d25a7357c10cb689ba,14/06/2018,1276,0.013333333,23.58,6.673333333333334,28.413333333333338,82.00666666666667,3.5533333333333337,14.413333333333334
ab55bcd82ea3bedbf39af4eaf9b2c6387ce1d5345fa552d25a7357c10cb689ba,29/06/2018,1224.666667,0,22.2,5.74,31.72666666666667,87.26,3.293333333333333,13.16
ab55bcd82ea3bedbf39af4eaf9b2c6387ce1d5345fa552d25a7357c10cb689ba,14/07/2018,1164.666667,0.013333333,22.966666666666672,6.2,31.966666666666665,88.95333333333333,3.4133333333333336,14.72
ab55bcd82ea3bedbf39af4eaf9b2c6387ce1d5345fa552d25a7357c10cb689ba,29/07/2018,1044.666667,0.013333333,25.08,5.366666666666666,21.90666666666667,73.19333333333333,3.966666666666667,16.16
ab55bcd82ea3bedbf39af4eaf9b2c6387ce1d5345fa552d25a7357c10cb689ba,13/08/2018,960.666667,0,24.62666666666667,5.633333333333335,21.22,70.66666666666667,4.593333333333334,18.18
ab55bcd82ea3bedbf39af4eaf9b2c6387ce1d5345fa552d25a7357c10cb689ba,28/08/2018,885.333333,0.013333333,25.280000000000005,4.420000000000001,18.56666666666667,66.56666666666668,4.913333333333333,20.660000000000004
ab55bcd82ea3bedbf39af4eaf9b2c6387ce1d5345fa552d25a7357c10cb689ba,12/09/2018,836,0,28.186666666666667,10.300000000000002,21.37333333333333,63.1,6.28,20.94
ab55bcd82ea3bedbf39af4eaf9b2c6387ce1d5345fa552d25a7357c10cb689ba,27/09/2018,845,0,29.966666666666665,12.226666666666668,20.04666666666667,59.946666666666665,7.1466666666666665,23.446666666666665
ab55bcd82ea3bedbf39af4eaf9b2c6387ce1d5345fa552d25a7357c10cb689ba,12/10/2018,816.333333,0,32.86,16.44,23.466666666666665,62.66666666666667,8.406666666666668,22.72
ab55bcd82ea3bedbf39af4eaf9b2c6387ce1d5345fa552d25a7357c10cb689ba,27/10/2018,757.333333,2.006666667,36.02,19.89333333333333,27.8,70.42666666666668,9.206666666666669,23.860000000000003
ab55bcd82ea3bedbf39af4eaf9b2c6387ce1d5345fa552d25a7357c10cb689ba,11/11/2018,757.666667,0.053333333,36.43333333333333,21.280000000000005,23.14,55.266666666666666,10.433333333333334,25.44
ab55bcd82ea3bedbf39af4eaf9b2c6387ce1d5345fa552d25a7357c10cb689ba,26/11/2018,775.666667,0.4333333333332727,34.980000000000004,20.280000000000005,26.07333333333333,56.120000000000005,9.893333333333334,25.21333333333333
ab55bcd82ea3bedbf39af4eaf9b2c6387ce1d5345fa552d25a7357c10cb689ba,11/12/2018,668,0,36.88666666666666,20.90666666666667,19.953333333333333,48.59333333333334,11.52,27.40666666666667
ab55bcd82ea3bedbf39af4eaf9b2c6387ce1d5345fa552d25a7357c10cb689ba,26/12/2018,609,1.2066666666666304,38.07333333333334,23.24,23.42666666666667,52.94666666666667,11.78,24.600000000000005
ab55bcd82ea3bedbf39af4eaf9b2c6387ce1d5345fa552d25a7357c10cb689ba,10/01/2019,614,0.3866666666666484,38.41333333333333,24.933333333333334,25.07333333333333,53.873333333333335,11.52,25.88
ab55bcd82ea3bedbf39af4eaf9b2c6387ce1d5345fa552d25a7357c10cb689ba,25/01/2019,621.666667,0.06,39.873333333333335,25.206666666666667,24.32,55.67333333333333,11.973333333333333,26.686666666666667
ab55bcd82ea3bedbf39af4eaf9b2c6387ce1d5345fa552d25a7357c10cb689ba,9/02/2019,626.333333,0.8799999999999576,34.666666666666664,23.80666666666667,36.373333333333335,66.76666666666667,8.360000000000001,16.473333333333333
ab55bcd82ea3bedbf39af4eaf9b2c6387ce1d5345fa552d25a7357c10cb689ba,24/02/2019,630.333333,0.3266666666666424,38.70666666666667,21.76,18.76,47.78,11.360000000000005,26.87333333333333
ab55bcd82ea3bedbf39af4eaf9b2c6387ce1d5345fa552d25a7357c10cb689ba,11/03/2019,643.666667,0.013333333,36.64666666666667,23.12,28.42666666666667,61.81333333333334,9.22,20.593333333333337
ab55bcd82ea3bedbf39af4eaf9b2c6387ce1d5345fa552d25a7357c10cb689ba,26/03/2019,666.666667,7.359999999999915,36.68666666666666,23.30666666666667,34.27333333333333,70.20666666666668,8.333333333333334,20.186666666666667
ab55bcd82ea3bedbf39af4eaf9b2c6387ce1d5345fa552d25a7357c10cb689ba,10/04/2019,759,8.819999999999952,28.71333333333333,17.52,43.78666666666667,81.70666666666666,5.573333333333334,18.37333333333333
ab55bcd82ea3bedbf39af4eaf9b2c6387ce1d5345fa552d25a7357c10cb689ba,25/04/2019,1085,0,28.506666666666668,16.346666666666668,41.52,84.21333333333335,5.293333333333334,16.573333333333334
ab55bcd82ea3bedbf39af4eaf9b2c6387ce1d5345fa552d25a7357c10cb689ba,10/05/2019,1371,0.5466666666666242,25.10666666666667,12.886666666666668,44.99333333333334,90.56,4.166666666666667,15.246666666666668
ab55bcd82ea3bedbf39af4eaf9b2c6387ce1d5345fa552d25a7357c10cb689ba,25/05/2019,1490.666667,0,25.92666666666667,11.2,39.16,95.32666666666668,4.08,14.353333333333332
ab55bcd82ea3bedbf39af4eaf9b2c6387ce1d5345fa552d25a7357c10cb689ba,9/06/2019,1428,0,20.84,5.593333333333334,35.080000000000005,89.92,3.353333333333333,12.533333333333331
ab55bcd82ea3bedbf39af4eaf9b2c6387ce1d5345fa552d25a7357c10cb689ba,24/06/2019,1297,0,22.58,5.926666666666666,32.29333333333334,89.34666666666666,3.3200000000000003,14.640000000000002
ab55bcd82ea3bedbf39af4eaf9b2c6387ce1d5345fa552d25a7357c10cb689ba,9/07/2019,1167.666667,0.2333333333332727,23.540000000000003,10.073333333333334,40.96666666666668,89.78,3.1933333333333334,11.206666666666669
ab55bcd82ea3bedbf39af4eaf9b2c6387ce1d5345fa552d25a7357c10cb689ba,24/07/2019,989,0,22.953333333333337,4.486666666666667,29.686666666666667,91.35333333333334,3.4933333333333336,16.026666666666667
ab55bcd82ea3bedbf39af4eaf9b2c6387ce1d5345fa552d25a7357c10cb689ba,8/08/2019,977.666667,0.006666667,25.346666666666668,7.646666666666666,24.600000000000005,74.6,4.220000000000001,14.613333333333332
ab55bcd82ea3bedbf39af4eaf9b2c6387ce1d5345fa552d25a7357c10cb689ba,23/08/2019,917.666667,0,23.80666666666667,5.453333333333334,23.28666666666667,76.46000000000001,4.546666666666667,19.24
ab55bcd82ea3bedbf39af4eaf9b2c6387ce1d5345fa552d25a7357c10cb689ba,7/09/2019,886.666667,0,28.42,8.926666666666668,18.206666666666667,56.84,6.173333333333334,21.14
ab55bcd82ea3bedbf39af4eaf9b2c6387ce1d5345fa552d25a7357c10cb689ba,22/09/2019,862.333333,0,29.15333333333334,8.793333333333333,16.92,57.933333333333344,7.08,23.273333333333333
ab55bcd82ea3bedbf39af4eaf9b2c6387ce1d5345fa552d25a7357c10cb689ba,7/10/2019,835.666667,0,32.42,16.040000000000003,20.646666666666665,55.28666666666667,8.200000000000001,22.506666666666668
ab55bcd82ea3bedbf39af4eaf9b2c6387ce1d5345fa552d25a7357c10cb689ba,22/10/2019,868,0,34.25333333333333,15.433333333333335,13.22,39.36,9.773333333333332,25.15333333333334
ab55bcd82ea3bedbf39af4eaf9b2c6387ce1d5345fa552d25a7357c10cb689ba,6/11/2019,810.333333,4.919999999999951,31.24,18.60666666666667,31.833333333333336,63.46000000000001,8.080000000000002,21.72
ab55bcd82ea3bedbf39af4eaf9b2c6387ce1d5345fa552d25a7357c10cb689ba,21/11/2019,780.666667,0,35.486666666666665,16.58,15.240000000000002,46.16,11.093333333333334,29.57333333333333
ab55bcd82ea3bedbf39af4eaf9b2c6387ce1d5345fa552d25a7357c10cb689ba,6/12/2019,758.666667,0.2133333333332908,36.88666666666666,20.78666666666667,20.53333333333334,49.98666666666667,11.153333333333334,26.660000000000004
ab55bcd82ea3bedbf39af4eaf9b2c6387ce1d5345fa552d25a7357c10cb689ba,21/12/2019,753.333333,0,40.59333333333334,22.80666666666667,14.76666666666667,39.580000000000005,13.313333333333334,28.86
ab55bcd82ea3bedbf39af4eaf9b2c6387ce1d5345fa552d25a7357c10cb689ba,5/01/2020,774.333333,0.006666667,40.28666666666666,25.24666666666667,21.64666666666667,50.28666666666667,12.533333333333331,27.42
ab55bcd82ea3bedbf39af4eaf9b2c6387ce1d5345fa552d25a7357c10cb689ba,20/01/2020,778.666667,1.3266666666665818,38.433333333333344,24.62666666666667,27.586666666666662,61.10666666666667,10.860000000000005,25.133333333333336
ab55bcd82ea3bedbf39af4eaf9b2c6387ce1d5345fa552d25a7357c10cb689ba,4/02/2020,856,4.586666666666588,35.02666666666667,24.126666666666665,42.66,77.22666666666667,8.433333333333334,19.313333333333333
ab55bcd82ea3bedbf39af4eaf9b2c6387ce1d5345fa552d25a7357c10cb689ba,19/02/2020,1005,2.1666666666665453,37.193333333333335,23.160000000000004,35.580000000000005,78.92666666666668,9.300000000000002,24.600000000000005
ab55bcd82ea3bedbf39af4eaf9b2c6387ce1d5345fa552d25a7357c10cb689ba,5/03/2020,1127.666667,10.81999999999992,33.7,22.89333333333333,45.94666666666667,83.9,7.333333333333333,19.473333333333336
ab55bcd82ea3bedbf39af4eaf9b2c6387ce1d5345fa552d25a7357c10cb689ba,20/03/2020,1376.666667,1.0999999999999697,31.28,17.773333333333333,39.10666666666667,86.36,7.266666666666667,22.03333333333333
ab55bcd82ea3bedbf39af4eaf9b2c6387ce1d5345fa552d25a7357c10cb689ba,4/04/2020,1492,0.3066666666666606,33.72666666666667,20.08,35.833333333333336,79.62000000000002,7.293333333333334,19.666666666666668
ab55bcd82ea3bedbf39af4eaf9b2c6387ce1d5345fa552d25a7357c10cb689ba,19/04/2020,1418,0,31.5,15.873333333333337,28.966666666666672,73.63333333333335,6.3933333333333335,19.613333333333337
ab55bcd82ea3bedbf39af4eaf9b2c6387ce1d5345fa552d25a7357c10cb689ba,4/05/2020,1311.666667,0.006666667,29.280000000000005,13.206666666666669,29.446666666666665,75.84666666666666,5.786666666666667,17.959999999999997
ab55bcd82ea3bedbf39af4eaf9b2c6387ce1d5345fa552d25a7357c10cb689ba,19/05/2020,1302.333333,0,26.886666666666667,11.606666666666666,29.313333333333336,75.01333333333334,4.593333333333334,15.88
ab55bcd82ea3bedbf39af4eaf9b2c6387ce1d5345fa552d25a7357c10cb689ba,3/06/2020,1189.333333,0.8866666666666182,21.24,8.153333333333334,41.82000000000001,88.98,3.406666666666667,12.92
ab55bcd82ea3bedbf39af4eaf9b2c6387ce1d5345fa552d25a7357c10cb689ba,18/06/2020,1106,0.1466666666666545,25.10666666666667,9.053333333333336,33.186666666666675,89.69333333333334,3.5266666666666664,14.3
ab55bcd82ea3bedbf39af4eaf9b2c6387ce1d5345fa552d25a7357c10cb689ba,3/07/2020,995,0.006666667,23.526666666666667,6.586666666666668,33.27333333333334,95.49333333333334,3.373333333333333,13.953333333333337
ab55bcd82ea3bedbf39af4eaf9b2c6387ce1d5345fa552d25a7357c10cb689ba,18/07/2020,1034.333333,0,21.826666666666668,4.733333333333333,32.34,94.12666666666668,3.326666666666667,14.76666666666667
ab55bcd82ea3bedbf39af4eaf9b2c6387ce1d5345fa552d25a7357c10cb689ba,2/08/2020,982,0,23.466666666666665,5.620000000000001,29.24,89.27333333333333,3.6666666666666665,15.7
ab55bcd82ea3bedbf39af4eaf9b2c6387ce1d5345fa552d25a7357c10cb689ba,17/08/2020,829.333333,1.5866666666666485,24.72666666666667,8.54,34.973333333333336,90.00666666666667,4.306666666666667,16.733333333333334
ab55bcd82ea3bedbf39af4eaf9b2c6387ce1d5345fa552d25a7357c10cb689ba,1/09/2020,719.333333,0,25.626666666666665,6.840000000000001,20.766666666666666,67.93333333333334,5.08,20.74666666666667
ab55bcd82ea3bedbf39af4eaf9b2c6387ce1d5345fa552d25a7357c10cb689ba,16/09/2020,634.333333,0,30.100000000000005,14.52,29.186666666666667,75.53333333333333,6.566666666666666,20.96
ab55bcd82ea3bedbf39af4eaf9b2c6387ce1d5345fa552d25a7357c10cb689ba,1/10/2020,628,2.0799999999999272,28.953333333333333,14.886666666666668,29.56666666666667,66.28,6.553333333333334,20.19333333333333
ab55bcd82ea3bedbf39af4eaf9b2c6387ce1d5345fa552d25a7357c10cb689ba,16/10/2020,603.333333,0.3733333333332969,31.746666666666663,16.90666666666667,27.16,65.56,8.193333333333333,23.980000000000004
ab55bcd82ea3bedbf39af4eaf9b2c6387ce1d5345fa552d25a7357c10cb689ba,31/10/2020,506.333333,0.3266666666666121,32.586666666666666,15.226666666666668,23.26666666666667,63.35333333333334,8.613333333333335,24.39333333333333
ab55bcd82ea3bedbf39af4eaf9b2c6387ce1d5345fa552d25a7357c10cb689ba,15/11/2020,460,0.7733333333332969,35.406666666666666,18.126666666666665,22.686666666666667,58.27333333333333,10.346666666666666,27.526666666666667
ab55bcd82ea3bedbf39af4eaf9b2c6387ce1d5345fa552d25a7357c10cb689ba,30/11/2020,483,0.02,39.373333333333335,24.4,20.726666666666667,47.900000000000006,11.92,28.780000000000005
ab55bcd82ea3bedbf39af4eaf9b2c6387ce1d5345fa552d25a7357c10cb689ba,15/12/2020,485.666667,0.7199999999999818,37.74000000000001,23.62,23.480000000000004,51.806666666666665,11.44,25.993333333333336
ab55bcd82ea3bedbf39af4eaf9b2c6387ce1d5345fa552d25a7357c10cb689ba,30/12/2020,505.666667,1.7266666666665818,34.95333333333334,23.3,39.620000000000005,74.50666666666667,9.286666666666669,19.76
ab55bcd82ea3bedbf39af4eaf9b2c6387ce1d5345fa552d25a7357c10cb689ba,14/01/2021,968.666667,4.133333333333182,33.3,21.54666666666667,44.91333333333333,88.21333333333334,8.206666666666667,21.120000000000005
ab55bcd82ea3bedbf39af4eaf9b2c6387ce1d5345fa552d25a7357c10cb689ba,29/01/2021,1079.333333,0.693333333,37.27333333333333,23.15333333333333,27.326666666666668,61.06666666666668,10.78,25.36
ab55bcd82ea3bedbf39af4eaf9b2c6387ce1d5345fa552d25a7357c10cb689ba,13/02/2021,976.666667,2.586666666666527,37.02666666666666,23.993333333333336,34.42666666666666,72.15333333333334,9.273333333333332,21.53333333333333
ab55bcd82ea3bedbf39af4eaf9b2c6387ce1d5345fa552d25a7357c10cb689ba,28/02/2021,759,1.7866666666665576,36.18666666666668,22.05333333333333,33.43333333333333,74.36666666666669,8.966666666666667,21.993333333333336
ab55bcd82ea3bedbf39af4eaf9b2c6387ce1d5345fa552d25a7357c10cb689ba,15/03/2021,768.333333,2.0933333333332484,35.11333333333334,21.07333333333333,33.800000000000004,72.20666666666668,8.040000000000001,21.986666666666668
ab55bcd82ea3bedbf39af4eaf9b2c6387ce1d5345fa552d25a7357c10cb689ba,30/03/2021,650.333333,3.1533333333332547,31.37333333333333,19.386666666666667,43.080000000000005,85.11999999999999,6.5600000000000005,17.846666666666668
ab55bcd82ea3bedbf39af4eaf9b2c6387ce1d5345fa552d25a7357c10cb689ba,14/04/2021,640,1.4333333333332727,30.233333333333334,15.98,35.96666666666667,82.74000000000001,5.953333333333334,19.04666666666667
ab55bcd82ea3bedbf39af4eaf9b2c6387ce1d5345fa552d25a7357c10cb689ba,29/04/2021,662.333333,0.013333333,29.01333333333333,13.066666666666666,27.380000000000003,73.03333333333333,5.873333333333334,17.533333333333335
ab55bcd82ea3bedbf39af4eaf9b2c6387ce1d5345fa552d25a7357c10cb689ba,14/05/2021,705.666667,0.04,27.826666666666668,11.7,32.13333333333333,86.48,4.7,16.846666666666668
ab55bcd82ea3bedbf39af4eaf9b2c6387ce1d5345fa552d25a7357c10cb689ba,29/05/2021,674,0,24.71333333333333,8.426666666666668,28.293333333333337,79.07333333333332,4.326666666666667,15.593333333333334
ab55bcd82ea3bedbf39af4eaf9b2c6387ce1d5345fa552d25a7357c10cb689ba,13/06/2021,735,0.1399999999999939,22.86,6.24,33.586666666666666,90.78,3.426666666666667,13.313333333333333
ab55bcd82ea3bedbf39af4eaf9b2c6387ce1d5345fa552d25a7357c10cb689ba,28/06/2021,742.666667,1.1666666666666363,21.613333333333337,6.96,39.68,92.05333333333334,3.1,11.533333333333337
ab55bcd82ea3bedbf39af4eaf9b2c6387ce1d5345fa552d25a7357c10cb689ba,13/07/2021,736.666667,1.2066666666666304,21.19333333333333,6.680000000000001,41.17333333333333,96.88,3.0200000000000005,13.813333333333333
ab55bcd82ea3bedbf39af4eaf9b2c6387ce1d5345fa552d25a7357c10cb689ba,28/07/2021,624,0,23.4,5.753333333333334,30.566666666666663,89.96000000000001,3.54,15.186666666666667
ab55bcd82ea3bedbf39af4eaf9b2c6387ce1d5345fa552d25a7357c10cb689ba,12/08/2021,558,0.08,25.74666666666667,9.133333333333333,30.466666666666665,85.76,4.38,16.746666666666666
ab55bcd82ea3bedbf39af4eaf9b2c6387ce1d5345fa552d25a7357c10cb689ba,27/08/2021,614.666667,0.2266666666666424,25.85333333333333,9.373333333333337,26.586666666666662,75.00666666666667,4.726666666666668,18.926666666666662
ab55bcd82ea3bedbf39af4eaf9b2c6387ce1d5345fa552d25a7357c10cb689ba,11/09/2021,550.333333,0,28.113333333333337,10.766666666666667,26.82,74.6,5.933333333333334,19.60666666666667
ab55bcd82ea3bedbf39af4eaf9b2c6387ce1d5345fa552d25a7357c10cb689ba,26/09/2021,589.333333,0,29.793333333333333,11.913333333333334,19.040000000000003,57.26,7.206666666666667,23.22
ab55bcd82ea3bedbf39af4eaf9b2c6387ce1d5345fa552d25a7357c10cb689ba,11/10/2021,549.333333,0.3199999999999515,32.11333333333334,15.92,27.526666666666664,66.28666666666668,7.913333333333333,21.57333333333333
ab55bcd82ea3bedbf39af4eaf9b2c6387ce1d5345fa552d25a7357c10cb689ba,26/10/2021,500.666667,0.1599999999999757,34.26,15.486666666666668,20.22,59.54,9.213333333333336,24.18666666666667
ab55bcd82ea3bedbf39af4eaf9b2c6387ce1d5345fa552d25a7357c10cb689ba,10/11/2021,476.333333,5.513333333333169,33.766666666666666,21.28,37.126666666666665,75.92666666666668,8.166666666666666,21.746666666666663
ab55bcd82ea3bedbf39af4eaf9b2c6387ce1d5345fa552d25a7357c10cb689ba,25/11/2021,839.666667,4.839999999999933,29.94,17.42666666666667,37.18666666666668,75.06666666666666,8.033333333333333,23.9
ab55bcd82ea3bedbf39af4eaf9b2c6387ce1d5345fa552d25a7357c10cb689ba,10/12/2021,1519,5.419999999999921,32.68666666666667,19.54,40.620000000000005,85.40666666666667,8.833333333333336,24.05333333333333
ab55bcd82ea3bedbf39af4eaf9b2c6387ce1d5345fa552d25a7357c10cb689ba,25/12/2021,1578,0.2466666666665939,36.78,21.08,29.44,72.7,10.86,27.586666666666662
ab55bcd82ea3bedbf39af4eaf9b2c6387ce1d5345fa552d25a7357c10cb689ba,9/01/2022,1439.333333,1.0133333333332606,38.52666666666666,21.90666666666667,27.333333333333336,69.08,11.226666666666668,26.6
ab55bcd82ea3bedbf39af4eaf9b2c6387ce1d5345fa552d25a7357c10cb689ba,24/01/2022,1293.333333,6.406666666666539,37.87333333333334,24.62,32.68666666666667,67.74,10.26666666666667,21.57333333333333
ab55bcd82ea3bedbf39af4eaf9b2c6387ce1d5345fa552d25a7357c10cb689ba,8/02/2022,1206.666667,5.786666666666558,33.193333333333335,21.32,43.18,83.82,7.766666666666667,20.206666666666667
ab55bcd82ea3bedbf39af4eaf9b2c6387ce1d5345fa552d25a7357c10cb689ba,23/02/2022,1345.333333,1.3533333333332849,36.693333333333335,21.54666666666667,30.966666666666665,74.19333333333334,9.486666666666666,25.72
ab55bcd82ea3bedbf39af4eaf9b2c6387ce1d5345fa552d25a7357c10cb689ba,10/03/2022,1328.333333,0.013333333,37.373333333333335,20.686666666666667,26.773333333333333,69.64666666666668,9.553333333333336,23.086666666666662
ab55bcd82ea3bedbf39af4eaf9b2c6387ce1d5345fa552d25a7357c10cb689ba,25/03/2022,1119,1.826666666666612,35.480000000000004,20.433333333333334,30.973333333333336,73.97333333333334,8.306666666666667,22.686666666666667
ab55bcd82ea3bedbf39af4eaf9b2c6387ce1d5345fa552d25a7357c10cb689ba,9/04/2022,1057.666667,3.853333333333224,32.32666666666667,18.160000000000004,37.90666666666667,86.07333333333332,6.446666666666667,19.540000000000003
ab55bcd82ea3bedbf39af4eaf9b2c6387ce1d5345fa552d25a7357c10cb689ba,24/04/2022,933.333333,0.046666667,31.4,17.06,34.45333333333334,79.42000000000002,6.093333333333334,17.8
ab55bcd82ea3bedbf39af4eaf9b2c6387ce1d5345fa552d25a7357c10cb689ba,9/05/2022,1050.333333,5.913333333,25.780000000000005,16.346666666666668,51.52666666666666,89.61333333333333,3.880000000000001,11.666666666666666
ab55bcd82ea3bedbf39af4eaf9b2c6387ce1d5345fa552d25a7357c10cb689ba,24/05/2022,1453.333333,3.0999999999999392,24.360000000000003,15.06,57.553333333333335,97.23333333333332,3.306666666666667,11.16
ab55bcd82ea3bedbf39af4eaf9b2c6387ce1d5345fa552d25a7357c10cb689ba,8/06/2022,1408.333333,0.3133333333333212,21.84,9.586666666666668,47.14,93.96,3.140000000000001,11.26
ab55bcd82ea3bedbf39af4eaf9b2c6387ce1d5345fa552d25a7357c10cb689ba,23/06/2022,1781,0,21.58,4.526666666666667,36.71333333333334,98.06,3.153333333333334,14.106666666666667
ab55bcd82ea3bedbf39af4eaf9b2c6387ce1d5345fa552d25a7357c10cb689ba,8/07/2022,1373.666667,1.6666666666666363,19.16666666666667,6.78,51.07333333333334,98.46666666666668,2.653333333333334,11.146666666666668
ab55bcd82ea3bedbf39af4eaf9b2c6387ce1d5345fa552d25a7357c10cb689ba,23/07/2022,1239.333333,1.1399999999999637,20.44,3.82,38.833333333333336,98.96666666666668,3.0533333333333337,15.273333333333335
ab55bcd82ea3bedbf39af4eaf9b2c6387ce1d5345fa552d25a7357c10cb689ba,7/08/2022,1136.666667,0.4799999999999272,23.466666666666665,9.18,42.17333333333333,97.14666666666668,3.4933333333333336,14.866666666666667
ab55bcd82ea3bedbf39af4eaf9b2c6387ce1d5345fa552d25a7357c10cb689ba,22/08/2022,1159.333333,0.013333333,23.1,5.353333333333334,31.706666666666667,94.12666666666668,4.186666666666667,17.473333333333336
ab55bcd82ea3bedbf39af4eaf9b2c6387ce1d5345fa552d25a7357c10cb689ba,6/09/2022,963.666667,4.286666666666618,23.026666666666667,9.993333333333334,43.126666666666665,90.58666666666667,4.1000000000000005,17.34
ab55bcd82ea3bedbf39af4eaf9b2c6387ce1d5345fa552d25a7357c10cb689ba,21/09/2022,978,1.9866666666666184,26.3,12.026666666666667,37.36000000000001,86.32666666666667,5.466666666666667,18.593333333333337
ab55bcd82ea3bedbf39af4eaf9b2c6387ce1d5345fa552d25a7357c10cb689ba,6/10/2022,979,0.7666666666666363,27.953333333333333,13.166666666666668,36.373333333333335,87.68,6.180000000000001,20.40666666666667
ab55bcd82ea3bedbf39af4eaf9b2c6387ce1d5345fa552d25a7357c10cb689ba,21/10/2022,974.333333,3.479999999999897,28.89333333333333,16.380000000000003,44.873333333333335,91.80666666666666,6.36,19.186666666666667
ab55bcd82ea3bedbf39af4eaf9b2c6387ce1d5345fa552d25a7357c10cb689ba,5/11/2022,961.666667,0.5666666666666363,31.206666666666667,15.22,28.006666666666664,72.24,8.500000000000002,24.62666666666667
ab55bcd82ea3bedbf39af4eaf9b2c6387ce1d5345fa552d25a7357c10cb689ba,20/11/2022,968.333333,0.5333333333332424,32.660000000000004,17.726666666666667,29.500000000000004,71.07333333333332,8.913333333333334,22.80666666666667
ab55bcd82ea3bedbf39af4eaf9b2c6387ce1d5345fa552d25a7357c10cb689ba,5/12/2022,947,0.2599999999999151,33.00666666666667,18.34,27.36,64.90666666666667,9.12,22.633333333333333
ab55bcd82ea3bedbf39af4eaf9b2c6387ce1d5345fa552d25a7357c10cb689ba,20/12/2022,858,1.8466666666665936,35.45333333333334,19.966666666666665,25.56,60.473333333333336,10.62,26.493333333333336
ab55bcd82ea3bedbf39af4eaf9b2c6387ce1d5345fa552d25a7357c10cb689ba,4/01/2023,861.666667,1.4866666666665878,34.720000000000006,21.94666666666667,36.18666666666668,73.52,9.473333333333334,21.006666666666668
ab55bcd82ea3bedbf39af4eaf9b2c6387ce1d5345fa552d25a7357c10cb689ba,19/01/2023,794,5.773333333333237,32.13333333333333,21.066666666666663,48.08666666666667,88,7.573333333333334,21.41333333333333
ab55bcd82ea3bedbf39af4eaf9b2c6387ce1d5345fa552d25a7357c10cb689ba,3/02/2023,987.333333,1.8199999999998608,34.92666666666667,22.913333333333338,42.68666666666666,85.18,8.593333333333334,25.73333333333333
ab55bcd82ea3bedbf39af4eaf9b2c6387ce1d5345fa552d25a7357c10cb689ba,18/02/2023,957,1.7666666666666364,34.78,20.453333333333333,34.93333333333333,75.74,8.626666666666667,23.186666666666667
ab55bcd82ea3bedbf39af4eaf9b2c6387ce1d5345fa552d25a7357c10cb689ba,5/03/2023,945,0.2466666666665939,36.02,21.473333333333336,31.860000000000003,74.20666666666668,8.76,22.600000000000005
ab55bcd82ea3bedbf39af4eaf9b2c6387ce1d5345fa552d25a7357c10cb689ba,20/03/2023,1105.666667,4.759999999999946,32.940000000000005,20.33333333333333,47.833333333333336,92.76,6.620000000000001,19.16666666666667
ab55bcd82ea3bedbf39af4eaf9b2c6387ce1d5345fa552d25a7357c10cb689ba,4/04/2023,1179.333333,0.013333333,33.28666666666667,18.78666666666667,34.220000000000006,80.42000000000002,7.213333333333334,20.68
ab55bcd82ea3bedbf39af4eaf9b2c6387ce1d5345fa552d25a7357c10cb689ba,19/04/2023,1118.333333,0.1733333333332969,32.18666666666667,14.013333333333334,27.96,79.07333333333332,6.466666666666668,18.30666666666667
ab55bcd82ea3bedbf39af4eaf9b2c6387ce1d5345fa552d25a7357c10cb689ba,4/05/2023,974.666667,0.2533333333332848,28.566666666666663,12.84,34.233333333333334,87.18,5.213333333333335,16.520000000000003
ab55bcd82ea3bedbf39af4eaf9b2c6387ce1d5345fa552d25a7357c10cb689ba,19/05/2023,845.333333,0,25.466666666666665,8.253333333333334,30.233333333333334,87.33333333333334,4.3933333333333335,16.44
ab55bcd82ea3bedbf39af4eaf9b2c6387ce1d5345fa552d25a7357c10cb689ba,3/06/2023,757.666667,0,24.5,4.473333333333333,25.06,88.3,4.233333333333333,15.746666666666668
ab55bcd82ea3bedbf39af4eaf9b2c6387ce1d5345fa552d25a7357c10cb689ba,18/06/2023,843,0.046666667,25.90666666666667,9.94,33.973333333333336,89.74,3.5733333333333337,14.32
ab55bcd82ea3bedbf39af4eaf9b2c6387ce1d5345fa552d25a7357c10cb689ba,3/07/2023,824,0.3799999999999878,24.07333333333333,9.913333333333334,34.36666666666667,74.74666666666667,3.5466666666666677,12.78
ab55bcd82ea3bedbf39af4eaf9b2c6387ce1d5345fa552d25a7357c10cb689ba,18/07/2023,769.333333,2.219999999999952,22.686666666666667,7.3,40.52,96.81333333333332,3.173333333333334,14.760000000000002
ab55bcd82ea3bedbf39af4eaf9b2c6387ce1d5345fa552d25a7357c10cb689ba,2/08/2023,785,0.006666667,24.820000000000004,8.673333333333336,32.373333333333335,88.1,3.733333333333334,16.026666666666667
ab55bcd82ea3bedbf39af4eaf9b2c6387ce1d5345fa552d25a7357c10cb689ba,17/08/2023,791,0,27.766666666666666,8.680000000000001,25.75333333333333,82.94666666666667,4.993333333333334,17.933333333333334
ab55bcd82ea3bedbf39af4eaf9b2c6387ce1d5345fa552d25a7357c10cb689ba,1/09/2023,775.666667,0,27.966666666666665,8.84,24.526666666666664,79.88000000000001,5.220000000000001,19.266666666666666
ab55bcd82ea3bedbf39af4eaf9b2c6387ce1d5345fa552d25a7357c10cb689ba,16/09/2023,762,0,29.973333333333336,11.046666666666669,19.69333333333333,65.42666666666668,7.026666666666667,21.273333333333333
ab55bcd82ea3bedbf39af4eaf9b2c6387ce1d5345fa552d25a7357c10cb689ba,1/10/2023,652,0,32.42,14.56,23.76,70.14666666666668,7.613333333333333,23.04666666666667
ab55bcd82ea3bedbf39af4eaf9b2c6387ce1d5345fa552d25a7357c10cb689ba,16/10/2023,623,0,32.39333333333334,15.340000000000002,22.56,60.88666666666667,8.506666666666668,24.46
ab55bcd82ea3bedbf39af4eaf9b2c6387ce1d5345fa552d25a7357c10cb689ba,31/10/2023,564.333333,0.3133333333333212,34.9,16.873333333333335,18.066666666666663,52.29333333333333,9.76,26.733333333333334
ab55bcd82ea3bedbf39af4eaf9b2c6387ce1d5345fa552d25a7357c10cb689ba,15/11/2023,577.666667,1.213333333333291,36.28666666666667,20.64,26.07333333333333,62.48,10.38,27.773333333333333
ab55bcd82ea3bedbf39af4eaf9b2c6387ce1d5345fa552d25a7357c10cb689ba,30/11/2023,636.666667,4.4066666666665695,32.593333333333334,20.96,42.373333333333335,79.85333333333332,7.793333333333335,21.05333333333333
ab55bcd82ea3bedbf39af4eaf9b2c6387ce1d5345fa552d25a7357c10cb689ba,15/12/2023,640.333333,0.1,37.16666666666666,21.75333333333333,29.98666666666667,73.03333333333333,10.926666666666668,29.293333333333337
ab55bcd82ea3bedbf39af4eaf9b2c6387ce1d5345fa552d25a7357c10cb689ba,30/12/2023,593.666667,3.179999999999897,38,21.066666666666663,29,72.33333333333333,11.06,27.96
ab55bcd82ea3bedbf39af4eaf9b2c6387ce1d5345fa552d25a7357c10cb689ba,14/01/2024,623.333333,2.3199999999998604,37.08666666666667,23.28666666666667,37.77333333333333,81.72,9.500000000000002,25.32
ab55bcd82ea3bedbf39af4eaf9b2c6387ce1d5345fa552d25a7357c10cb689ba,29/01/2024,689.333333,4.133333333333242,37.89333333333334,25.593333333333337,39.70666666666667,78.66666666666669,9.566666666666666,24.846666666666668
ab55bcd82ea3bedbf39af4eaf9b2c6387ce1d5345fa552d25a7357c10cb689ba,13/02/2024,885,2.8999999999999395,36.760000000000005,23.82,39.24666666666667,81.4,8.873333333333335,24.253333333333337
ab55bcd82ea3bedbf39af4eaf9b2c6387ce1d5345fa552d25a7357c10cb689ba,28/02/2024,1565.333333,2.999999999999939,34.03333333333333,22.233333333333334,46.89333333333333,92.31333333333336,7.506666666666667,22.94666666666667
ab55bcd82ea3bedbf39af4eaf9b2c6387ce1d5345fa552d25a7357c10cb689ba,14/03/2024,1611,0,35.833333333333336,21.046666666666667,33.49333333333333,78.80666666666666,8.5,24.74
ab55bcd82ea3bedbf39af4eaf9b2c6387ce1d5345fa552d25a7357c10cb689ba,29/03/2024,1498,6.413333333,32.86666666666667,22.19333333333333,47.806666666666665,84.07333333333334,6.44,16.553333333333335
ab55bcd82ea3bedbf39af4eaf9b2c6387ce1d5345fa552d25a7357c10cb689ba,13/04/2024,1260.333333,6.959999999999976,28.87333333333333,16.18,44.52,92.00666666666666,5.446666666666667,19.44666666666667
ab55bcd82ea3bedbf39af4eaf9b2c6387ce1d5345fa552d25a7357c10cb689ba,28/04/2024,1303.333333,0.086666667,28.96,14.013333333333332,36.67333333333333,90.04,5.546666666666667,19.08
ab55bcd82ea3bedbf39af4eaf9b2c6387ce1d5345fa552d25a7357c10cb689ba,13/05/2024,1316.666667,0.573333333,28.086666666666662,13.92,41.41333333333333,96.05333333333331,4.420000000000001,16.386666666666667
ab55bcd82ea3bedbf39af4eaf9b2c6387ce1d5345fa552d25a7357c10cb689ba,28/05/2024,1436.666667,0,25.9,8.966666666666669,33.593333333333334,95.34,4.253333333333334,15.686666666666667
ab55bcd82ea3bedbf39af4eaf9b2c6387ce1d5345fa552d25a7357c10cb689ba,12/06/2024,1362,0.6733333333333272,22.74,6.500000000000001,40.35333333333334,98.14,3.273333333333333,13.966666666666669
ab55bcd82ea3bedbf39af4eaf9b2c6387ce1d5345fa552d25a7357c10cb689ba,27/06/2024,1572.333333,0.1,23.38,5.173333333333334,31.526666666666667,93.34666666666664,3.393333333333333,13.953333333333337
ab55bcd82ea3bedbf39af4eaf9b2c6387ce1d5345fa552d25a7357c10cb689ba,12/07/2024,1312,0.4333333333332727,23.92,9.746666666666666,45.96666666666667,98.74666666666666,3.066666666666667,13.093333333333334
ab55bcd82ea3bedbf39af4eaf9b2c6387ce1d5345fa552d25a7357c10cb689ba,27/07/2024,1059.666667,0.2599999999999757,21.65333333333334,4.220000000000001,33.50666666666667,95.33333333333331,3.28,14.946666666666667
ab55bcd82ea3bedbf39af4eaf9b2c6387ce1d5345fa552d25a7357c10cb689ba,11/08/2024,1016,0.1866666666666181,23.82,6.346666666666667,32.57333333333334,89.60666666666665,3.933333333333334,15.926666666666668
ab55bcd82ea3bedbf39af4eaf9b2c6387ce1d5345fa552d25a7357c10cb689ba,26/08/2024,877.333333,0.193333333,29.526666666666667,11.093333333333334,32.24,90.49333333333334,5.073333333333334,18.673333333333336
ab55bcd82ea3bedbf39af4eaf9b2c6387ce1d5345fa552d25a7357c10cb689ba,10/09/2024,868.666667,0,32.63333333333333,13.32,24.15333333333333,77.62666666666668,6.913333333333333,20.92666666666667
ab55bcd82ea3bedbf39af4eaf9b2c6387ce1d5345fa552d25a7357c10cb689ba,25/09/2024,811,0,30,11.913333333333334,19.933333333333334,58.68,7.140000000000001,22.360000000000003
ab55bcd82ea3bedbf39af4eaf9b2c6387ce1d5345fa552d25a7357c10cb689ba,10/10/2024,789.333333,0.9733333333332668,32.513333333333335,15.2,26.186666666666667,72.30666666666667,7.966666666666668,23.35333333333333
ab55bcd82ea3bedbf39af4eaf9b2c6387ce1d5345fa552d25a7357c10cb689ba,25/10/2024,817.666667,0,35.34,19.453333333333333,25.94,65.54666666666667,9.133333333333333,24.780000000000005
ab55bcd82ea3bedbf39af4eaf9b2c6387ce1d5345fa552d25a7357c10cb689ba,9/11/2024,841,0.426666667,37.873333333333335,20.646666666666665,20.52,54.61333333333334,10.873333333333337,26.74000000000001
ab55bcd82ea3bedbf39af4eaf9b2c6387ce1d5345fa552d25a7357c10cb689ba,24/11/2024,803.666667,4.933333333333212,34.63333333333334,21.786666666666672,38.1,78.2,8.66,22.84
ab55bcd82ea3bedbf39af4eaf9b2c6387ce1d5345fa552d25a7357c10cb689ba,9/12/2024,1008.333333,3.0933333333332484,34.553333333333335,23.100000000000005,43.64000000000001,81.88666666666667,8.906666666666668,24.94666666666667
ab55bcd82ea3bedbf39af4eaf9b2c6387ce1d5345fa552d25a7357c10cb689ba,24/12/2024,1134,0.3799999999999272,36.720000000000006,22.23333333333333,34,76.70666666666668,10.413333333333334,27.9
6b294fede7561d76c0b2592b9cfc8c131e8400860df9edc319981adb1afd1e0b,4/02/2017,928,1.5199999999999514,37.96000000000001,24.57333333333333,35.413333333333334,74.87999999999998,10.026666666666667,24.83333333333333
6b294fede7561d76c0b2592b9cfc8c131e8400860df9edc319981adb1afd1e0b,19/02/2017,1068.666667,0.5599999999999757,39.55333333333333,24.57333333333333,27.326666666666664,62.64666666666667,10.806666666666668,25.03333333333333
6b294fede7561d76c0b2592b9cfc8c131e8400860df9edc319981adb1afd1e0b,6/03/2017,1056,1.3999999999999695,36.17333333333333,21.2,30.833333333333336,73.52666666666667,8.813333333333334,21.200000000000003
6b294fede7561d76c0b2592b9cfc8c131e8400860df9edc319981adb1afd1e0b,21/03/2017,946.666667,0.6333333333332727,36.81333333333334,20.73333333333333,28.933333333333334,70.32666666666667,8.66,20.9
6b294fede7561d76c0b2592b9cfc8c131e8400860df9edc319981adb1afd1e0b,5/04/2017,839,0.073333333,34.266666666666666,18.966666666666672,31.44,75.59333333333332,7.480000000000001,19.57333333333333
6b294fede7561d76c0b2592b9cfc8c131e8400860df9edc319981adb1afd1e0b,20/04/2017,830.333333,0,31.593333333333337,14.26666666666667,26.68666666666667,75.52000000000001,6.5,20.42666666666667
6b294fede7561d76c0b2592b9cfc8c131e8400860df9edc319981adb1afd1e0b,5/05/2017,827,0.006666667,29.25333333333333,14.566666666666666,31.59333333333334,77.10666666666665,5.473333333333334,16.473333333333336
6b294fede7561d76c0b2592b9cfc8c131e8400860df9edc319981adb1afd1e0b,20/05/2017,829,0.5666666666666363,27.506666666666668,11.993333333333334,34.50666666666667,85.10666666666667,4.46,14.653333333333334
6b294fede7561d76c0b2592b9cfc8c131e8400860df9edc319981adb1afd1e0b,4/06/2017,861,0,26.933333333333337,9.6,27.040000000000003,78.46666666666667,4.46,15.580000000000002
6b294fede7561d76c0b2592b9cfc8c131e8400860df9edc319981adb1afd1e0b,19/06/2017,851,0,24.02,6.233333333333333,29.753333333333337,89.36,3.553333333333333,15.2
6b294fede7561d76c0b2592b9cfc8c131e8400860df9edc319981adb1afd1e0b,4/07/2017,868,0.093333333,25.38,8.860000000000001,33.04,89.06,3.5733333333333337,13.5
6b294fede7561d76c0b2592b9cfc8c131e8400860df9edc319981adb1afd1e0b,19/07/2017,923.666667,1.206666667,25.15333333333334,10.76666666666667,37.46666666666668,87.65333333333334,3.4866666666666664,13.340000000000002
6b294fede7561d76c0b2592b9cfc8c131e8400860df9edc319981adb1afd1e0b,3/08/2017,950,0,26.6,7.233333333333333,22.22666666666667,73.84,4.333333333333333,17.426666666666666
6b294fede7561d76c0b2592b9cfc8c131e8400860df9edc319981adb1afd1e0b,18/08/2017,954,0,28.180000000000003,6.640000000000001,17.186666666666667,65.86666666666666,5.426666666666667,19.473333333333333
6b294fede7561d76c0b2592b9cfc8c131e8400860df9edc319981adb1afd1e0b,2/09/2017,960,0,26.313333333333333,6.926666666666667,14.906666666666668,51.10000000000001,5.5,21.160000000000004
6b294fede7561d76c0b2592b9cfc8c131e8400860df9edc319981adb1afd1e0b,17/09/2017,968,0,28.60666666666667,8.953333333333335,15.886666666666668,54.68,6.8933333333333335,22.75333333333333
6b294fede7561d76c0b2592b9cfc8c131e8400860df9edc319981adb1afd1e0b,2/10/2017,980,0.02,35.03333333333334,15.92,17.80666666666667,53.92,8.96,22.08
6b294fede7561d76c0b2592b9cfc8c131e8400860df9edc319981adb1afd1e0b,17/10/2017,976.666667,1.4999999999999394,34.373333333333335,20.22,32.973333333333336,74.28666666666666,8.22,20.88
6b294fede7561d76c0b2592b9cfc8c131e8400860df9edc319981adb1afd1e0b,1/11/2017,1176,2.066666666666576,32.42,17.279999999999998,30.10666666666667,71.53333333333335,8.16,23.006666666666668
6b294fede7561d76c0b2592b9cfc8c131e8400860df9edc319981adb1afd1e0b,16/11/2017,1312.666667,0.2999999999999393,33.70666666666667,18.87333333333333,26.433333333333334,62.56666666666668,9.433333333333334,24.300000000000004
6b294fede7561d76c0b2592b9cfc8c131e8400860df9edc319981adb1afd1e0b,1/12/2017,1087.666667,0.1466666666665635,34.50666666666667,20.84,31.473333333333336,69.97333333333334,9.306666666666668,23.066666666666663
6b294fede7561d76c0b2592b9cfc8c131e8400860df9edc319981adb1afd1e0b,16/12/2017,842,0.3399999999999636,36.66666666666666,20.85333333333333,22.38,54.26666666666667,11.32,27.266666666666666
6b294fede7561d76c0b2592b9cfc8c131e8400860df9edc319981adb1afd1e0b,31/12/2017,813.333333,0.7066666666665999,40.12666666666667,25.300000000000004,23.953333333333337,55.38,12.066666666666666,26.320000000000004
6b294fede7561d76c0b2592b9cfc8c131e8400860df9edc319981adb1afd1e0b,15/01/2018,655.666667,0.3133333333332909,39.65333333333333,25.086666666666662,22.92,52.09333333333334,11.746666666666666,25.9
6b294fede7561d76c0b2592b9cfc8c131e8400860df9edc319981adb1afd1e0b,30/01/2018,569,0.3199999999999818,38.49333333333334,24.80666666666667,25.686666666666667,56.153333333333336,10.886666666666668,23.586666666666662
6b294fede7561d76c0b2592b9cfc8c131e8400860df9edc319981adb1afd1e0b,14/02/2018,459.333333,2.139999999999994,38.02,22.84666666666667,25.75333333333333,58.34,10.62,23.780000000000005
6b294fede7561d76c0b2592b9cfc8c131e8400860df9edc319981adb1afd1e0b,1/03/2018,453.666667,0.053333333,38.44666666666667,23.89333333333333,31.366666666666667,70.05333333333333,9.893333333333334,22.25333333333333
6b294fede7561d76c0b2592b9cfc8c131e8400860df9edc319981adb1afd1e0b,16/03/2018,699.666667,7.886666666666588,31.1,20.526666666666667,47.46000000000001,84.33333333333334,6.353333333333334,16.553333333333335
6b294fede7561d76c0b2592b9cfc8c131e8400860df9edc319981adb1afd1e0b,31/03/2018,1642.333333,0.9933333333333092,33.70666666666667,19.92,39.05333333333333,86.55333333333333,7.52,20.093333333333337
6b294fede7561d76c0b2592b9cfc8c131e8400860df9edc319981adb1afd1e0b,15/04/2018,2268.333333,0.5799999999999879,32.68666666666667,18.686666666666667,35.53333333333333,80.75333333333334,6.4,18.64
6b294fede7561d76c0b2592b9cfc8c131e8400860df9edc319981adb1afd1e0b,30/04/2018,1803.333333,0,31.19333333333333,14.560000000000002,27.566666666666663,74.28,6.260000000000001,18.73333333333333
6b294fede7561d76c0b2592b9cfc8c131e8400860df9edc319981adb1afd1e0b,15/05/2018,1743.666667,0,27.56666666666667,11.153333333333334,28.16666666666667,78.26,4.760000000000001,16.720000000000002
6b294fede7561d76c0b2592b9cfc8c131e8400860df9edc319981adb1afd1e0b,30/05/2018,1722,0,25.73333333333333,9.466666666666669,27.80666666666667,77.70666666666668,4.426666666666667,15.473333333333333
6b294fede7561d76c0b2592b9cfc8c131e8400860df9edc319981adb1afd1e0b,14/06/2018,1876.666667,0.073333333,23.793333333333337,7.02,28.473333333333336,80.61333333333333,3.58,14.546666666666669
6b294fede7561d76c0b2592b9cfc8c131e8400860df9edc319981adb1afd1e0b,29/06/2018,1920,0.046666667,22.5,6.273333333333334,31.380000000000003,85.34666666666666,3.3666666666666667,13.3
6b294fede7561d76c0b2592b9cfc8c131e8400860df9edc319981adb1afd1e0b,14/07/2018,2019,0.006666667,23.480000000000004,6.666666666666667,30.966666666666665,86.03333333333333,3.5200000000000005,14.860000000000005
6b294fede7561d76c0b2592b9cfc8c131e8400860df9edc319981adb1afd1e0b,29/07/2018,1765.666667,0.1066666666665999,25.3,5.586666666666668,22.026666666666667,73.57333333333334,4.006666666666667,16.273333333333333
6b294fede7561d76c0b2592b9cfc8c131e8400860df9edc319981adb1afd1e0b,13/08/2018,1364,0,24.88666666666667,6.066666666666666,20.886666666666667,68.88000000000001,4.66,18.293333333333337
6b294fede7561d76c0b2592b9cfc8c131e8400860df9edc319981adb1afd1e0b,28/08/2018,1259.666667,0.1266666666666424,25.56,4.739999999999999,17.78666666666667,63.98,5.006666666666667,20.826666666666664
6b294fede7561d76c0b2592b9cfc8c131e8400860df9edc319981adb1afd1e0b,12/09/2018,1303.666667,0,28.466666666666672,10.626666666666669,21.040000000000003,61.60666666666667,6.3933333333333335,21.15333333333333
6b294fede7561d76c0b2592b9cfc8c131e8400860df9edc319981adb1afd1e0b,27/09/2018,1256.333333,0,30.16,12.853333333333332,20.566666666666663,59.53333333333333,7.180000000000001,23.506666666666668
6b294fede7561d76c0b2592b9cfc8c131e8400860df9edc319981adb1afd1e0b,12/10/2018,1089.666667,0,33.12,16.886666666666667,23.02,60.553333333333335,8.5,22.880000000000003
6b294fede7561d76c0b2592b9cfc8c131e8400860df9edc319981adb1afd1e0b,27/10/2018,853,1.3599999999998849,36.11333333333334,20.3,28.06,69.63333333333334,9.313333333333334,23.87333333333333
6b294fede7561d76c0b2592b9cfc8c131e8400860df9edc319981adb1afd1e0b,11/11/2018,448.666667,0.046666667,36.66,21.586666666666662,23.086666666666662,54.726666666666674,10.493333333333334,25.473333333333336
6b294fede7561d76c0b2592b9cfc8c131e8400860df9edc319981adb1afd1e0b,26/11/2018,308.666667,2.1933333333332183,35.093333333333334,20.53333333333333,26.05333333333333,55.14666666666667,9.953333333333337,25.186666666666667
6b294fede7561d76c0b2592b9cfc8c131e8400860df9edc319981adb1afd1e0b,11/12/2018,310.666667,0,37.120000000000005,21.160000000000004,19.72,47.91333333333333,11.546666666666669,27.273333333333333
6b294fede7561d76c0b2592b9cfc8c131e8400860df9edc319981adb1afd1e0b,26/12/2018,416.666667,0.3666666666666363,38.24,23.526666666666667,23.360000000000003,52.29333333333334,11.746666666666666,24.44
6b294fede7561d76c0b2592b9cfc8c131e8400860df9edc319981adb1afd1e0b,10/01/2019,383,0.2266666666666424,38.38666666666666,24.94,25,53.62666666666667,11.433333333333335,25.813333333333336
6b294fede7561d76c0b2592b9cfc8c131e8400860df9edc319981adb1afd1e0b,25/01/2019,330.666667,0.08,39.70000000000001,25.006666666666668,24.813333333333336,56.91333333333333,11.686666666666667,26.613333333333337
6b294fede7561d76c0b2592b9cfc8c131e8400860df9edc319981adb1afd1e0b,9/02/2019,418.666667,1.3533333333332245,34.42666666666666,23.64,37.28,68.3,8.206666666666667,15.866666666666667
6b294fede7561d76c0b2592b9cfc8c131e8400860df9edc319981adb1afd1e0b,24/02/2019,847.666667,0.7533333333332545,38.88666666666667,22.23333333333333,19.326666666666668,47.94666666666667,11.340000000000002,26.84
6b294fede7561d76c0b2592b9cfc8c131e8400860df9edc319981adb1afd1e0b,11/03/2019,916.333333,0.04,36.58666666666667,23.24666666666667,29.133333333333333,62.77333333333333,9.133333333333333,20.453333333333333
6b294fede7561d76c0b2592b9cfc8c131e8400860df9edc319981adb1afd1e0b,26/03/2019,930.666667,1.6333333333332425,36.92666666666666,23.56,34.68,71.07333333333334,8.433333333333334,20.160000000000004
6b294fede7561d76c0b2592b9cfc8c131e8400860df9edc319981adb1afd1e0b,10/04/2019,1073,12.879999999999988,28.860000000000003,17.766666666666666,44.28,82.18,5.633333333333334,18.386666666666667
6b294fede7561d76c0b2592b9cfc8c131e8400860df9edc319981adb1afd1e0b,25/04/2019,2028.333333,0,28.53333333333333,16.506666666666668,42.07333333333334,84.88000000000001,5.260000000000001,16.64666666666667
6b294fede7561d76c0b2592b9cfc8c131e8400860df9edc319981adb1afd1e0b,10/05/2019,2507,1.0399999999999332,25.346666666666668,13.126666666666669,44.766666666666666,90.48,4.206666666666667,15.36
6b294fede7561d76c0b2592b9cfc8c131e8400860df9edc319981adb1afd1e0b,25/05/2019,2043.666667,0,26.12,11.593333333333334,38.96000000000001,94.12666666666668,4.1466666666666665,14.58
6b294fede7561d76c0b2592b9cfc8c131e8400860df9edc319981adb1afd1e0b,9/06/2019,1968.666667,0.08,21.133333333333336,6.173333333333334,34.60666666666667,87.41333333333334,3.426666666666667,12.633333333333336
6b294fede7561d76c0b2592b9cfc8c131e8400860df9edc319981adb1afd1e0b,24/06/2019,1992.333333,0.006666667,22.826666666666664,6.540000000000001,32.20666666666667,86.93333333333334,3.3800000000000003,14.873333333333331
6b294fede7561d76c0b2592b9cfc8c131e8400860df9edc319981adb1afd1e0b,9/07/2019,1672.333333,0.1466666666665939,23.660000000000004,10.506666666666668,41.5,88.86,3.22,11.3
6b294fede7561d76c0b2592b9cfc8c131e8400860df9edc319981adb1afd1e0b,24/07/2019,1041,0,23.113333333333337,5.026666666666667,30.206666666666667,89.48,3.533333333333333,16.186666666666667
6b294fede7561d76c0b2592b9cfc8c131e8400860df9edc319981adb1afd1e0b,8/08/2019,956.333333,0.013333333,25.5,8.213333333333335,24.62,72.44666666666667,4.266666666666667,14.713333333333336
6b294fede7561d76c0b2592b9cfc8c131e8400860df9edc319981adb1afd1e0b,23/08/2019,898.333333,0,24.04666666666667,5.840000000000001,22.73333333333333,73.29333333333334,4.6066666666666665,19.46
6b294fede7561d76c0b2592b9cfc8c131e8400860df9edc319981adb1afd1e0b,7/09/2019,875.333333,0,28.62,9.5,17.753333333333334,53.41333333333333,6.253333333333334,21.326666666666668
6b294fede7561d76c0b2592b9cfc8c131e8400860df9edc319981adb1afd1e0b,22/09/2019,859.333333,0,29.360000000000003,9.013333333333334,16.8,57.17333333333333,7.126666666666667,23.41333333333333
6b294fede7561d76c0b2592b9cfc8c131e8400860df9edc319981adb1afd1e0b,7/10/2019,819.666667,0,32.68,16.6,18.953333333333333,49.5,8.366666666666667,22.56666666666667
6b294fede7561d76c0b2592b9cfc8c131e8400860df9edc319981adb1afd1e0b,22/10/2019,782.666667,0,34.580000000000005,15.98,12.78,37.39333333333333,9.9,25.22
6b294fede7561d76c0b2592b9cfc8c131e8400860df9edc319981adb1afd1e0b,6/11/2019,675,7.666666666666606,31.473333333333336,18.87333333333333,31.64,63.41333333333333,8.32,21.8
6b294fede7561d76c0b2592b9cfc8c131e8400860df9edc319981adb1afd1e0b,21/11/2019,942.666667,0,35.61333333333334,17.053333333333335,14.920000000000003,44.20666666666667,11.04,29.513333333333332
6b294fede7561d76c0b2592b9cfc8c131e8400860df9edc319981adb1afd1e0b,6/12/2019,1040.333333,0.06,37.03333333333333,20.980000000000004,20.226666666666667,49.09333333333334,11.26,26.65333333333333
6b294fede7561d76c0b2592b9cfc8c131e8400860df9edc319981adb1afd1e0b,21/12/2019,1036.666667,0,40.61333333333334,22.860000000000003,15.253333333333334,40.48666666666667,13.246666666666668,28.9
6b294fede7561d76c0b2592b9cfc8c131e8400860df9edc319981adb1afd1e0b,5/01/2020,799.333333,0,40.16,25.226666666666667,22.07333333333333,51.14,12.406666666666668,27.493333333333336
6b294fede7561d76c0b2592b9cfc8c131e8400860df9edc319981adb1afd1e0b,20/01/2020,560.333333,2.2799999999998968,38.40666666666667,24.680000000000003,28.19333333333333,62.3,10.626666666666669,25.006666666666668
6b294fede7561d76c0b2592b9cfc8c131e8400860df9edc319981adb1afd1e0b,4/02/2020,532,4.253333333333255,34.56666666666667,24.06,44.84000000000001,78.99333333333334,8.166666666666666,19.186666666666667
6b294fede7561d76c0b2592b9cfc8c131e8400860df9edc319981adb1afd1e0b,19/02/2020,1683.666667,3.446666666666594,37.46666666666667,23.266666666666666,35.32666666666667,78.84,9.306666666666668,24.65333333333334
6b294fede7561d76c0b2592b9cfc8c131e8400860df9edc319981adb1afd1e0b,5/03/2020,1921.666667,9.246666666666563,33.78,23.14666666666667,46.766666666666666,84.92,7.326666666666667,19.5
6b294fede7561d76c0b2592b9cfc8c131e8400860df9edc319981adb1afd1e0b,20/03/2020,3110.333333,1.966666666666606,31.4,18.1,39.24666666666667,85.43333333333335,7.326666666666667,22.23333333333333
6b294fede7561d76c0b2592b9cfc8c131e8400860df9edc319981adb1afd1e0b,4/04/2020,2726.666667,0.1666666666666363,33.93333333333334,20.226666666666667,35.63333333333333,79.56,7.373333333333334,19.84
6b294fede7561d76c0b2592b9cfc8c131e8400860df9edc319981adb1afd1e0b,19/04/2020,2815.666667,0,31.913333333333338,16.44,28.19333333333333,70.61333333333333,6.473333333333334,19.83333333333333
6b294fede7561d76c0b2592b9cfc8c131e8400860df9edc319981adb1afd1e0b,4/05/2020,2374.666667,0,29.506666666666668,13.746666666666666,28.78666666666667,72.56,5.7733333333333325,18.326666666666664
6b294fede7561d76c0b2592b9cfc8c131e8400860df9edc319981adb1afd1e0b,19/05/2020,1880,0,27.16,12.300000000000002,28.706666666666667,71.16666666666667,4.633333333333334,15.92
6b294fede7561d76c0b2592b9cfc8c131e8400860df9edc319981adb1afd1e0b,3/06/2020,1792.666667,0.9933333333333092,21.433333333333337,8.6,41.32000000000001,86.48666666666666,3.4600000000000004,13.12
6b294fede7561d76c0b2592b9cfc8c131e8400860df9edc319981adb1afd1e0b,18/06/2020,2361.333333,0.053333333,25.39333333333333,9.953333333333337,32.78,84.98666666666668,3.6,14.4
6b294fede7561d76c0b2592b9cfc8c131e8400860df9edc319981adb1afd1e0b,3/07/2020,2262.333333,0.006666667,23.753333333333337,7.106666666666667,32.653333333333336,92.21333333333334,3.4266666666666667,14.18
6b294fede7561d76c0b2592b9cfc8c131e8400860df9edc319981adb1afd1e0b,18/07/2020,2467.333333,0.013333333,22.21333333333333,5.193333333333333,30.986666666666668,91.08,3.433333333333333,15.033333333333331
6b294fede7561d76c0b2592b9cfc8c131e8400860df9edc319981adb1afd1e0b,2/08/2020,2173.666667,0,23.73333333333333,6.033333333333333,28.600000000000005,86.94,3.726666666666667,15.88
6b294fede7561d76c0b2592b9cfc8c131e8400860df9edc319981adb1afd1e0b,17/08/2020,1752.333333,1.3866666666666485,25.02,8.860000000000001,34.12,88.92666666666668,4.406666666666667,17.053333333333335
6b294fede7561d76c0b2592b9cfc8c131e8400860df9edc319981adb1afd1e0b,1/09/2020,1768.333333,0,26.01333333333333,7.406666666666666,19.773333333333333,63.766666666666666,5.206666666666667,20.90666666666667
6b294fede7561d76c0b2592b9cfc8c131e8400860df9edc319981adb1afd1e0b,16/09/2020,1486.666667,0,30.26666666666667,15.000000000000002,28.60666666666667,72.61333333333333,6.666666666666667,21.093333333333337
6b294fede7561d76c0b2592b9cfc8c131e8400860df9edc319981adb1afd1e0b,1/10/2020,1703.333333,3.2,29.133333333333333,15.326666666666666,29.69333333333333,65.48,6.620000000000001,20.34
6b294fede7561d76c0b2592b9cfc8c131e8400860df9edc319981adb1afd1e0b,16/10/2020,2338,0.5399999999999636,31.966666666666672,17.259999999999998,26.74666666666667,63.98666666666667,8.28,24.14666666666667
6b294fede7561d76c0b2592b9cfc8c131e8400860df9edc319981adb1afd1e0b,31/10/2020,1974,0.5133333333332909,33.03333333333333,15.493333333333334,22.24666666666667,60.473333333333336,8.82,24.76
6b294fede7561d76c0b2592b9cfc8c131e8400860df9edc319981adb1afd1e0b,15/11/2020,1456.333333,0.4466666666666545,35.7,18.540000000000003,21.906666666666663,55.35333333333334,10.473333333333334,27.566666666666663
6b294fede7561d76c0b2592b9cfc8c131e8400860df9edc319981adb1afd1e0b,30/11/2020,1188.666667,0,39.373333333333335,24.3,20.540000000000003,47.81333333333334,11.893333333333334,28.733333333333334
6b294fede7561d76c0b2592b9cfc8c131e8400860df9edc319981adb1afd1e0b,15/12/2020,1022,0.6933333333332484,37.99333333333334,23.613333333333337,22.75333333333333,50.65333333333333,11.553333333333336,26.1
6b294fede7561d76c0b2592b9cfc8c131e8400860df9edc319981adb1afd1e0b,30/12/2020,1026.333333,3.4933333333332786,34.88,23.44,41.04,75.42000000000002,9.166666666666666,19.7
6b294fede7561d76c0b2592b9cfc8c131e8400860df9edc319981adb1afd1e0b,14/01/2021,1969,3.1066666666665395,33.053333333333335,21.613333333333333,45.88666666666667,88.61999999999999,8.066666666666666,21.08
6b294fede7561d76c0b2592b9cfc8c131e8400860df9edc319981adb1afd1e0b,29/01/2021,1600,0.5199999999999515,37.42666666666667,23.24,27.380000000000003,61.42,10.593333333333335,25.600000000000005
6b294fede7561d76c0b2592b9cfc8c131e8400860df9edc319981adb1afd1e0b,13/02/2021,1262,1.206666667,37.14666666666667,24.006666666666668,34.53333333333333,72.76666666666667,9.18,21.846666666666668
6b294fede7561d76c0b2592b9cfc8c131e8400860df9edc319981adb1afd1e0b,28/02/2021,1110.333333,2.0066666666665696,36.333333333333336,22.266666666666666,33.74666666666667,74.66000000000001,9.06,21.826666666666668
6b294fede7561d76c0b2592b9cfc8c131e8400860df9edc319981adb1afd1e0b,15/03/2021,1185,1.0533333333332544,35.32000000000001,21.453333333333337,33.43333333333333,70.91333333333334,8.16,22.146666666666665
6b294fede7561d76c0b2592b9cfc8c131e8400860df9edc319981adb1afd1e0b,30/03/2021,1504.666667,2.959999999999915,31.673333333333336,19.806666666666665,42.193333333333335,82.74666666666668,6.74,18.08
6b294fede7561d76c0b2592b9cfc8c131e8400860df9edc319981adb1afd1e0b,14/04/2021,1736.666667,3.2599999999999456,30.366666666666667,16.46,36.42,81.83333333333333,5.966666666666667,19.146666666666665
6b294fede7561d76c0b2592b9cfc8c131e8400860df9edc319981adb1afd1e0b,29/04/2021,1798,0.006666667,29.24666666666667,13.6,27.96,72.8,5.886666666666668,17.69333333333333
6b294fede7561d76c0b2592b9cfc8c131e8400860df9edc319981adb1afd1e0b,14/05/2021,1541.333333,0.2,28.093333333333337,12.06,31.60666666666667,84.61333333333333,4.806666666666668,17.113333333333333
6b294fede7561d76c0b2592b9cfc8c131e8400860df9edc319981adb1afd1e0b,29/05/2021,1105.333333,0,25.040000000000003,9.14,27.660000000000004,74.71333333333334,4.400000000000001,15.78
6b294fede7561d76c0b2592b9cfc8c131e8400860df9edc319981adb1afd1e0b,13/06/2021,933,0.133333333,23.226666666666667,6.6000000000000005,32,86.71333333333334,3.533333333333333,13.706666666666669
6b294fede7561d76c0b2592b9cfc8c131e8400860df9edc319981adb1afd1e0b,28/06/2021,1023,1.126666666666612,21.953333333333333,7.526666666666667,38.766666666666666,89.08,3.193333333333334,11.686666666666667
6b294fede7561d76c0b2592b9cfc8c131e8400860df9edc319981adb1afd1e0b,13/07/2021,1250,1.4133333333332605,21.473333333333336,7.2,40.766666666666666,94.76,3.106666666666667,14.046666666666663
6b294fede7561d76c0b2592b9cfc8c131e8400860df9edc319981adb1afd1e0b,28/07/2021,1182.666667,0,23.75333333333333,5.753333333333333,29.453333333333333,88.33333333333334,3.62,15.613333333333337
6b294fede7561d76c0b2592b9cfc8c131e8400860df9edc319981adb1afd1e0b,12/08/2021,1242.333333,0.046666667,26.03333333333334,9.433333333333334,29.86666666666667,83.58666666666666,4.446666666666667,17.006666666666668
6b294fede7561d76c0b2592b9cfc8c131e8400860df9edc319981adb1afd1e0b,27/08/2021,1256,0.6866666666666484,26.133333333333333,9.766666666666667,26.146666666666665,72.96000000000001,4.813333333333334,19.1
6b294fede7561d76c0b2592b9cfc8c131e8400860df9edc319981adb1afd1e0b,11/09/2021,1188.666667,0,28.34,11.36,26.64,71.70666666666668,6.02,19.780000000000005
6b294fede7561d76c0b2592b9cfc8c131e8400860df9edc319981adb1afd1e0b,26/09/2021,1187,0.033333333,30.120000000000005,12.46,18.866666666666667,55.91333333333333,7.286666666666667,23.3
6b294fede7561d76c0b2592b9cfc8c131e8400860df9edc319981adb1afd1e0b,11/10/2021,1098,0.566666667,32.40666666666667,16.293333333333333,27.05333333333333,63.85333333333334,8.040000000000001,21.86666666666667
6b294fede7561d76c0b2592b9cfc8c131e8400860df9edc319981adb1afd1e0b,26/10/2021,866.333333,0.2999999999999697,34.74,15.673333333333336,19.60666666666667,58.54,9.353333333333332,24.266666666666666
6b294fede7561d76c0b2592b9cfc8c131e8400860df9edc319981adb1afd1e0b,10/11/2021,924,4.886666666666527,33.873333333333335,21.486666666666668,37.260000000000005,75.74000000000001,8.386666666666667,21.686666666666667
6b294fede7561d76c0b2592b9cfc8c131e8400860df9edc319981adb1afd1e0b,25/11/2021,1316,5.793333333333249,30.113333333333333,17.553333333333335,36.88666666666667,74.62666666666668,8.1,24.10666666666667
6b294fede7561d76c0b2592b9cfc8c131e8400860df9edc319981adb1afd1e0b,10/12/2021,2158.333333,5.519999999999952,32.74666666666667,19.71333333333333,40.49333333333334,84.24666666666667,8.866666666666667,24.113333333333337
6b294fede7561d76c0b2592b9cfc8c131e8400860df9edc319981adb1afd1e0b,25/12/2021,2183.333333,0.7266666666666121,36.88666666666666,21.093333333333337,29.78666666666667,73.94,10.78,27.6
6b294fede7561d76c0b2592b9cfc8c131e8400860df9edc319981adb1afd1e0b,9/01/2022,2086,1.5733333333332666,38.653333333333336,21.966666666666665,27.35333333333333,69.36,11.246666666666668,26.526666666666667
6b294fede7561d76c0b2592b9cfc8c131e8400860df9edc319981adb1afd1e0b,24/01/2022,1515.333333,2.0933333333332182,38.07333333333334,24.7,32.24666666666667,67.32666666666667,10.173333333333334,21.660000000000004
6b294fede7561d76c0b2592b9cfc8c131e8400860df9edc319981adb1afd1e0b,8/02/2022,1394.333333,5.593333333333218,33.14,21.38,43.8,84.26,7.64,20.16666666666667
6b294fede7561d76c0b2592b9cfc8c131e8400860df9edc319981adb1afd1e0b,23/02/2022,1487.333333,1.0133333333332908,36.806666666666665,21.613333333333337,31.18,74.94000000000001,9.36,25.75333333333333
6b294fede7561d76c0b2592b9cfc8c131e8400860df9edc319981adb1afd1e0b,10/03/2022,1514.666667,0,37.74666666666667,20.946666666666665,25.633333333333333,67.00000000000001,9.646666666666668,23.30666666666667
6b294fede7561d76c0b2592b9cfc8c131e8400860df9edc319981adb1afd1e0b,25/03/2022,1220.333333,0.933333333,35.693333333333335,20.633333333333336,30.56,72.88666666666668,8.360000000000001,22.84
6b294fede7561d76c0b2592b9cfc8c131e8400860df9edc319981adb1afd1e0b,9/04/2022,1041.333333,2.239999999999903,32.6,18.42,37.48666666666667,85.06,6.48,19.92
6b294fede7561d76c0b2592b9cfc8c131e8400860df9edc319981adb1afd1e0b,24/04/2022,1223,0.1733333333333272,31.65333333333333,17.560000000000002,34.053333333333335,77.3,6.08,17.88
6b294fede7561d76c0b2592b9cfc8c131e8400860df9edc319981adb1afd1e0b,9/05/2022,1767,9.139999999999931,26.04666666666667,16.633333333333336,51.56000000000001,89.52666666666667,3.966666666666667,11.88
6b294fede7561d76c0b2592b9cfc8c131e8400860df9edc319981adb1afd1e0b,24/05/2022,3048.333333,4.9466666666665935,24.71333333333333,15.273333333333332,56.82666666666668,96.38,3.4266666666666667,11.613333333333337
6b294fede7561d76c0b2592b9cfc8c131e8400860df9edc319981adb1afd1e0b,8/06/2022,3570.333333,0.2533333333332848,22.24666666666667,9.853333333333332,46.32666666666667,93.58666666666666,3.22,11.626666666666669
6b294fede7561d76c0b2592b9cfc8c131e8400860df9edc319981adb1afd1e0b,23/06/2022,3480.666667,0,21.813333333333333,5.006666666666666,36.54666666666667,97.08,3.226666666666667,14.32666666666667
6b294fede7561d76c0b2592b9cfc8c131e8400860df9edc319981adb1afd1e0b,8/07/2022,3425.333333,1.7599999999999454,19.36666666666667,7.066666666666667,51.29333333333334,98.26,2.7,11.353333333333332
6b294fede7561d76c0b2592b9cfc8c131e8400860df9edc319981adb1afd1e0b,23/07/2022,3258,1.2733333333333272,20.646666666666665,3.9533333333333336,39.03333333333333,99.43333333333334,3.12,15.693333333333332
6b294fede7561d76c0b2592b9cfc8c131e8400860df9edc319981adb1afd1e0b,7/08/2022,3212,0.2933333333333091,23.813333333333336,9.36,41.64,97.1,3.58,15.206666666666669
6b294fede7561d76c0b2592b9cfc8c131e8400860df9edc319981adb1afd1e0b,22/08/2022,3117.333333,0.02,23.33333333333333,5.566666666666666,30.793333333333337,92.42666666666668,4.26,17.813333333333333
6b294fede7561d76c0b2592b9cfc8c131e8400860df9edc319981adb1afd1e0b,6/09/2022,3054.666667,4.186666666666588,23.30666666666667,10.306666666666668,42.35333333333334,88.85333333333332,4.213333333333334,17.453333333333333
6b294fede7561d76c0b2592b9cfc8c131e8400860df9edc319981adb1afd1e0b,21/09/2022,2911,3.4733333333332665,26.53333333333333,12.213333333333331,37.080000000000005,86.10000000000001,5.58,19.133333333333333
6b294fede7561d76c0b2592b9cfc8c131e8400860df9edc319981adb1afd1e0b,6/10/2022,2823.333333,0.933333333,28.14666666666667,13.406666666666668,36.59333333333334,87.78,6.260000000000001,20.566666666666663
6b294fede7561d76c0b2592b9cfc8c131e8400860df9edc319981adb1afd1e0b,21/10/2022,2657.666667,3.899999999999909,29.18,16.68,44.88,91.48666666666666,6.486666666666667,19.433333333333337
6b294fede7561d76c0b2592b9cfc8c131e8400860df9edc319981adb1afd1e0b,5/11/2022,2543.666667,0.6399999999999636,31.480000000000004,15.506666666666666,27.65333333333333,70.84666666666666,8.533333333333333,24.92666666666667
6b294fede7561d76c0b2592b9cfc8c131e8400860df9edc319981adb1afd1e0b,20/11/2022,1961.333333,0.3133333333333212,32.9,17.893333333333334,29.53333333333334,71.03333333333333,8.853333333333333,22.87333333333333
6b294fede7561d76c0b2592b9cfc8c131e8400860df9edc319981adb1afd1e0b,5/12/2022,1939.333333,0.6266666666665212,33.25333333333334,18.65333333333333,27.186666666666667,63.90666666666667,9.080000000000002,22.64666666666667
6b294fede7561d76c0b2592b9cfc8c131e8400860df9edc319981adb1afd1e0b,20/12/2022,1071.666667,1.5199999999999212,35.79333333333333,20.346666666666668,25.80666666666667,60.80666666666668,10.666666666666666,26.466666666666665
6b294fede7561d76c0b2592b9cfc8c131e8400860df9edc319981adb1afd1e0b,4/01/2023,929.333333,1.8933333333332485,34.59333333333334,21.74,36.21333333333334,73.40000000000002,9.506666666666668,21.166666666666668
6b294fede7561d76c0b2592b9cfc8c131e8400860df9edc319981adb1afd1e0b,19/01/2023,918,6.599999999999879,31.753333333333337,21.026666666666667,50.18,88.49333333333333,7.246666666666668,19.89333333333333
6b294fede7561d76c0b2592b9cfc8c131e8400860df9edc319981adb1afd1e0b,3/02/2023,1236,0.9666666666665454,34.9,22.966666666666665,42.77333333333333,85.15333333333335,8.593333333333334,26.733333333333334
6b294fede7561d76c0b2592b9cfc8c131e8400860df9edc319981adb1afd1e0b,18/02/2023,2198.666667,2.6066666666666305,34.74666666666667,20.58,35.11333333333334,75.02666666666667,8.54,23.366666666666667
6b294fede7561d76c0b2592b9cfc8c131e8400860df9edc319981adb1afd1e0b,5/03/2023,3124.333333,0.2399999999999636,36.06,21.413333333333338,31.6,74.00666666666666,8.806666666666667,23.466666666666665
6b294fede7561d76c0b2592b9cfc8c131e8400860df9edc319981adb1afd1e0b,20/03/2023,3081.333333,5.999999999999909,32.75333333333334,20.466666666666672,49.2,93.23333333333336,6.533333333333333,19.026666666666667
6b294fede7561d76c0b2592b9cfc8c131e8400860df9edc319981adb1afd1e0b,4/04/2023,3055.333333,0.006666667,33.27333333333333,18.9,34.85333333333334,81.14,7.186666666666667,20.953333333333333
6b294fede7561d76c0b2592b9cfc8c131e8400860df9edc319981adb1afd1e0b,19/04/2023,3121,0.093333333,32.473333333333336,14.126666666666669,27.90666666666667,79.48666666666668,6.446666666666667,18.133333333333336
6b294fede7561d76c0b2592b9cfc8c131e8400860df9edc319981adb1afd1e0b,4/05/2023,2818.333333,0.193333333,29.026666666666664,13.053333333333336,33.63333333333333,86.7,5.286666666666666,16.6
6b294fede7561d76c0b2592b9cfc8c131e8400860df9edc319981adb1afd1e0b,19/05/2023,2851,0,25.94666666666667,8.566666666666666,28.68,84.01333333333334,4.513333333333334,16.34
6b294fede7561d76c0b2592b9cfc8c131e8400860df9edc319981adb1afd1e0b,3/06/2023,2696.666667,0,24.83333333333333,4.906666666666667,23.966666666666672,84.72,4.306666666666668,15.606666666666667
6b294fede7561d76c0b2592b9cfc8c131e8400860df9edc319981adb1afd1e0b,18/06/2023,2520.666667,0.2066666666666606,26.23333333333333,10.32,33.38,88.26,3.646666666666667,14.453333333333337
6b294fede7561d76c0b2592b9cfc8c131e8400860df9edc319981adb1afd1e0b,3/07/2023,1934.333333,0.393333333,24.52,10.646666666666668,33.559999999999995,71.65333333333334,3.64,12.88
6b294fede7561d76c0b2592b9cfc8c131e8400860df9edc319981adb1afd1e0b,18/07/2023,1466.666667,2.4066666666666303,22.99333333333333,7.753333333333334,40.28,95.49333333333334,3.246666666666667,14.493333333333334
6b294fede7561d76c0b2592b9cfc8c131e8400860df9edc319981adb1afd1e0b,2/08/2023,1283,0.133333333,24.980000000000004,9.086666666666668,32.54,86.54666666666667,3.786666666666667,16.220000000000002
6b294fede7561d76c0b2592b9cfc8c131e8400860df9edc319981adb1afd1e0b,17/08/2023,1272.666667,0,27.773333333333333,8.733333333333333,25.90666666666667,83.49333333333334,5,18.166666666666668
6b294fede7561d76c0b2592b9cfc8c131e8400860df9edc319981adb1afd1e0b,1/09/2023,1337.666667,0,28.226666666666667,9.14,23.28666666666667,75.22000000000001,5.320000000000001,19.38
6b294fede7561d76c0b2592b9cfc8c131e8400860df9edc319981adb1afd1e0b,16/09/2023,1295,0,30.25333333333333,11.353333333333332,19.160000000000004,63.373333333333335,7.140000000000001,21.39333333333333
6b294fede7561d76c0b2592b9cfc8c131e8400860df9edc319981adb1afd1e0b,1/10/2023,1541,0,32.526666666666664,14.7,23.706666666666667,70.11333333333333,7.633333333333334,23.19333333333333
6b294fede7561d76c0b2592b9cfc8c131e8400860df9edc319981adb1afd1e0b,16/10/2023,1540.333333,0.006666667,32.806666666666665,15.773333333333335,21.68,58.433333333333344,8.713333333333335,24.87333333333333
6b294fede7561d76c0b2592b9cfc8c131e8400860df9edc319981adb1afd1e0b,31/10/2023,1290.666667,0.033333333,35.14666666666667,17.253333333333334,18.14,51.92,9.82,26.980000000000004
6b294fede7561d76c0b2592b9cfc8c131e8400860df9edc319981adb1afd1e0b,15/11/2023,1165.666667,1.3599999999999757,36.45333333333334,20.62666666666667,26.26,63.620000000000005,10.393333333333334,28.14
6b294fede7561d76c0b2592b9cfc8c131e8400860df9edc319981adb1afd1e0b,30/11/2023,1017.333333,4.539999999999903,32.66,21.22666666666667,41.68666666666668,77.79333333333334,7.866666666666668,20.82
6b294fede7561d76c0b2592b9cfc8c131e8400860df9edc319981adb1afd1e0b,15/12/2023,2044,0.1999999999999696,37.266666666666666,21.75333333333333,30.100000000000005,73.74000000000001,10.9,29.49333333333333
6b294fede7561d76c0b2592b9cfc8c131e8400860df9edc319981adb1afd1e0b,30/12/2023,1946.333333,1.6933333333332483,38.053333333333335,21.113333333333333,29.19333333333333,72.68666666666668,11.013333333333334,27.833333333333336
6b294fede7561d76c0b2592b9cfc8c131e8400860df9edc319981adb1afd1e0b,14/01/2024,1879.666667,4.479999999999866,37.120000000000005,23.253333333333337,37.75333333333334,82.15333333333335,9.46,26.040000000000003
6b294fede7561d76c0b2592b9cfc8c131e8400860df9edc319981adb1afd1e0b,29/01/2024,2080,2.546666666666594,38.03333333333333,25.85333333333334,39.44666666666667,77.50666666666667,9.580000000000002,25.473333333333336
6b294fede7561d76c0b2592b9cfc8c131e8400860df9edc319981adb1afd1e0b,13/02/2024,2390.333333,4.526666666666612,37.12,23.926666666666662,38.72666666666667,81.44666666666667,8.92,24.5
6b294fede7561d76c0b2592b9cfc8c131e8400860df9edc319981adb1afd1e0b,28/02/2024,2588,2.6266666666665817,33.8,22.333333333333336,47.57333333333334,91.83333333333331,7.280000000000001,22.54666666666667
6b294fede7561d76c0b2592b9cfc8c131e8400860df9edc319981adb1afd1e0b,14/03/2024,2445.333333,0,35.95333333333334,21.040000000000003,33.36666666666667,79.01333333333334,8.5,24.633333333333333
6b294fede7561d76c0b2592b9cfc8c131e8400860df9edc319981adb1afd1e0b,29/03/2024,2622.666667,4.339999999999933,33.39333333333334,22.58666666666667,46.06,82.18666666666668,6.713333333333334,17.486666666666668
6b294fede7561d76c0b2592b9cfc8c131e8400860df9edc319981adb1afd1e0b,13/04/2024,3227.666667,3.8066666666666302,29.233333333333334,16.346666666666668,43.84,91.20666666666666,5.52,19.35333333333333
6b294fede7561d76c0b2592b9cfc8c131e8400860df9edc319981adb1afd1e0b,28/04/2024,3069.333333,0.006666667,29.246666666666663,14.333333333333336,35.9,88.07333333333334,5.620000000000001,19.166666666666668
6b294fede7561d76c0b2592b9cfc8c131e8400860df9edc319981adb1afd1e0b,13/05/2024,3115.333333,0.3999999999999696,28.613333333333337,14.273333333333332,40.16666666666666,94.75333333333332,4.5600000000000005,16.686666666666667
6b294fede7561d76c0b2592b9cfc8c131e8400860df9edc319981adb1afd1e0b,28/05/2024,3662.333333,0,26.293333333333337,9.426666667,32.480000000000004,92.80666666666669,4.326666666666667,15.553333333333336
6b294fede7561d76c0b2592b9cfc8c131e8400860df9edc319981adb1afd1e0b,12/06/2024,3215.333333,0.5599999999999757,23.166666666666668,6.640000000000001,39.22666666666667,97.49333333333334,3.3466666666666667,14.093333333333334
6b294fede7561d76c0b2592b9cfc8c131e8400860df9edc319981adb1afd1e0b,27/06/2024,3250,0.026666667,23.8,5.5600000000000005,30.5,90.96,3.48,13.766666666666667
6b294fede7561d76c0b2592b9cfc8c131e8400860df9edc319981adb1afd1e0b,12/07/2024,2532.666667,0.466666667,24.46,10.166666666666668,44.93333333333333,97.99333333333334,3.1733333333333333,13.433333333333334
6b294fede7561d76c0b2592b9cfc8c131e8400860df9edc319981adb1afd1e0b,27/07/2024,1526.333333,0.046666667,22.006666666666668,4.306666666666668,31.94666666666667,93.87333333333336,3.3800000000000003,15.22
6b294fede7561d76c0b2592b9cfc8c131e8400860df9edc319981adb1afd1e0b,11/08/2024,1425.333333,0.5133333333332909,24.293333333333337,6.753333333333333,31.28,86.30666666666666,4.0600000000000005,16.400000000000002
6b294fede7561d76c0b2592b9cfc8c131e8400860df9edc319981adb1afd1e0b,26/08/2024,1269.666667,1.1999999999999698,29.69333333333333,11.186666666666667,31.85333333333333,90.51333333333334,5.113333333333333,18.83333333333333
6b294fede7561d76c0b2592b9cfc8c131e8400860df9edc319981adb1afd1e0b,10/09/2024,1226,0,32.766666666666666,13.433333333333334,24.01333333333333,77.10666666666667,6.953333333333334,21.07333333333333
6b294fede7561d76c0b2592b9cfc8c131e8400860df9edc319981adb1afd1e0b,25/09/2024,1215.333333,0,30.280000000000005,12.433333333333335,19.273333333333333,55.81333333333334,7.266666666666667,22.613333333333337
6b294fede7561d76c0b2592b9cfc8c131e8400860df9edc319981adb1afd1e0b,10/10/2024,1131.333333,1.733333333333303,32.81333333333334,15.54,25.49333333333333,69.8,8.106666666666667,23.486666666666668
6b294fede7561d76c0b2592b9cfc8c131e8400860df9edc319981adb1afd1e0b,25/10/2024,968,0,35.626666666666665,19.773333333333333,25.226666666666667,63.69333333333334,9.346666666666668,25.480000000000004
6b294fede7561d76c0b2592b9cfc8c131e8400860df9edc319981adb1afd1e0b,9/11/2024,987.333333,1.0933333333332789,38.06000000000001,20.78666666666667,20.57333333333333,54.81333333333334,10.953333333333337,27.4
6b294fede7561d76c0b2592b9cfc8c131e8400860df9edc319981adb1afd1e0b,24/11/2024,962.333333,3.9666666666665455,34.919999999999995,22.03333333333333,36.91333333333333,76.08,8.866666666666667,23.53333333333333
6b294fede7561d76c0b2592b9cfc8c131e8400860df9edc319981adb1afd1e0b,9/12/2024,1300,2.9933333333332786,34.720000000000006,23.1,42.126666666666665,80.20666666666666,9.073333333333334,25.380000000000003
6b294fede7561d76c0b2592b9cfc8c131e8400860df9edc319981adb1afd1e0b,24/12/2024,1441,0.4866666666666182,37.053333333333335,22.466666666666665,33.10666666666666,74.72666666666667,10.433333333333335,27.07333333333333
e59f403db9fb2286ae2a0838ccdc0bcf703b1cf04b933261f4ead66c3d65dda8,5/01/2017,2066,1.499999999999909,35.660000000000004,24.8,40.8,75.4,8.66,20.06
e59f403db9fb2286ae2a0838ccdc0bcf703b1cf04b933261f4ead66c3d65dda8,20/01/2017,2066,3.3599999999999453,36.48666666666667,24.06,38.226666666666674,76.43333333333334,9.42,23.540000000000003
e59f403db9fb2286ae2a0838ccdc0bcf703b1cf04b933261f4ead66c3d65dda8,4/02/2017,1707,0.7199999999999818,38.18,24.80666666666667,35.306666666666665,74.64000000000001,10.193333333333332,24.73333333333333
e59f403db9fb2286ae2a0838ccdc0bcf703b1cf04b933261f4ead66c3d65dda8,19/02/2017,839,0.1066666666666302,39.61333333333334,24.506666666666668,27.166666666666668,62.82666666666668,10.88,25.206666666666667
e59f403db9fb2286ae2a0838ccdc0bcf703b1cf04b933261f4ead66c3d65dda8,6/03/2017,850,0.8399999999999029,36.10666666666667,20.866666666666667,30.54666666666667,73.95333333333333,8.82,21.44666666666667
e59f403db9fb2286ae2a0838ccdc0bcf703b1cf04b933261f4ead66c3d65dda8,21/03/2017,868.666667,0.4466666666666242,36.620000000000005,20.42666666666667,29.026666666666667,71.46666666666667,8.640000000000002,20.92
e59f403db9fb2286ae2a0838ccdc0bcf703b1cf04b933261f4ead66c3d65dda8,5/04/2017,1090,0.02,34.2,18.8,31.94,77.44,7.4333333333333345,19.53333333333333
e59f403db9fb2286ae2a0838ccdc0bcf703b1cf04b933261f4ead66c3d65dda8,20/04/2017,1080.666667,0,31.526666666666667,14.04,26.44666666666667,75.82000000000001,6.526666666666667,20.22666666666667
e59f403db9fb2286ae2a0838ccdc0bcf703b1cf04b933261f4ead66c3d65dda8,5/05/2017,1077.333333,0.046666667,29.006666666666668,14.226666666666668,31.726666666666667,78.1,5.4,16.246666666666666
e59f403db9fb2286ae2a0838ccdc0bcf703b1cf04b933261f4ead66c3d65dda8,20/05/2017,1080,0.2933333333333091,27.34,11.633333333333333,34.326666666666675,85.95333333333335,4.44,14.486666666666668
e59f403db9fb2286ae2a0838ccdc0bcf703b1cf04b933261f4ead66c3d65dda8,4/06/2017,1102,0,26.586666666666662,9.080000000000002,27.68,81.5,4.373333333333334,15.506666666666668
e59f403db9fb2286ae2a0838ccdc0bcf703b1cf04b933261f4ead66c3d65dda8,19/06/2017,1087.333333,0,23.72,5.86,30.266666666666666,91.70666666666668,3.4866666666666664,14.98
e59f403db9fb2286ae2a0838ccdc0bcf703b1cf04b933261f4ead66c3d65dda8,4/07/2017,1070.666667,0.2466666666666545,25.180000000000003,8.6,32.980000000000004,89.18666666666667,3.5400000000000005,13.333333333333334
e59f403db9fb2286ae2a0838ccdc0bcf703b1cf04b933261f4ead66c3d65dda8,19/07/2017,1082.666667,0.926666667,24.72,10.086666666666668,37.7,89.08666666666666,3.426666666666667,13.24
e59f403db9fb2286ae2a0838ccdc0bcf703b1cf04b933261f4ead66c3d65dda8,3/08/2017,1024,0,26.473333333333336,6.86,22.166666666666668,75.27333333333334,4.3,17.233333333333334
e59f403db9fb2286ae2a0838ccdc0bcf703b1cf04b933261f4ead66c3d65dda8,18/08/2017,1006,0,28.03333333333333,6.346666666666667,17.686666666666667,68.82000000000001,5.373333333333334,19.32
e59f403db9fb2286ae2a0838ccdc0bcf703b1cf04b933261f4ead66c3d65dda8,2/09/2017,1021.666667,0,25.96,6.220000000000001,15.326666666666666,53.79333333333334,5.406666666666667,21.026666666666667
e59f403db9fb2286ae2a0838ccdc0bcf703b1cf04b933261f4ead66c3d65dda8,17/09/2017,1029,0,28.24,8.506666666666668,16.153333333333332,56.23333333333333,6.8133333333333335,22.65333333333333
e59f403db9fb2286ae2a0838ccdc0bcf703b1cf04b933261f4ead66c3d65dda8,2/10/2017,1051,0.08,34.78,15.833333333333336,18.4,54.18,8.933333333333334,21.833333333333336
e59f403db9fb2286ae2a0838ccdc0bcf703b1cf04b933261f4ead66c3d65dda8,17/10/2017,967.666667,1.713333333333291,34.14666666666667,19.94666666666667,34.00000000000001,76.58,7.993333333333334,20.766666666666666
e59f403db9fb2286ae2a0838ccdc0bcf703b1cf04b933261f4ead66c3d65dda8,1/11/2017,949.333333,1.5066666666665394,32.36,17.033333333333335,30.366666666666667,72.78,8.086666666666668,22.96
e59f403db9fb2286ae2a0838ccdc0bcf703b1cf04b933261f4ead66c3d65dda8,16/11/2017,962.333333,0.2466666666665939,33.57333333333334,18.486666666666668,26.35333333333333,62.94666666666667,9.44,24.313333333333333
e59f403db9fb2286ae2a0838ccdc0bcf703b1cf04b933261f4ead66c3d65dda8,1/12/2017,914,0.4133333333332302,34.4,20.71333333333333,31.700000000000003,70.55333333333333,9.173333333333336,23.000000000000004
e59f403db9fb2286ae2a0838ccdc0bcf703b1cf04b933261f4ead66c3d65dda8,16/12/2017,875.333333,0.6799999999999575,36.42666666666667,20.55333333333333,22.793333333333333,55.59333333333333,11.246666666666668,27.346666666666668
e59f403db9fb2286ae2a0838ccdc0bcf703b1cf04b933261f4ead66c3d65dda8,31/12/2017,897.666667,0.5333333333332727,40.14666666666667,25.44,23.986666666666668,55.080000000000005,12.066666666666666,26.3
e59f403db9fb2286ae2a0838ccdc0bcf703b1cf04b933261f4ead66c3d65dda8,15/01/2018,888,0.046666667,39.59333333333334,25.066666666666663,22.773333333333333,51.52,11.913333333333334,26.10666666666667
e59f403db9fb2286ae2a0838ccdc0bcf703b1cf04b933261f4ead66c3d65dda8,30/01/2018,859,0.1799999999999878,38.58666666666667,24.76,25.26,55.56666666666667,11.126666666666669,23.88
e59f403db9fb2286ae2a0838ccdc0bcf703b1cf04b933261f4ead66c3d65dda8,14/02/2018,840.666667,1.3066666666666606,37.9,22.60666666666667,25.913333333333338,59.12,10.673333333333336,23.64666666666667
e59f403db9fb2286ae2a0838ccdc0bcf703b1cf04b933261f4ead66c3d65dda8,1/03/2018,856.333333,0.233333333,38.440000000000005,23.69333333333333,30.87333333333333,69.94000000000001,10.006666666666666,22.313333333333333
e59f403db9fb2286ae2a0838ccdc0bcf703b1cf04b933261f4ead66c3d65dda8,16/03/2018,973.666667,6.619999999999921,31.08,20.30666666666667,47.56666666666667,85.47333333333333,6.280000000000001,16.666666666666668
e59f403db9fb2286ae2a0838ccdc0bcf703b1cf04b933261f4ead66c3d65dda8,31/03/2018,1301.666667,2.026666666666612,33.873333333333335,19.926666666666662,38.120000000000005,85.30666666666666,7.553333333333333,20.25333333333333
e59f403db9fb2286ae2a0838ccdc0bcf703b1cf04b933261f4ead66c3d65dda8,15/04/2018,1428.666667,0.033333333,32.6,18.433333333333334,35.34,81.23333333333335,6.406666666666667,18.773333333333333
e59f403db9fb2286ae2a0838ccdc0bcf703b1cf04b933261f4ead66c3d65dda8,30/04/2018,1333.333333,0,30.880000000000003,14.206666666666669,29.03333333333334,78.88666666666667,6.1466666666666665,18.646666666666665
e59f403db9fb2286ae2a0838ccdc0bcf703b1cf04b933261f4ead66c3d65dda8,15/05/2018,1213.333333,0,27.293333333333337,10.68,28.72,81.08666666666666,4.720000000000001,16.6
e59f403db9fb2286ae2a0838ccdc0bcf703b1cf04b933261f4ead66c3d65dda8,30/05/2018,1202.333333,0,25.446666666666665,8.826666666666666,27.68,78.93333333333334,4.386666666666667,15.433333333333334
e59f403db9fb2286ae2a0838ccdc0bcf703b1cf04b933261f4ead66c3d65dda8,14/06/2018,1126.666667,0.013333333,23.58,6.673333333333334,28.413333333333338,82.00666666666667,3.5533333333333337,14.413333333333334
e59f403db9fb2286ae2a0838ccdc0bcf703b1cf04b933261f4ead66c3d65dda8,29/06/2018,1050,0,22.2,5.74,31.72666666666667,87.26,3.293333333333333,13.16
e59f403db9fb2286ae2a0838ccdc0bcf703b1cf04b933261f4ead66c3d65dda8,14/07/2018,1019,0.013333333,22.966666666666672,6.2,31.966666666666665,88.95333333333333,3.4133333333333336,14.72
e59f403db9fb2286ae2a0838ccdc0bcf703b1cf04b933261f4ead66c3d65dda8,29/07/2018,983,0.013333333,25.08,5.366666666666666,21.90666666666667,73.19333333333333,3.966666666666667,16.16
e59f403db9fb2286ae2a0838ccdc0bcf703b1cf04b933261f4ead66c3d65dda8,13/08/2018,976.666667,0,24.62666666666667,5.633333333333335,21.22,70.66666666666667,4.593333333333334,18.18
e59f403db9fb2286ae2a0838ccdc0bcf703b1cf04b933261f4ead66c3d65dda8,28/08/2018,977.666667,0.013333333,25.280000000000005,4.420000000000001,18.56666666666667,66.56666666666668,4.913333333333333,20.660000000000004
e59f403db9fb2286ae2a0838ccdc0bcf703b1cf04b933261f4ead66c3d65dda8,12/09/2018,953.666667,0,28.186666666666667,10.300000000000002,21.37333333333333,63.1,6.28,20.94
e59f403db9fb2286ae2a0838ccdc0bcf703b1cf04b933261f4ead66c3d65dda8,27/09/2018,965,0,29.966666666666665,12.226666666666668,20.04666666666667,59.946666666666665,7.1466666666666665,23.446666666666665
e59f403db9fb2286ae2a0838ccdc0bcf703b1cf04b933261f4ead66c3d65dda8,12/10/2018,933,0,32.86,16.44,23.466666666666665,62.66666666666667,8.406666666666668,22.72
e59f403db9fb2286ae2a0838ccdc0bcf703b1cf04b933261f4ead66c3d65dda8,27/10/2018,877,2.006666667,36.02,19.89333333333333,27.8,70.42666666666668,9.206666666666669,23.860000000000003
e59f403db9fb2286ae2a0838ccdc0bcf703b1cf04b933261f4ead66c3d65dda8,11/11/2018,915.666667,0.053333333,36.43333333333333,21.280000000000005,23.14,55.266666666666666,10.433333333333334,25.44
e59f403db9fb2286ae2a0838ccdc0bcf703b1cf04b933261f4ead66c3d65dda8,26/11/2018,840,0.4333333333332727,34.980000000000004,20.280000000000005,26.07333333333333,56.120000000000005,9.893333333333334,25.21333333333333
e59f403db9fb2286ae2a0838ccdc0bcf703b1cf04b933261f4ead66c3d65dda8,11/12/2018,687,0,36.88666666666666,20.90666666666667,19.953333333333333,48.59333333333334,11.52,27.40666666666667
e59f403db9fb2286ae2a0838ccdc0bcf703b1cf04b933261f4ead66c3d65dda8,26/12/2018,600.666667,1.2066666666666304,38.07333333333334,23.24,23.42666666666667,52.94666666666667,11.78,24.600000000000005
e59f403db9fb2286ae2a0838ccdc0bcf703b1cf04b933261f4ead66c3d65dda8,10/01/2019,618.333333,0.3866666666666484,38.41333333333333,24.933333333333334,25.07333333333333,53.873333333333335,11.52,25.88
e59f403db9fb2286ae2a0838ccdc0bcf703b1cf04b933261f4ead66c3d65dda8,25/01/2019,672.666667,0.06,39.873333333333335,25.206666666666667,24.32,55.67333333333333,11.973333333333333,26.686666666666667
e59f403db9fb2286ae2a0838ccdc0bcf703b1cf04b933261f4ead66c3d65dda8,9/02/2019,742.666667,0.8799999999999576,34.666666666666664,23.80666666666667,36.373333333333335,66.76666666666667,8.360000000000001,16.473333333333333
e59f403db9fb2286ae2a0838ccdc0bcf703b1cf04b933261f4ead66c3d65dda8,24/02/2019,812,0.3266666666666424,38.70666666666667,21.76,18.76,47.78,11.360000000000005,26.87333333333333
e59f403db9fb2286ae2a0838ccdc0bcf703b1cf04b933261f4ead66c3d65dda8,11/03/2019,833,0.013333333,36.64666666666667,23.12,28.42666666666667,61.81333333333334,9.22,20.593333333333337
e59f403db9fb2286ae2a0838ccdc0bcf703b1cf04b933261f4ead66c3d65dda8,26/03/2019,844.666667,7.359999999999915,36.68666666666666,23.30666666666667,34.27333333333333,70.20666666666668,8.333333333333334,20.186666666666667
e59f403db9fb2286ae2a0838ccdc0bcf703b1cf04b933261f4ead66c3d65dda8,10/04/2019,937.333333,8.819999999999952,28.71333333333333,17.52,43.78666666666667,81.70666666666666,5.573333333333334,18.37333333333333
e59f403db9fb2286ae2a0838ccdc0bcf703b1cf04b933261f4ead66c3d65dda8,25/04/2019,1413.333333,0,28.506666666666668,16.346666666666668,41.52,84.21333333333335,5.293333333333334,16.573333333333334
e59f403db9fb2286ae2a0838ccdc0bcf703b1cf04b933261f4ead66c3d65dda8,10/05/2019,1746.666667,0.5466666666666242,25.10666666666667,12.886666666666668,44.99333333333334,90.56,4.166666666666667,15.246666666666668
e59f403db9fb2286ae2a0838ccdc0bcf703b1cf04b933261f4ead66c3d65dda8,25/05/2019,1698.333333,0,25.92666666666667,11.2,39.16,95.32666666666668,4.08,14.353333333333332
e59f403db9fb2286ae2a0838ccdc0bcf703b1cf04b933261f4ead66c3d65dda8,9/06/2019,1575,0,20.84,5.593333333333334,35.080000000000005,89.92,3.353333333333333,12.533333333333331
e59f403db9fb2286ae2a0838ccdc0bcf703b1cf04b933261f4ead66c3d65dda8,24/06/2019,1405.333333,0,22.58,5.926666666666666,32.29333333333334,89.34666666666666,3.3200000000000003,14.640000000000002
e59f403db9fb2286ae2a0838ccdc0bcf703b1cf04b933261f4ead66c3d65dda8,9/07/2019,1226.333333,0.2333333333332727,23.540000000000003,10.073333333333334,40.96666666666668,89.78,3.1933333333333334,11.206666666666669
e59f403db9fb2286ae2a0838ccdc0bcf703b1cf04b933261f4ead66c3d65dda8,24/07/2019,1101,0,22.953333333333337,4.486666666666667,29.686666666666667,91.35333333333334,3.4933333333333336,16.026666666666667
e59f403db9fb2286ae2a0838ccdc0bcf703b1cf04b933261f4ead66c3d65dda8,8/08/2019,1130.333333,0.006666667,25.346666666666668,7.646666666666666,24.600000000000005,74.6,4.220000000000001,14.613333333333332
e59f403db9fb2286ae2a0838ccdc0bcf703b1cf04b933261f4ead66c3d65dda8,23/08/2019,1090.666667,0,23.80666666666667,5.453333333333334,23.28666666666667,76.46000000000001,4.546666666666667,19.24
e59f403db9fb2286ae2a0838ccdc0bcf703b1cf04b933261f4ead66c3d65dda8,7/09/2019,1053,0,28.42,8.926666666666668,18.206666666666667,56.84,6.173333333333334,21.14
e59f403db9fb2286ae2a0838ccdc0bcf703b1cf04b933261f4ead66c3d65dda8,22/09/2019,995.666667,0,29.15333333333334,8.793333333333333,16.92,57.933333333333344,7.08,23.273333333333333
e59f403db9fb2286ae2a0838ccdc0bcf703b1cf04b933261f4ead66c3d65dda8,7/10/2019,937.333333,0,32.42,16.040000000000003,20.646666666666665,55.28666666666667,8.200000000000001,22.506666666666668
e59f403db9fb2286ae2a0838ccdc0bcf703b1cf04b933261f4ead66c3d65dda8,22/10/2019,981.333333,0,34.25333333333333,15.433333333333335,13.22,39.36,9.773333333333332,25.15333333333334
e59f403db9fb2286ae2a0838ccdc0bcf703b1cf04b933261f4ead66c3d65dda8,6/11/2019,1009.333333,4.919999999999951,31.24,18.60666666666667,31.833333333333336,63.46000000000001,8.080000000000002,21.72
e59f403db9fb2286ae2a0838ccdc0bcf703b1cf04b933261f4ead66c3d65dda8,21/11/2019,1009,0,35.486666666666665,16.58,15.240000000000002,46.16,11.093333333333334,29.57333333333333
e59f403db9fb2286ae2a0838ccdc0bcf703b1cf04b933261f4ead66c3d65dda8,6/12/2019,965,0.2133333333332908,36.88666666666666,20.78666666666667,20.53333333333334,49.98666666666667,11.153333333333334,26.660000000000004
e59f403db9fb2286ae2a0838ccdc0bcf703b1cf04b933261f4ead66c3d65dda8,21/12/2019,947.666667,0,40.59333333333334,22.80666666666667,14.76666666666667,39.580000000000005,13.313333333333334,28.86
e59f403db9fb2286ae2a0838ccdc0bcf703b1cf04b933261f4ead66c3d65dda8,5/01/2020,964.333333,0.006666667,40.28666666666666,25.24666666666667,21.64666666666667,50.28666666666667,12.533333333333331,27.42
e59f403db9fb2286ae2a0838ccdc0bcf703b1cf04b933261f4ead66c3d65dda8,20/01/2020,945,1.3266666666665818,38.433333333333344,24.62666666666667,27.586666666666662,61.10666666666667,10.860000000000005,25.133333333333336
e59f403db9fb2286ae2a0838ccdc0bcf703b1cf04b933261f4ead66c3d65dda8,4/02/2020,991,4.586666666666588,35.02666666666667,24.126666666666665,42.66,77.22666666666667,8.433333333333334,19.313333333333333
e59f403db9fb2286ae2a0838ccdc0bcf703b1cf04b933261f4ead66c3d65dda8,19/02/2020,1038,2.1666666666665453,37.193333333333335,23.160000000000004,35.580000000000005,78.92666666666668,9.300000000000002,24.600000000000005
e59f403db9fb2286ae2a0838ccdc0bcf703b1cf04b933261f4ead66c3d65dda8,5/03/2020,1153.333333,10.81999999999992,33.7,22.89333333333333,45.94666666666667,83.9,7.333333333333333,19.473333333333336
e59f403db9fb2286ae2a0838ccdc0bcf703b1cf04b933261f4ead66c3d65dda8,20/03/2020,1422,1.0999999999999697,31.28,17.773333333333333,39.10666666666667,86.36,7.266666666666667,22.03333333333333
e59f403db9fb2286ae2a0838ccdc0bcf703b1cf04b933261f4ead66c3d65dda8,4/04/2020,1373.333333,0.3066666666666606,33.72666666666667,20.08,35.833333333333336,79.62000000000002,7.293333333333334,19.666666666666668
e59f403db9fb2286ae2a0838ccdc0bcf703b1cf04b933261f4ead66c3d65dda8,19/04/2020,1324,0,31.5,15.873333333333337,28.966666666666672,73.63333333333335,6.3933333333333335,19.613333333333337
e59f403db9fb2286ae2a0838ccdc0bcf703b1cf04b933261f4ead66c3d65dda8,4/05/2020,1244.666667,0.006666667,29.280000000000005,13.206666666666669,29.446666666666665,75.84666666666666,5.786666666666667,17.959999999999997
e59f403db9fb2286ae2a0838ccdc0bcf703b1cf04b933261f4ead66c3d65dda8,19/05/2020,1291.333333,0,26.886666666666667,11.606666666666666,29.313333333333336,75.01333333333334,4.593333333333334,15.88
e59f403db9fb2286ae2a0838ccdc0bcf703b1cf04b933261f4ead66c3d65dda8,3/06/2020,1374.333333,0.8866666666666182,21.24,8.153333333333334,41.82000000000001,88.98,3.406666666666667,12.92
e59f403db9fb2286ae2a0838ccdc0bcf703b1cf04b933261f4ead66c3d65dda8,18/06/2020,1357,0.1466666666666545,25.10666666666667,9.053333333333336,33.186666666666675,89.69333333333334,3.5266666666666664,14.3
e59f403db9fb2286ae2a0838ccdc0bcf703b1cf04b933261f4ead66c3d65dda8,3/07/2020,1310.666667,0.006666667,23.526666666666667,6.586666666666668,33.27333333333334,95.49333333333334,3.373333333333333,13.953333333333337
e59f403db9fb2286ae2a0838ccdc0bcf703b1cf04b933261f4ead66c3d65dda8,18/07/2020,1472,0,21.826666666666668,4.733333333333333,32.34,94.12666666666668,3.326666666666667,14.76666666666667
e59f403db9fb2286ae2a0838ccdc0bcf703b1cf04b933261f4ead66c3d65dda8,2/08/2020,1415.333333,0,23.466666666666665,5.620000000000001,29.24,89.27333333333333,3.6666666666666665,15.7
e59f403db9fb2286ae2a0838ccdc0bcf703b1cf04b933261f4ead66c3d65dda8,17/08/2020,1077,1.5866666666666485,24.72666666666667,8.54,34.973333333333336,90.00666666666667,4.306666666666667,16.733333333333334
e59f403db9fb2286ae2a0838ccdc0bcf703b1cf04b933261f4ead66c3d65dda8,1/09/2020,986.666667,0,25.626666666666665,6.840000000000001,20.766666666666666,67.93333333333334,5.08,20.74666666666667
e59f403db9fb2286ae2a0838ccdc0bcf703b1cf04b933261f4ead66c3d65dda8,16/09/2020,808,0,30.100000000000005,14.52,29.186666666666667,75.53333333333333,6.566666666666666,20.96
e59f403db9fb2286ae2a0838ccdc0bcf703b1cf04b933261f4ead66c3d65dda8,1/10/2020,756.666667,2.0799999999999272,28.953333333333333,14.886666666666668,29.56666666666667,66.28,6.553333333333334,20.19333333333333
e59f403db9fb2286ae2a0838ccdc0bcf703b1cf04b933261f4ead66c3d65dda8,16/10/2020,720.666667,0.3733333333332969,31.746666666666663,16.90666666666667,27.16,65.56,8.193333333333333,23.980000000000004
e59f403db9fb2286ae2a0838ccdc0bcf703b1cf04b933261f4ead66c3d65dda8,31/10/2020,617,0.3266666666666121,32.586666666666666,15.226666666666668,23.26666666666667,63.35333333333334,8.613333333333335,24.39333333333333
e59f403db9fb2286ae2a0838ccdc0bcf703b1cf04b933261f4ead66c3d65dda8,15/11/2020,561.333333,0.7733333333332969,35.406666666666666,18.126666666666665,22.686666666666667,58.27333333333333,10.346666666666666,27.526666666666667
e59f403db9fb2286ae2a0838ccdc0bcf703b1cf04b933261f4ead66c3d65dda8,30/11/2020,629,0.02,39.373333333333335,24.4,20.726666666666667,47.900000000000006,11.92,28.780000000000005
e59f403db9fb2286ae2a0838ccdc0bcf703b1cf04b933261f4ead66c3d65dda8,15/12/2020,666.333333,0.7199999999999818,37.74000000000001,23.62,23.480000000000004,51.806666666666665,11.44,25.993333333333336
e59f403db9fb2286ae2a0838ccdc0bcf703b1cf04b933261f4ead66c3d65dda8,30/12/2020,697,1.7266666666665818,34.95333333333334,23.3,39.620000000000005,74.50666666666667,9.286666666666669,19.76
e59f403db9fb2286ae2a0838ccdc0bcf703b1cf04b933261f4ead66c3d65dda8,14/01/2021,844.666667,4.133333333333182,33.3,21.54666666666667,44.91333333333333,88.21333333333334,8.206666666666667,21.120000000000005
e59f403db9fb2286ae2a0838ccdc0bcf703b1cf04b933261f4ead66c3d65dda8,29/01/2021,807.333333,0.693333333,37.27333333333333,23.15333333333333,27.326666666666668,61.06666666666668,10.78,25.36
e59f403db9fb2286ae2a0838ccdc0bcf703b1cf04b933261f4ead66c3d65dda8,13/02/2021,694.333333,2.586666666666527,37.02666666666666,23.993333333333336,34.42666666666666,72.15333333333334,9.273333333333332,21.53333333333333
e59f403db9fb2286ae2a0838ccdc0bcf703b1cf04b933261f4ead66c3d65dda8,28/02/2021,611.333333,1.7866666666665576,36.18666666666668,22.05333333333333,33.43333333333333,74.36666666666669,8.966666666666667,21.993333333333336
e59f403db9fb2286ae2a0838ccdc0bcf703b1cf04b933261f4ead66c3d65dda8,15/03/2021,625.333333,2.0933333333332484,35.11333333333334,21.07333333333333,33.800000000000004,72.20666666666668,8.040000000000001,21.986666666666668
e59f403db9fb2286ae2a0838ccdc0bcf703b1cf04b933261f4ead66c3d65dda8,30/03/2021,713.333333,3.1533333333332547,31.37333333333333,19.386666666666667,43.080000000000005,85.11999999999999,6.5600000000000005,17.846666666666668
e59f403db9fb2286ae2a0838ccdc0bcf703b1cf04b933261f4ead66c3d65dda8,14/04/2021,792.666667,1.4333333333332727,30.233333333333334,15.98,35.96666666666667,82.74000000000001,5.953333333333334,19.04666666666667
e59f403db9fb2286ae2a0838ccdc0bcf703b1cf04b933261f4ead66c3d65dda8,29/04/2021,814,0.013333333,29.01333333333333,13.066666666666666,27.380000000000003,73.03333333333333,5.873333333333334,17.533333333333335
e59f403db9fb2286ae2a0838ccdc0bcf703b1cf04b933261f4ead66c3d65dda8,14/05/2021,959,0.04,27.826666666666668,11.7,32.13333333333333,86.48,4.7,16.846666666666668
e59f403db9fb2286ae2a0838ccdc0bcf703b1cf04b933261f4ead66c3d65dda8,29/05/2021,981.666667,0,24.71333333333333,8.426666666666668,28.293333333333337,79.07333333333332,4.326666666666667,15.593333333333334
e59f403db9fb2286ae2a0838ccdc0bcf703b1cf04b933261f4ead66c3d65dda8,13/06/2021,1093.333333,0.1399999999999939,22.86,6.24,33.586666666666666,90.78,3.426666666666667,13.313333333333333
e59f403db9fb2286ae2a0838ccdc0bcf703b1cf04b933261f4ead66c3d65dda8,28/06/2021,1156.666667,1.1666666666666363,21.613333333333337,6.96,39.68,92.05333333333334,3.1,11.533333333333337
e59f403db9fb2286ae2a0838ccdc0bcf703b1cf04b933261f4ead66c3d65dda8,13/07/2021,1015,1.2066666666666304,21.19333333333333,6.680000000000001,41.17333333333333,96.88,3.0200000000000005,13.813333333333333
e59f403db9fb2286ae2a0838ccdc0bcf703b1cf04b933261f4ead66c3d65dda8,28/07/2021,836,0,23.4,5.753333333333334,30.566666666666663,89.96000000000001,3.54,15.186666666666667
e59f403db9fb2286ae2a0838ccdc0bcf703b1cf04b933261f4ead66c3d65dda8,12/08/2021,810.666667,0.08,25.74666666666667,9.133333333333333,30.466666666666665,85.76,4.38,16.746666666666666
e59f403db9fb2286ae2a0838ccdc0bcf703b1cf04b933261f4ead66c3d65dda8,27/08/2021,938.333333,0.2266666666666424,25.85333333333333,9.373333333333337,26.586666666666662,75.00666666666667,4.726666666666668,18.926666666666662
e59f403db9fb2286ae2a0838ccdc0bcf703b1cf04b933261f4ead66c3d65dda8,11/09/2021,857.666667,0,28.113333333333337,10.766666666666667,26.82,74.6,5.933333333333334,19.60666666666667
e59f403db9fb2286ae2a0838ccdc0bcf703b1cf04b933261f4ead66c3d65dda8,26/09/2021,898.666667,0,29.793333333333333,11.913333333333334,19.040000000000003,57.26,7.206666666666667,23.22
e59f403db9fb2286ae2a0838ccdc0bcf703b1cf04b933261f4ead66c3d65dda8,11/10/2021,815,0.3199999999999515,32.11333333333334,15.92,27.526666666666664,66.28666666666668,7.913333333333333,21.57333333333333
e59f403db9fb2286ae2a0838ccdc0bcf703b1cf04b933261f4ead66c3d65dda8,26/10/2021,684.666667,0.1599999999999757,34.26,15.486666666666668,20.22,59.54,9.213333333333336,24.18666666666667
e59f403db9fb2286ae2a0838ccdc0bcf703b1cf04b933261f4ead66c3d65dda8,10/11/2021,563.333333,5.513333333333169,33.766666666666666,21.28,37.126666666666665,75.92666666666668,8.166666666666666,21.746666666666663
e59f403db9fb2286ae2a0838ccdc0bcf703b1cf04b933261f4ead66c3d65dda8,25/11/2021,840,4.839999999999933,29.94,17.42666666666667,37.18666666666668,75.06666666666666,8.033333333333333,23.9
e59f403db9fb2286ae2a0838ccdc0bcf703b1cf04b933261f4ead66c3d65dda8,10/12/2021,1834.333333,5.419999999999921,32.68666666666667,19.54,40.620000000000005,85.40666666666667,8.833333333333336,24.05333333333333
e59f403db9fb2286ae2a0838ccdc0bcf703b1cf04b933261f4ead66c3d65dda8,25/12/2021,1684,0.2466666666665939,36.78,21.08,29.44,72.7,10.86,27.586666666666662
e59f403db9fb2286ae2a0838ccdc0bcf703b1cf04b933261f4ead66c3d65dda8,9/01/2022,1426,1.0133333333332606,38.52666666666666,21.90666666666667,27.333333333333336,69.08,11.226666666666668,26.6
e59f403db9fb2286ae2a0838ccdc0bcf703b1cf04b933261f4ead66c3d65dda8,24/01/2022,1237.666667,6.406666666666539,37.87333333333334,24.62,32.68666666666667,67.74,10.26666666666667,21.57333333333333
e59f403db9fb2286ae2a0838ccdc0bcf703b1cf04b933261f4ead66c3d65dda8,8/02/2022,1221,5.786666666666558,33.193333333333335,21.32,43.18,83.82,7.766666666666667,20.206666666666667
e59f403db9fb2286ae2a0838ccdc0bcf703b1cf04b933261f4ead66c3d65dda8,23/02/2022,1301,1.3533333333332849,36.693333333333335,21.54666666666667,30.966666666666665,74.19333333333334,9.486666666666666,25.72
e59f403db9fb2286ae2a0838ccdc0bcf703b1cf04b933261f4ead66c3d65dda8,10/03/2022,1480.333333,0.013333333,37.373333333333335,20.686666666666667,26.773333333333333,69.64666666666668,9.553333333333336,23.086666666666662
e59f403db9fb2286ae2a0838ccdc0bcf703b1cf04b933261f4ead66c3d65dda8,25/03/2022,1236.333333,1.826666666666612,35.480000000000004,20.433333333333334,30.973333333333336,73.97333333333334,8.306666666666667,22.686666666666667
e59f403db9fb2286ae2a0838ccdc0bcf703b1cf04b933261f4ead66c3d65dda8,9/04/2022,1175,3.853333333333224,32.32666666666667,18.160000000000004,37.90666666666667,86.07333333333332,6.446666666666667,19.540000000000003
e59f403db9fb2286ae2a0838ccdc0bcf703b1cf04b933261f4ead66c3d65dda8,24/04/2022,981.333333,0.046666667,31.4,17.06,34.45333333333334,79.42000000000002,6.093333333333334,17.8
e59f403db9fb2286ae2a0838ccdc0bcf703b1cf04b933261f4ead66c3d65dda8,9/05/2022,1108.333333,5.913333333,25.780000000000005,16.346666666666668,51.52666666666666,89.61333333333333,3.880000000000001,11.666666666666666
e59f403db9fb2286ae2a0838ccdc0bcf703b1cf04b933261f4ead66c3d65dda8,24/05/2022,1500.333333,3.0999999999999392,24.360000000000003,15.06,57.553333333333335,97.23333333333332,3.306666666666667,11.16
e59f403db9fb2286ae2a0838ccdc0bcf703b1cf04b933261f4ead66c3d65dda8,8/06/2022,1457.666667,0.3133333333333212,21.84,9.586666666666668,47.14,93.96,3.140000000000001,11.26
e59f403db9fb2286ae2a0838ccdc0bcf703b1cf04b933261f4ead66c3d65dda8,23/06/2022,1636.666667,0,21.58,4.526666666666667,36.71333333333334,98.06,3.153333333333334,14.106666666666667
e59f403db9fb2286ae2a0838ccdc0bcf703b1cf04b933261f4ead66c3d65dda8,8/07/2022,1573.666667,1.6666666666666363,19.16666666666667,6.78,51.07333333333334,98.46666666666668,2.653333333333334,11.146666666666668
e59f403db9fb2286ae2a0838ccdc0bcf703b1cf04b933261f4ead66c3d65dda8,23/07/2022,1285,1.1399999999999637,20.44,3.82,38.833333333333336,98.96666666666668,3.0533333333333337,15.273333333333335
e59f403db9fb2286ae2a0838ccdc0bcf703b1cf04b933261f4ead66c3d65dda8,7/08/2022,1133,0.4799999999999272,23.466666666666665,9.18,42.17333333333333,97.14666666666668,3.4933333333333336,14.866666666666667
e59f403db9fb2286ae2a0838ccdc0bcf703b1cf04b933261f4ead66c3d65dda8,22/08/2022,1300.333333,0.013333333,23.1,5.353333333333334,31.706666666666667,94.12666666666668,4.186666666666667,17.473333333333336
e59f403db9fb2286ae2a0838ccdc0bcf703b1cf04b933261f4ead66c3d65dda8,6/09/2022,1266.333333,4.286666666666618,23.026666666666667,9.993333333333334,43.126666666666665,90.58666666666667,4.1000000000000005,17.34
e59f403db9fb2286ae2a0838ccdc0bcf703b1cf04b933261f4ead66c3d65dda8,21/09/2022,1234.333333,1.9866666666666184,26.3,12.026666666666667,37.36000000000001,86.32666666666667,5.466666666666667,18.593333333333337
e59f403db9fb2286ae2a0838ccdc0bcf703b1cf04b933261f4ead66c3d65dda8,6/10/2022,1279.666667,0.7666666666666363,27.953333333333333,13.166666666666668,36.373333333333335,87.68,6.180000000000001,20.40666666666667
e59f403db9fb2286ae2a0838ccdc0bcf703b1cf04b933261f4ead66c3d65dda8,21/10/2022,1278,3.479999999999897,28.89333333333333,16.380000000000003,44.873333333333335,91.80666666666666,6.36,19.186666666666667
e59f403db9fb2286ae2a0838ccdc0bcf703b1cf04b933261f4ead66c3d65dda8,5/11/2022,1262,0.5666666666666363,31.206666666666667,15.22,28.006666666666664,72.24,8.500000000000002,24.62666666666667
e59f403db9fb2286ae2a0838ccdc0bcf703b1cf04b933261f4ead66c3d65dda8,20/11/2022,1260.666667,0.5333333333332424,32.660000000000004,17.726666666666667,29.500000000000004,71.07333333333332,8.913333333333334,22.80666666666667
e59f403db9fb2286ae2a0838ccdc0bcf703b1cf04b933261f4ead66c3d65dda8,5/12/2022,1194.333333,0.2599999999999151,33.00666666666667,18.34,27.36,64.90666666666667,9.12,22.633333333333333
e59f403db9fb2286ae2a0838ccdc0bcf703b1cf04b933261f4ead66c3d65dda8,20/12/2022,1044,1.8466666666665936,35.45333333333334,19.966666666666665,25.56,60.473333333333336,10.62,26.493333333333336
e59f403db9fb2286ae2a0838ccdc0bcf703b1cf04b933261f4ead66c3d65dda8,4/01/2023,1082,1.4866666666665878,34.720000000000006,21.94666666666667,36.18666666666668,73.52,9.473333333333334,21.006666666666668
e59f403db9fb2286ae2a0838ccdc0bcf703b1cf04b933261f4ead66c3d65dda8,19/01/2023,1046.666667,5.773333333333237,32.13333333333333,21.066666666666663,48.08666666666667,88,7.573333333333334,21.41333333333333
e59f403db9fb2286ae2a0838ccdc0bcf703b1cf04b933261f4ead66c3d65dda8,3/02/2023,1540,1.8199999999998608,34.92666666666667,22.913333333333338,42.68666666666666,85.18,8.593333333333334,25.73333333333333
e59f403db9fb2286ae2a0838ccdc0bcf703b1cf04b933261f4ead66c3d65dda8,18/02/2023,1350,1.7666666666666364,34.78,20.453333333333333,34.93333333333333,75.74,8.626666666666667,23.186666666666667
e59f403db9fb2286ae2a0838ccdc0bcf703b1cf04b933261f4ead66c3d65dda8,5/03/2023,1304.666667,0.2466666666665939,36.02,21.473333333333336,31.860000000000003,74.20666666666668,8.76,22.600000000000005
e59f403db9fb2286ae2a0838ccdc0bcf703b1cf04b933261f4ead66c3d65dda8,20/03/2023,1377,4.759999999999946,32.940000000000005,20.33333333333333,47.833333333333336,92.76,6.620000000000001,19.16666666666667
e59f403db9fb2286ae2a0838ccdc0bcf703b1cf04b933261f4ead66c3d65dda8,4/04/2023,1444.666667,0.013333333,33.28666666666667,18.78666666666667,34.220000000000006,80.42000000000002,7.213333333333334,20.68
e59f403db9fb2286ae2a0838ccdc0bcf703b1cf04b933261f4ead66c3d65dda8,19/04/2023,1383.333333,0.1733333333332969,32.18666666666667,14.013333333333334,27.96,79.07333333333332,6.466666666666668,18.30666666666667
e59f403db9fb2286ae2a0838ccdc0bcf703b1cf04b933261f4ead66c3d65dda8,4/05/2023,1223.333333,0.2533333333332848,28.566666666666663,12.84,34.233333333333334,87.18,5.213333333333335,16.520000000000003
e59f403db9fb2286ae2a0838ccdc0bcf703b1cf04b933261f4ead66c3d65dda8,19/05/2023,1182.333333,0,25.466666666666665,8.253333333333334,30.233333333333334,87.33333333333334,4.3933333333333335,16.44
e59f403db9fb2286ae2a0838ccdc0bcf703b1cf04b933261f4ead66c3d65dda8,3/06/2023,1030.333333,0,24.5,4.473333333333333,25.06,88.3,4.233333333333333,15.746666666666668
e59f403db9fb2286ae2a0838ccdc0bcf703b1cf04b933261f4ead66c3d65dda8,18/06/2023,1138,0.046666667,25.90666666666667,9.94,33.973333333333336,89.74,3.5733333333333337,14.32
e59f403db9fb2286ae2a0838ccdc0bcf703b1cf04b933261f4ead66c3d65dda8,3/07/2023,1108.333333,0.3799999999999878,24.07333333333333,9.913333333333334,34.36666666666667,74.74666666666667,3.5466666666666677,12.78
e59f403db9fb2286ae2a0838ccdc0bcf703b1cf04b933261f4ead66c3d65dda8,18/07/2023,1013.333333,2.219999999999952,22.686666666666667,7.3,40.52,96.81333333333332,3.173333333333334,14.760000000000002
e59f403db9fb2286ae2a0838ccdc0bcf703b1cf04b933261f4ead66c3d65dda8,2/08/2023,1042.333333,0.006666667,24.820000000000004,8.673333333333336,32.373333333333335,88.1,3.733333333333334,16.026666666666667
e59f403db9fb2286ae2a0838ccdc0bcf703b1cf04b933261f4ead66c3d65dda8,17/08/2023,1009.666667,0,27.766666666666666,8.680000000000001,25.75333333333333,82.94666666666667,4.993333333333334,17.933333333333334
e59f403db9fb2286ae2a0838ccdc0bcf703b1cf04b933261f4ead66c3d65dda8,1/09/2023,974.666667,0,27.966666666666665,8.84,24.526666666666664,79.88000000000001,5.220000000000001,19.266666666666666
e59f403db9fb2286ae2a0838ccdc0bcf703b1cf04b933261f4ead66c3d65dda8,16/09/2023,962.333333,0,29.973333333333336,11.046666666666669,19.69333333333333,65.42666666666668,7.026666666666667,21.273333333333333
e59f403db9fb2286ae2a0838ccdc0bcf703b1cf04b933261f4ead66c3d65dda8,1/10/2023,781.333333,0,32.42,14.56,23.76,70.14666666666668,7.613333333333333,23.04666666666667
e59f403db9fb2286ae2a0838ccdc0bcf703b1cf04b933261f4ead66c3d65dda8,16/10/2023,788.666667,0,32.39333333333334,15.340000000000002,22.56,60.88666666666667,8.506666666666668,24.46
e59f403db9fb2286ae2a0838ccdc0bcf703b1cf04b933261f4ead66c3d65dda8,31/10/2023,711,0.3133333333333212,34.9,16.873333333333335,18.066666666666663,52.29333333333333,9.76,26.733333333333334
e59f403db9fb2286ae2a0838ccdc0bcf703b1cf04b933261f4ead66c3d65dda8,15/11/2023,709.666667,1.213333333333291,36.28666666666667,20.64,26.07333333333333,62.48,10.38,27.773333333333333
e59f403db9fb2286ae2a0838ccdc0bcf703b1cf04b933261f4ead66c3d65dda8,30/11/2023,669.333333,4.4066666666665695,32.593333333333334,20.96,42.373333333333335,79.85333333333332,7.793333333333335,21.05333333333333
e59f403db9fb2286ae2a0838ccdc0bcf703b1cf04b933261f4ead66c3d65dda8,15/12/2023,687.333333,0.1,37.16666666666666,21.75333333333333,29.98666666666667,73.03333333333333,10.926666666666668,29.293333333333337
e59f403db9fb2286ae2a0838ccdc0bcf703b1cf04b933261f4ead66c3d65dda8,30/12/2023,673.333333,3.179999999999897,38,21.066666666666663,29,72.33333333333333,11.06,27.96
e59f403db9fb2286ae2a0838ccdc0bcf703b1cf04b933261f4ead66c3d65dda8,14/01/2024,590.666667,2.3199999999998604,37.08666666666667,23.28666666666667,37.77333333333333,81.72,9.500000000000002,25.32
e59f403db9fb2286ae2a0838ccdc0bcf703b1cf04b933261f4ead66c3d65dda8,29/01/2024,645,4.133333333333242,37.89333333333334,25.593333333333337,39.70666666666667,78.66666666666669,9.566666666666666,24.846666666666668
e59f403db9fb2286ae2a0838ccdc0bcf703b1cf04b933261f4ead66c3d65dda8,13/02/2024,845.333333,2.8999999999999395,36.760000000000005,23.82,39.24666666666667,81.4,8.873333333333335,24.253333333333337
e59f403db9fb2286ae2a0838ccdc0bcf703b1cf04b933261f4ead66c3d65dda8,28/02/2024,1105.333333,2.999999999999939,34.03333333333333,22.233333333333334,46.89333333333333,92.31333333333336,7.506666666666667,22.94666666666667
e59f403db9fb2286ae2a0838ccdc0bcf703b1cf04b933261f4ead66c3d65dda8,14/03/2024,1273.333333,0,35.833333333333336,21.046666666666667,33.49333333333333,78.80666666666666,8.5,24.74
e59f403db9fb2286ae2a0838ccdc0bcf703b1cf04b933261f4ead66c3d65dda8,29/03/2024,1318.666667,6.413333333,32.86666666666667,22.19333333333333,47.806666666666665,84.07333333333334,6.44,16.553333333333335
e59f403db9fb2286ae2a0838ccdc0bcf703b1cf04b933261f4ead66c3d65dda8,13/04/2024,1437,6.959999999999976,28.87333333333333,16.18,44.52,92.00666666666666,5.446666666666667,19.44666666666667
e59f403db9fb2286ae2a0838ccdc0bcf703b1cf04b933261f4ead66c3d65dda8,28/04/2024,1511.666667,0.086666667,28.96,14.013333333333332,36.67333333333333,90.04,5.546666666666667,19.08
e59f403db9fb2286ae2a0838ccdc0bcf703b1cf04b933261f4ead66c3d65dda8,13/05/2024,1601,0.573333333,28.086666666666662,13.92,41.41333333333333,96.05333333333331,4.420000000000001,16.386666666666667
e59f403db9fb2286ae2a0838ccdc0bcf703b1cf04b933261f4ead66c3d65dda8,28/05/2024,1703,0,25.9,8.966666666666669,33.593333333333334,95.34,4.253333333333334,15.686666666666667
e59f403db9fb2286ae2a0838ccdc0bcf703b1cf04b933261f4ead66c3d65dda8,12/06/2024,1582.666667,0.6733333333333272,22.74,6.500000000000001,40.35333333333334,98.14,3.273333333333333,13.966666666666669
e59f403db9fb2286ae2a0838ccdc0bcf703b1cf04b933261f4ead66c3d65dda8,27/06/2024,1714.666667,0.1,23.38,5.173333333333334,31.526666666666667,93.34666666666664,3.393333333333333,13.953333333333337
e59f403db9fb2286ae2a0838ccdc0bcf703b1cf04b933261f4ead66c3d65dda8,12/07/2024,1652.333333,0.4333333333332727,23.92,9.746666666666666,45.96666666666667,98.74666666666666,3.066666666666667,13.093333333333334
e59f403db9fb2286ae2a0838ccdc0bcf703b1cf04b933261f4ead66c3d65dda8,27/07/2024,1473.333333,0.2599999999999757,21.65333333333334,4.220000000000001,33.50666666666667,95.33333333333331,3.28,14.946666666666667
e59f403db9fb2286ae2a0838ccdc0bcf703b1cf04b933261f4ead66c3d65dda8,11/08/2024,1304,0.1866666666666181,23.82,6.346666666666667,32.57333333333334,89.60666666666665,3.933333333333334,15.926666666666668
e59f403db9fb2286ae2a0838ccdc0bcf703b1cf04b933261f4ead66c3d65dda8,26/08/2024,1084.333333,0.193333333,29.526666666666667,11.093333333333334,32.24,90.49333333333334,5.073333333333334,18.673333333333336
e59f403db9fb2286ae2a0838ccdc0bcf703b1cf04b933261f4ead66c3d65dda8,10/09/2024,997.666667,0,32.63333333333333,13.32,24.15333333333333,77.62666666666668,6.913333333333333,20.92666666666667
e59f403db9fb2286ae2a0838ccdc0bcf703b1cf04b933261f4ead66c3d65dda8,25/09/2024,922.666667,0,30,11.913333333333334,19.933333333333334,58.68,7.140000000000001,22.360000000000003
e59f403db9fb2286ae2a0838ccdc0bcf703b1cf04b933261f4ead66c3d65dda8,10/10/2024,969,0.9733333333332668,32.513333333333335,15.2,26.186666666666667,72.30666666666667,7.966666666666668,23.35333333333333
e59f403db9fb2286ae2a0838ccdc0bcf703b1cf04b933261f4ead66c3d65dda8,25/10/2024,906.666667,0,35.34,19.453333333333333,25.94,65.54666666666667,9.133333333333333,24.780000000000005
e59f403db9fb2286ae2a0838ccdc0bcf703b1cf04b933261f4ead66c3d65dda8,9/11/2024,899,0.426666667,37.873333333333335,20.646666666666665,20.52,54.61333333333334,10.873333333333337,26.74000000000001
e59f403db9fb2286ae2a0838ccdc0bcf703b1cf04b933261f4ead66c3d65dda8,24/11/2024,863.666667,4.933333333333212,34.63333333333334,21.786666666666672,38.1,78.2,8.66,22.84
e59f403db9fb2286ae2a0838ccdc0bcf703b1cf04b933261f4ead66c3d65dda8,9/12/2024,1056.666667,3.0933333333332484,34.553333333333335,23.100000000000005,43.64000000000001,81.88666666666667,8.906666666666668,24.94666666666667
e59f403db9fb2286ae2a0838ccdc0bcf703b1cf04b933261f4ead66c3d65dda8,24/12/2024,1014.333333,0.3799999999999272,36.720000000000006,22.23333333333333,34,76.70666666666668,10.413333333333334,27.9
deb009be1806257c59d7964da7bc06206fe74b94d01d308939079b3d57141a26,5/01/2017,1745,2.1799999999998363,35.660000000000004,24.78,40.5,74.9,8.76,20.32
deb009be1806257c59d7964da7bc06206fe74b94d01d308939079b3d57141a26,20/01/2017,1745,3.633333333333303,36.54666666666667,24.08,37.81333333333334,75.96000000000001,9.473333333333333,23.6
deb009be1806257c59d7964da7bc06206fe74b94d01d308939079b3d57141a26,4/02/2017,1519.333333,0.633333333,38.20666666666667,24.85333333333333,35.2,74.3,10.246666666666668,24.72666666666667
deb009be1806257c59d7964da7bc06206fe74b94d01d308939079b3d57141a26,19/02/2017,1112,0.066666667,39.52666666666667,24.42,26.973333333333336,62.48,10.98,25.313333333333333
deb009be1806257c59d7964da7bc06206fe74b94d01d308939079b3d57141a26,6/03/2017,1125,0.7266666666666121,36.00666666666667,20.706666666666667,30.22666666666667,73.45333333333333,8.9,21.593333333333337
deb009be1806257c59d7964da7bc06206fe74b94d01d308939079b3d57141a26,21/03/2017,1152.333333,0.3599999999999454,36.42666666666667,20.24,28.980000000000004,71.53333333333333,8.686666666666667,20.92666666666667
deb009be1806257c59d7964da7bc06206fe74b94d01d308939079b3d57141a26,5/04/2017,1149,0.02,34.053333333333335,18.65333333333333,32.07333333333334,77.92666666666668,7.466666666666668,19.5
deb009be1806257c59d7964da7bc06206fe74b94d01d308939079b3d57141a26,20/04/2017,1143,0,31.37333333333333,13.92,26.32,75.41333333333334,6.513333333333334,20.160000000000004
deb009be1806257c59d7964da7bc06206fe74b94d01d308939079b3d57141a26,5/05/2017,1136,0.1,28.76666666666667,14.053333333333336,31.86,78.21333333333334,5.366666666666666,16.10666666666667
deb009be1806257c59d7964da7bc06206fe74b94d01d308939079b3d57141a26,20/05/2017,1128,0.4999999999999394,27.133333333333333,11.453333333333337,34.260000000000005,85.87333333333332,4.44,14.4
deb009be1806257c59d7964da7bc06206fe74b94d01d308939079b3d57141a26,4/06/2017,1209,0.006666667,26.280000000000005,8.813333333333334,28.07333333333333,82.57333333333334,4.333333333333333,15.473333333333334
deb009be1806257c59d7964da7bc06206fe74b94d01d308939079b3d57141a26,19/06/2017,1185,0,23.446666666666665,5.706666666666666,30.58,92.49333333333334,3.4200000000000004,14.873333333333331
deb009be1806257c59d7964da7bc06206fe74b94d01d308939079b3d57141a26,4/07/2017,1156,0.3199999999999818,24.94666666666667,8.446666666666667,33.1,89.10666666666667,3.5133333333333336,13.286666666666669
deb009be1806257c59d7964da7bc06206fe74b94d01d308939079b3d57141a26,19/07/2017,1175,0.9199999999999516,24.37333333333333,9.74,37.8,89.58,3.373333333333333,13.18
deb009be1806257c59d7964da7bc06206fe74b94d01d308939079b3d57141a26,3/08/2017,1113,0,26.25333333333333,6.653333333333333,22.226666666666667,75.7,4.24,17.14
deb009be1806257c59d7964da7bc06206fe74b94d01d308939079b3d57141a26,18/08/2017,1082,0,27.78666666666667,6.2,17.853333333333335,69.32666666666667,5.353333333333334,19.23333333333333
deb009be1806257c59d7964da7bc06206fe74b94d01d308939079b3d57141a26,2/09/2017,1059.666667,0,25.646666666666665,5.853333333333334,15.446666666666667,54.56666666666667,5.366666666666666,20.98
deb009be1806257c59d7964da7bc06206fe74b94d01d308939079b3d57141a26,17/09/2017,1022.666667,0,27.933333333333337,8.26,16.220000000000002,56.366666666666674,6.766666666666668,22.58
deb009be1806257c59d7964da7bc06206fe74b94d01d308939079b3d57141a26,2/10/2017,1024,0.1066666666666606,34.526666666666664,15.74,18.58,53.8,8.92,21.72
deb009be1806257c59d7964da7bc06206fe74b94d01d308939079b3d57141a26,17/10/2017,965,1.8466666666665936,33.93333333333333,19.773333333333333,34.36,77.19333333333334,7.96,20.72666666666667
deb009be1806257c59d7964da7bc06206fe74b94d01d308939079b3d57141a26,1/11/2017,921.666667,1.3333333333332424,32.20666666666667,16.866666666666667,30.35333333333333,72.76666666666667,8.06,22.926666666666662
deb009be1806257c59d7964da7bc06206fe74b94d01d308939079b3d57141a26,16/11/2017,895.333333,0.3799999999999575,33.413333333333334,18.280000000000005,26.22000000000001,62.626666666666665,9.44,24.30666666666667
deb009be1806257c59d7964da7bc06206fe74b94d01d308939079b3d57141a26,1/12/2017,903.666667,0.7199999999999211,34.28,20.60666666666667,31.633333333333333,70.38666666666668,9.253333333333334,23.000000000000004
deb009be1806257c59d7964da7bc06206fe74b94d01d308939079b3d57141a26,16/12/2017,869.666667,0.8933333333332485,36.20666666666667,20.38,22.85333333333333,55.61333333333334,11.260000000000002,27.42
deb009be1806257c59d7964da7bc06206fe74b94d01d308939079b3d57141a26,31/12/2017,868.666667,0.306666667,40.080000000000005,25.42666666666667,23.87333333333333,54.67333333333333,12.066666666666666,26.34666666666667
deb009be1806257c59d7964da7bc06206fe74b94d01d308939079b3d57141a26,15/01/2018,875.333333,0.02,39.473333333333336,25.006666666666668,22.613333333333337,50.973333333333336,11.946666666666667,26.23333333333333
deb009be1806257c59d7964da7bc06206fe74b94d01d308939079b3d57141a26,30/01/2018,850,0.1466666666666545,38.57333333333334,24.706666666666667,24.9,54.866666666666674,11.206666666666669,24.040000000000003
deb009be1806257c59d7964da7bc06206fe74b94d01d308939079b3d57141a26,14/02/2018,797,1.319999999999982,37.76,22.44,25.84,59.02,10.673333333333336,23.586666666666662
deb009be1806257c59d7964da7bc06206fe74b94d01d308939079b3d57141a26,1/03/2018,798.666667,0.4533333333332545,38.34666666666667,23.53333333333333,30.613333333333333,69.62666666666668,10.066666666666666,22.35333333333333
deb009be1806257c59d7964da7bc06206fe74b94d01d308939079b3d57141a26,16/03/2018,858,6.313333333,30.966666666666665,20.16666666666667,47.54,85.6,6.326666666666667,16.71333333333333
deb009be1806257c59d7964da7bc06206fe74b94d01d308939079b3d57141a26,31/03/2018,1096.666667,2.313333333333291,33.86666666666667,19.90666666666667,37.54666666666667,84.06,7.620000000000001,20.380000000000003
deb009be1806257c59d7964da7bc06206fe74b94d01d308939079b3d57141a26,15/04/2018,1319.666667,0.013333333,32.46666666666667,18.293333333333337,35.093333333333334,80.73333333333333,6.4,18.88
deb009be1806257c59d7964da7bc06206fe74b94d01d308939079b3d57141a26,30/04/2018,1304.666667,0,30.65333333333333,14.013333333333332,29.44666666666667,80.04666666666667,6.1,18.60666666666667
deb009be1806257c59d7964da7bc06206fe74b94d01d308939079b3d57141a26,15/05/2018,1264.666667,0,27.026666666666664,10.466666666666669,29.013333333333332,81.62000000000002,4.713333333333334,16.546666666666667
deb009be1806257c59d7964da7bc06206fe74b94d01d308939079b3d57141a26,30/05/2018,1293,0,25.206666666666667,8.54,27.68,79.19333333333333,4.386666666666667,15.433333333333334
deb009be1806257c59d7964da7bc06206fe74b94d01d308939079b3d57141a26,14/06/2018,1272,0,23.34666666666667,6.473333333333334,28.380000000000003,82.18000000000002,3.52,14.340000000000002
deb009be1806257c59d7964da7bc06206fe74b94d01d308939079b3d57141a26,29/06/2018,1203.666667,0.006666667,21.92666666666667,5.46,31.89333333333333,87.87333333333332,3.2400000000000007,13.106666666666667
deb009be1806257c59d7964da7bc06206fe74b94d01d308939079b3d57141a26,14/07/2018,1150,0.026666667,22.57333333333333,5.96,32.44666666666667,89.63333333333334,3.3400000000000003,14.666666666666666
deb009be1806257c59d7964da7bc06206fe74b94d01d308939079b3d57141a26,29/07/2018,1057.333333,0.013333333,24.82,5.226666666666668,21.73333333333333,72.07333333333334,3.9133333333333336,16.086666666666666
deb009be1806257c59d7964da7bc06206fe74b94d01d308939079b3d57141a26,13/08/2018,982,0,24.346666666666668,5.4,21.35333333333333,70.97333333333334,4.5600000000000005,18.133333333333333
deb009be1806257c59d7964da7bc06206fe74b94d01d308939079b3d57141a26,28/08/2018,923.666667,0.013333333,25.013333333333332,4.260000000000001,18.913333333333338,67.15333333333334,4.8933333333333335,20.58
deb009be1806257c59d7964da7bc06206fe74b94d01d308939079b3d57141a26,12/09/2018,885,0,27.92666666666667,10.113333333333337,21.46,63.260000000000005,6.246666666666668,20.880000000000003
deb009be1806257c59d7964da7bc06206fe74b94d01d308939079b3d57141a26,27/09/2018,875,0,29.746666666666663,11.906666666666666,19.706666666666667,59.48666666666667,7.166666666666667,23.426666666666662
deb009be1806257c59d7964da7bc06206fe74b94d01d308939079b3d57141a26,12/10/2018,850.333333,0,32.62666666666667,16.186666666666667,23.613333333333337,63.26,8.333333333333334,22.64
deb009be1806257c59d7964da7bc06206fe74b94d01d308939079b3d57141a26,27/10/2018,802.333333,2.073333333333266,35.86,19.64666666666667,27.60666666666667,70.46666666666667,9.233333333333333,23.9
deb009be1806257c59d7964da7bc06206fe74b94d01d308939079b3d57141a26,11/11/2018,817.666667,0.06,36.23333333333333,21.1,23.066666666666663,55.153333333333336,10.453333333333337,25.44666666666667
deb009be1806257c59d7964da7bc06206fe74b94d01d308939079b3d57141a26,26/11/2018,797.666667,0.1133333333332908,34.84,20.086666666666662,26.05333333333333,56.46666666666667,9.926666667,25.23333333333333
deb009be1806257c59d7964da7bc06206fe74b94d01d308939079b3d57141a26,11/12/2018,679,0,36.70666666666667,20.75333333333333,19.973333333333336,48.53333333333333,11.473333333333333,27.480000000000004
deb009be1806257c59d7964da7bc06206fe74b94d01d308939079b3d57141a26,26/12/2018,642,1.633333333333303,37.91333333333333,23.066666666666663,23.35333333333333,52.92,11.800000000000002,24.746666666666663
deb009be1806257c59d7964da7bc06206fe74b94d01d308939079b3d57141a26,10/01/2019,653.666667,0.633333333,38.36666666666667,24.87333333333333,24.94666666666667,53.7,11.566666666666666,25.94
deb009be1806257c59d7964da7bc06206fe74b94d01d308939079b3d57141a26,25/01/2019,667.333333,0.013333333,39.90666666666667,25.25333333333333,23.92,54.70000000000001,12.073333333333334,26.72
deb009be1806257c59d7964da7bc06206fe74b94d01d308939079b3d57141a26,9/02/2019,680,0.9533333333332848,34.666666666666664,23.85333333333333,36.00666666666667,65.94666666666667,8.500000000000002,16.746666666666666
deb009be1806257c59d7964da7bc06206fe74b94d01d308939079b3d57141a26,24/02/2019,702.666667,0.2999999999999697,38.513333333333335,21.53333333333333,18.46,47.27333333333333,11.386666666666668,26.973333333333336
deb009be1806257c59d7964da7bc06206fe74b94d01d308939079b3d57141a26,11/03/2019,726,0,36.580000000000005,23.013333333333332,28.02,61.04666666666667,9.300000000000002,20.72
deb009be1806257c59d7964da7bc06206fe74b94d01d308939079b3d57141a26,26/03/2019,727.333333,8.939999999999934,36.5,23.113333333333333,33.93333333333333,69.46666666666667,8.46,20.186666666666667
deb009be1806257c59d7964da7bc06206fe74b94d01d308939079b3d57141a26,10/04/2019,859,7.939999999999964,28.57333333333333,17.32,43.46666666666668,81.42000000000002,5.553333333333334,18.38
deb009be1806257c59d7964da7bc06206fe74b94d01d308939079b3d57141a26,25/04/2019,1251,0.013333333,28.386666666666667,16.206666666666667,41.32,83.74,5.266666666666667,16.566666666666666
deb009be1806257c59d7964da7bc06206fe74b94d01d308939079b3d57141a26,10/05/2019,1557,0.5933333333333091,24.860000000000003,12.7,45.14666666666667,90.53333333333336,4.133333333333334,15.213333333333336
deb009be1806257c59d7964da7bc06206fe74b94d01d308939079b3d57141a26,25/05/2019,1635.666667,0,25.74,11.02,39.226666666666674,95.58666666666666,4.08,14.253333333333334
deb009be1806257c59d7964da7bc06206fe74b94d01d308939079b3d57141a26,9/06/2019,1525.333333,0,20.56,5.286666666666667,35.5,90.91333333333334,3.3200000000000003,12.486666666666668
deb009be1806257c59d7964da7bc06206fe74b94d01d308939079b3d57141a26,24/06/2019,1384.333333,0,22.333333333333336,5.626666666666667,32.440000000000005,90.34666666666666,3.26,14.546666666666669
deb009be1806257c59d7964da7bc06206fe74b94d01d308939079b3d57141a26,9/07/2019,1317.333333,0.366666667,23.34,9.86,40.92666666666666,89.82,3.153333333333334,11.186666666666667
deb009be1806257c59d7964da7bc06206fe74b94d01d308939079b3d57141a26,24/07/2019,1140,0,22.73333333333333,4.220000000000001,29.673333333333336,91.81333333333332,3.426666666666667,15.926666666666668
deb009be1806257c59d7964da7bc06206fe74b94d01d308939079b3d57141a26,8/08/2019,1105.333333,0.006666667,25.12666666666667,7.340000000000001,24.633333333333333,75.36666666666669,4.193333333333333,14.573333333333332
deb009be1806257c59d7964da7bc06206fe74b94d01d308939079b3d57141a26,23/08/2019,1050,0,23.56,5.24,23.55333333333333,77.46,4.500000000000001,19.146666666666665
deb009be1806257c59d7964da7bc06206fe74b94d01d308939079b3d57141a26,7/09/2019,1031,0,28.19333333333333,8.66,18.21333333333333,57.41333333333333,6.140000000000001,21.05333333333333
deb009be1806257c59d7964da7bc06206fe74b94d01d308939079b3d57141a26,22/09/2019,990.666667,0,28.96,8.653333333333334,16.82,57.66,7.086666666666668,23.206666666666667
deb009be1806257c59d7964da7bc06206fe74b94d01d308939079b3d57141a26,7/10/2019,980.333333,0,32.21333333333334,15.760000000000002,21.05333333333333,56.74666666666667,8.133333333333335,22.506666666666668
deb009be1806257c59d7964da7bc06206fe74b94d01d308939079b3d57141a26,22/10/2019,1004,0,34,15.14,13.233333333333333,39.626666666666665,9.726666666666668,25.160000000000004
deb009be1806257c59d7964da7bc06206fe74b94d01d308939079b3d57141a26,6/11/2019,902,4.266666666666576,31.020000000000003,18.44,31.86666666666667,63.25333333333334,8.026666666666667,21.706666666666667
deb009be1806257c59d7964da7bc06206fe74b94d01d308939079b3d57141a26,21/11/2019,831.333333,0.006666667,35.34,16.28666666666667,15.166666666666666,46.44666666666667,11.1,29.633333333333333
deb009be1806257c59d7964da7bc06206fe74b94d01d308939079b3d57141a26,6/12/2019,831,0.2999999999999697,36.74666666666667,20.62,20.506666666666668,50.02,11.106666666666667,26.72
deb009be1806257c59d7964da7bc06206fe74b94d01d308939079b3d57141a26,21/12/2019,830,0,40.52,22.76,14.413333333333334,38.62,13.433333333333335,28.90666666666667
deb009be1806257c59d7964da7bc06206fe74b94d01d308939079b3d57141a26,5/01/2020,837.333333,0.013333333,40.32666666666668,25.22666666666667,21.266666666666666,49.513333333333335,12.673333333333336,27.466666666666672
deb009be1806257c59d7964da7bc06206fe74b94d01d308939079b3d57141a26,20/01/2020,838.333333,1.126666666666582,38.38666666666667,24.546666666666667,27.19333333333333,60.34666666666667,10.920000000000003,25.21333333333333
deb009be1806257c59d7964da7bc06206fe74b94d01d308939079b3d57141a26,4/02/2020,850.666667,4.766666666666576,35.17333333333333,24.10666666666667,41.553333333333335,76.21333333333334,8.613333333333335,19.4
deb009be1806257c59d7964da7bc06206fe74b94d01d308939079b3d57141a26,19/02/2020,871.333333,1.7266666666666424,37,23.026666666666667,35.62666666666667,78.83999999999999,9.366666666666667,24.53333333333333
deb009be1806257c59d7964da7bc06206fe74b94d01d308939079b3d57141a26,5/03/2020,962.666667,11.286666666666587,33.553333333333335,22.69333333333333,45.54666666666667,83.28666666666668,7.413333333333333,19.44
deb009be1806257c59d7964da7bc06206fe74b94d01d308939079b3d57141a26,20/03/2020,1369,1.0133333333333212,31.093333333333337,17.60666666666667,39.14666666666667,86.28,7.286666666666667,21.966666666666665
deb009be1806257c59d7964da7bc06206fe74b94d01d308939079b3d57141a26,4/04/2020,1398.333333,0.333333333,33.5,19.94,35.99333333333334,79.53333333333333,7.320000000000001,19.57333333333333
deb009be1806257c59d7964da7bc06206fe74b94d01d308939079b3d57141a26,19/04/2020,1375.333333,0,31.166666666666668,15.573333333333334,29.286666666666672,74.50666666666667,6.340000000000001,19.5
deb009be1806257c59d7964da7bc06206fe74b94d01d308939079b3d57141a26,4/05/2020,1223,0.006666667,29.013333333333332,12.886666666666668,29.726666666666667,76.90666666666668,5.713333333333334,17.78666666666667
deb009be1806257c59d7964da7bc06206fe74b94d01d308939079b3d57141a26,19/05/2020,1302,0,26.586666666666662,11.273333333333332,29.67333333333333,76.26,4.573333333333334,15.88
deb009be1806257c59d7964da7bc06206fe74b94d01d308939079b3d57141a26,3/06/2020,1265,0.9399999999999636,20.993333333333336,7.9,42.22666666666667,90.00666666666666,3.366666666666667,12.8
deb009be1806257c59d7964da7bc06206fe74b94d01d308939079b3d57141a26,18/06/2020,1176,0.3133333333333212,24.826666666666668,8.613333333333335,33.4,91.08666666666667,3.473333333333334,14.233333333333336
deb009be1806257c59d7964da7bc06206fe74b94d01d308939079b3d57141a26,3/07/2020,1068,0.006666667,23.266666666666666,6.3133333333333335,33.553333333333335,96.34666666666666,3.3333333333333344,13.84
deb009be1806257c59d7964da7bc06206fe74b94d01d308939079b3d57141a26,18/07/2020,1127.333333,0.006666667,21.53333333333333,4.513333333333334,32.96000000000001,95.19333333333331,3.2466666666666675,14.613333333333337
deb009be1806257c59d7964da7bc06206fe74b94d01d308939079b3d57141a26,2/08/2020,1064.333333,0,23.206666666666667,5.426666666666667,29.506666666666668,89.59333333333333,3.586666666666668,15.580000000000002
deb009be1806257c59d7964da7bc06206fe74b94d01d308939079b3d57141a26,17/08/2020,1001,1.6399999999999637,24.44,8.386666666666667,35.38,90.12000000000002,4.253333333333334,16.54
deb009be1806257c59d7964da7bc06206fe74b94d01d308939079b3d57141a26,1/09/2020,893.333333,0,25.313333333333336,6.566666666666667,21.186666666666667,69.32666666666667,5.026666666666668,20.626666666666665
deb009be1806257c59d7964da7bc06206fe74b94d01d308939079b3d57141a26,16/09/2020,730.333333,0,29.913333333333338,14.3,29.3,76.06666666666668,6.546666666666668,20.86666666666667
deb009be1806257c59d7964da7bc06206fe74b94d01d308939079b3d57141a26,1/10/2020,727.666667,1.7666666666666364,28.76,14.626666666666669,29.493333333333336,66.38666666666667,6.5200000000000005,20.133333333333333
deb009be1806257c59d7964da7bc06206fe74b94d01d308939079b3d57141a26,16/10/2020,762,0.3066666666666303,31.526666666666667,16.713333333333335,27.2,65.62,8.146666666666667,23.92666666666667
deb009be1806257c59d7964da7bc06206fe74b94d01d308939079b3d57141a26,31/10/2020,710.333333,0.3399999999999939,32.29333333333334,15.046666666666669,23.57333333333333,64.12666666666668,8.520000000000001,24.2
deb009be1806257c59d7964da7bc06206fe74b94d01d308939079b3d57141a26,15/11/2020,606.666667,0.9066666666666304,35.18,17.9,22.92,59.07333333333335,10.340000000000002,27.493333333333336
deb009be1806257c59d7964da7bc06206fe74b94d01d308939079b3d57141a26,30/11/2020,590.333333,0.033333333,39.29333333333334,24.37333333333333,20.660000000000004,47.59333333333333,11.96,28.826666666666668
deb009be1806257c59d7964da7bc06206fe74b94d01d308939079b3d57141a26,15/12/2020,585.333333,0.733333333,37.56666666666667,23.513333333333332,23.633333333333333,52.08666666666667,11.526666666666667,25.96
deb009be1806257c59d7964da7bc06206fe74b94d01d308939079b3d57141a26,30/12/2020,579.666667,1.5866666666665272,34.900000000000006,23.146666666666665,39.013333333333335,74.07333333333334,9.466666666666669,19.85333333333334
deb009be1806257c59d7964da7bc06206fe74b94d01d308939079b3d57141a26,14/01/2021,649,4.133333333333182,33.32666666666667,21.480000000000004,44.34666666666667,87.51333333333334,8.186666666666667,21.14666666666667
deb009be1806257c59d7964da7bc06206fe74b94d01d308939079b3d57141a26,29/01/2021,713.333333,0.5133333333332909,37.15333333333333,23.06,27.120000000000005,60.52,10.740000000000002,25.23333333333333
deb009be1806257c59d7964da7bc06206fe74b94d01d308939079b3d57141a26,13/02/2021,630.666667,3.1599999999998847,36.86000000000001,23.9,34.42,71.8,9.28,21.413333333333338
deb009be1806257c59d7964da7bc06206fe74b94d01d308939079b3d57141a26,28/02/2021,631,1.6466666666666243,36.04666666666667,21.90666666666667,33.18666666666667,73.9,9.12,22.066666666666663
deb009be1806257c59d7964da7bc06206fe74b94d01d308939079b3d57141a26,15/03/2021,658.333333,2.513333333,34.913333333333334,20.85333333333333,33.940000000000005,72.55333333333334,8.046666666666667,21.92666666666667
deb009be1806257c59d7964da7bc06206fe74b94d01d308939079b3d57141a26,30/03/2021,835,3.4733333333332665,31.12666666666667,19.14,43.35333333333333,85.71333333333334,6.586666666666668,17.713333333333335
deb009be1806257c59d7964da7bc06206fe74b94d01d308939079b3d57141a26,14/04/2021,1039,1.0466666666666242,30.066666666666663,15.78,35.70666666666667,82.53333333333333,5.966666666666667,19.000000000000004
deb009be1806257c59d7964da7bc06206fe74b94d01d308939079b3d57141a26,29/04/2021,955.666667,0.026666667,28.780000000000005,12.76,27.006666666666668,72.62666666666668,5.820000000000001,17.453333333333333
deb009be1806257c59d7964da7bc06206fe74b94d01d308939079b3d57141a26,14/05/2021,873,0.02,27.566666666666663,11.5,32.31333333333334,86.75333333333334,4.686666666666667,16.673333333333336
deb009be1806257c59d7964da7bc06206fe74b94d01d308939079b3d57141a26,29/05/2021,894.333333,0,24.413333333333338,8.093333333333334,28.566666666666663,80.45333333333333,4.300000000000001,15.513333333333334
deb009be1806257c59d7964da7bc06206fe74b94d01d308939079b3d57141a26,13/06/2021,856,0.2,22.56,6.086666666666668,34.326666666666675,91.57333333333334,3.353333333333333,13.113333333333332
deb009be1806257c59d7964da7bc06206fe74b94d01d308939079b3d57141a26,28/06/2021,822,1.146666666666594,21.326666666666664,6.693333333333333,40.16666666666666,92.56666666666666,3.040000000000001,11.446666666666667
deb009be1806257c59d7964da7bc06206fe74b94d01d308939079b3d57141a26,13/07/2021,782,1.2266666666666424,20.920000000000005,6.433333333333334,41.54666666666667,97.56666666666666,2.9600000000000004,13.686666666666667
deb009be1806257c59d7964da7bc06206fe74b94d01d308939079b3d57141a26,28/07/2021,737.666667,0,23.08666666666667,5.726666666666668,31.14666666666667,90.26666666666668,3.453333333333334,14.933333333333334
deb009be1806257c59d7964da7bc06206fe74b94d01d308939079b3d57141a26,12/08/2021,731.666667,0.1599999999999757,25.48,8.913333333333334,30.773333333333333,86.70666666666668,4.326666666666667,16.593333333333334
deb009be1806257c59d7964da7bc06206fe74b94d01d308939079b3d57141a26,27/08/2021,723.666667,0.1599999999999757,25.593333333333337,9.18,26.746666666666663,75.44,4.713333333333335,18.86
deb009be1806257c59d7964da7bc06206fe74b94d01d308939079b3d57141a26,11/09/2021,632.666667,0,27.88,10.506666666666668,26.84666666666667,74.95333333333333,5.906666666666667,19.540000000000003
deb009be1806257c59d7964da7bc06206fe74b94d01d308939079b3d57141a26,26/09/2021,607.666667,0,29.500000000000004,11.646666666666668,19.10666666666667,57.55333333333333,7.166666666666668,23.15333333333333
deb009be1806257c59d7964da7bc06206fe74b94d01d308939079b3d57141a26,11/10/2021,577.333333,0.3399999999999636,31.860000000000003,15.706666666666669,27.62,66.71333333333334,7.86,21.420000000000005
deb009be1806257c59d7964da7bc06206fe74b94d01d308939079b3d57141a26,26/10/2021,581.333333,0.193333333,33.92666666666667,15.346666666666668,20.380000000000003,59.47333333333334,9.113333333333337,24.12
deb009be1806257c59d7964da7bc06206fe74b94d01d308939079b3d57141a26,10/11/2021,586.666667,5.559999999999885,33.626666666666665,21.113333333333337,37.03333333333333,75.93333333333335,8.180000000000001,21.8
deb009be1806257c59d7964da7bc06206fe74b94d01d308939079b3d57141a26,25/11/2021,1004.666667,4.433333333333272,29.74666666666667,17.28666666666667,37.25333333333334,75.01333333333334,7.993333333333335,23.773333333333333
deb009be1806257c59d7964da7bc06206fe74b94d01d308939079b3d57141a26,10/12/2021,1572,4.326666666666582,32.56666666666667,19.37333333333333,40.6,85.83333333333333,8.900000000000002,24.04666666666667
deb009be1806257c59d7964da7bc06206fe74b94d01d308939079b3d57141a26,25/12/2021,1568.333333,0.093333333,36.63333333333333,21.006666666666668,29.22,71.82666666666667,10.873333333333337,27.626666666666665
deb009be1806257c59d7964da7bc06206fe74b94d01d308939079b3d57141a26,9/01/2022,1465.666667,0.7533333333332848,38.36000000000001,21.82,27.25333333333333,68.56666666666666,11.273333333333335,26.613333333333337
deb009be1806257c59d7964da7bc06206fe74b94d01d308939079b3d57141a26,24/01/2022,1322,7.726666666666582,37.73333333333333,24.52,32.72,67.67333333333333,10.2,21.506666666666668
deb009be1806257c59d7964da7bc06206fe74b94d01d308939079b3d57141a26,8/02/2022,1248.666667,5.9266666666665815,33.1,21.24,42.91333333333333,83.48000000000002,7.960000000000002,20.2
deb009be1806257c59d7964da7bc06206fe74b94d01d308939079b3d57141a26,23/02/2022,1596.666667,1.2933333333332788,36.54666666666667,21.480000000000004,30.793333333333337,73.54666666666667,9.62,25.73333333333333
deb009be1806257c59d7964da7bc06206fe74b94d01d308939079b3d57141a26,10/03/2022,1612.666667,0.026666667,37.09333333333333,20.49333333333333,27.23333333333333,70.51333333333334,9.54,22.96
deb009be1806257c59d7964da7bc06206fe74b94d01d308939079b3d57141a26,25/03/2022,1349.333333,1.933333333333303,35.27333333333333,20.286666666666672,31.06,73.91333333333334,8.286666666666667,22.6
deb009be1806257c59d7964da7bc06206fe74b94d01d308939079b3d57141a26,9/04/2022,1232.666667,4.713333333,32.08666666666667,18,38.06666666666667,86.31333333333333,6.373333333333335,19.34666666666667
deb009be1806257c59d7964da7bc06206fe74b94d01d308939079b3d57141a26,24/04/2022,1138.333333,0.006666667,31.173333333333336,16.8,34.65333333333333,80.09333333333333,6.053333333333334,17.759999999999998
deb009be1806257c59d7964da7bc06206fe74b94d01d308939079b3d57141a26,9/05/2022,1320,4.8866666666665575,25.55333333333333,16.14,51.56666666666667,89.58666666666666,3.8333333333333344,11.566666666666666
deb009be1806257c59d7964da7bc06206fe74b94d01d308939079b3d57141a26,24/05/2022,1475.666667,2.753333333333285,24.06,14.9,57.973333333333336,97.46,3.266666666666667,10.94
deb009be1806257c59d7964da7bc06206fe74b94d01d308939079b3d57141a26,8/06/2022,1519.333333,0.4933333333333091,21.52,9.400000000000002,47.726666666666674,94.08,3.086666666666668,11.033333333333331
deb009be1806257c59d7964da7bc06206fe74b94d01d308939079b3d57141a26,23/06/2022,1577,0,21.33333333333333,4.226666666666668,37.00666666666667,98.52666666666669,3.093333333333334,14
deb009be1806257c59d7964da7bc06206fe74b94d01d308939079b3d57141a26,8/07/2022,1377.666667,1.559999999999976,18.94,6.6000000000000005,51.120000000000005,98.53333333333332,2.6000000000000005,11
deb009be1806257c59d7964da7bc06206fe74b94d01d308939079b3d57141a26,23/07/2022,1251.333333,1.1399999999999637,20.180000000000003,3.713333333333333,38.94666666666667,98.85333333333332,3.000000000000001,15.046666666666663
deb009be1806257c59d7964da7bc06206fe74b94d01d308939079b3d57141a26,7/08/2022,1154.666667,0.6199999999999212,23.180000000000003,9.04,42.56,97.12666666666668,3.4200000000000004,14.68
deb009be1806257c59d7964da7bc06206fe74b94d01d308939079b3d57141a26,22/08/2022,1231.333333,0.026666667,22.833333333333336,5.213333333333335,32.260000000000005,94.64666666666668,4.106666666666667,17.30666666666667
deb009be1806257c59d7964da7bc06206fe74b94d01d308939079b3d57141a26,6/09/2022,1182.666667,4.159999999999915,22.766666666666666,9.786666666666669,43.56666666666667,91.24666666666668,4.046666666666668,17.280000000000005
deb009be1806257c59d7964da7bc06206fe74b94d01d308939079b3d57141a26,21/09/2022,1280.333333,1.7199999999999516,26.05333333333333,11.86,37.54666666666667,86.23333333333333,5.433333333333335,18.326666666666664
deb009be1806257c59d7964da7bc06206fe74b94d01d308939079b3d57141a26,6/10/2022,1295,0.7933333333333091,27.75333333333333,12.986666666666668,36.31333333333334,87.48666666666668,6.1466666666666665,20.313333333333336
deb009be1806257c59d7964da7bc06206fe74b94d01d308939079b3d57141a26,21/10/2022,1216.333333,3.2799999999998968,28.64,16.173333333333332,44.91333333333333,91.84666666666666,6.306666666666668,19.08
deb009be1806257c59d7964da7bc06206fe74b94d01d308939079b3d57141a26,5/11/2022,1222,0.5066666666666606,30.933333333333334,14.993333333333334,28.23333333333333,72.92000000000002,8.413333333333334,24.466666666666672
deb009be1806257c59d7964da7bc06206fe74b94d01d308939079b3d57141a26,20/11/2022,1219.333333,0.666666667,32.42,17.586666666666666,29.58,71.08,8.860000000000001,22.73333333333333
deb009be1806257c59d7964da7bc06206fe74b94d01d308939079b3d57141a26,5/12/2022,1208.333333,0.1066666666666302,32.78666666666667,18.12,27.34,64.99333333333334,9.033333333333331,22.62
deb009be1806257c59d7964da7bc06206fe74b94d01d308939079b3d57141a26,20/12/2022,1058.666667,2.039999999999933,35.21333333333334,19.686666666666667,25.39333333333333,60.25333333333334,10.666666666666666,26.53333333333334
deb009be1806257c59d7964da7bc06206fe74b94d01d308939079b3d57141a26,4/01/2023,1001,1.3133333333332908,34.70000000000001,21.96,35.94666666666667,73.11999999999999,9.606666666666667,20.99333333333333
deb009be1806257c59d7964da7bc06206fe74b94d01d308939079b3d57141a26,19/01/2023,1059.333333,4.773333333333297,32.32,21.03333333333333,46.67333333333333,87.31333333333333,7.6800000000000015,21.733333333333334
deb009be1806257c59d7964da7bc06206fe74b94d01d308939079b3d57141a26,3/02/2023,1635.333333,2.199999999999909,34.873333333333335,22.82,42.46,84.90000000000002,8.606666666666667,25.686666666666667
deb009be1806257c59d7964da7bc06206fe74b94d01d308939079b3d57141a26,18/02/2023,1559,1.6399999999999637,34.733333333333334,20.35333333333333,34.7,75.47333333333333,8.700000000000001,23.32
deb009be1806257c59d7964da7bc06206fe74b94d01d308939079b3d57141a26,5/03/2023,1516.333333,0.1666666666666363,35.94666666666667,21.466666666666672,31.773333333333333,73.70666666666666,8.88,23.08
deb009be1806257c59d7964da7bc06206fe74b94d01d308939079b3d57141a26,20/03/2023,1390.333333,4.053333333333285,32.96,20.226666666666667,46.99333333333333,92.05333333333334,6.693333333333333,19.05333333333333
deb009be1806257c59d7964da7bc06206fe74b94d01d308939079b3d57141a26,4/04/2023,1373.333333,0.033333333,33.22,18.69333333333333,33.79333333333334,79.72666666666666,7.213333333333334,20.206666666666667
deb009be1806257c59d7964da7bc06206fe74b94d01d308939079b3d57141a26,19/04/2023,1298,0.2933333333333091,31.92666666666667,13.906666666666668,27.933333333333337,78.60666666666667,6.38,17.986666666666668
deb009be1806257c59d7964da7bc06206fe74b94d01d308939079b3d57141a26,4/05/2023,1192.333333,0.4599999999999757,28.24,12.72,34.60666666666667,87.2,5.173333333333334,16.60666666666667
deb009be1806257c59d7964da7bc06206fe74b94d01d308939079b3d57141a26,19/05/2023,1106.333333,0.006666667,25.12,8.073333333333334,31.02,88.52,4.346666666666668,16.393333333333334
deb009be1806257c59d7964da7bc06206fe74b94d01d308939079b3d57141a26,3/06/2023,999.666667,0,24.22000000000001,4.253333333333334,25.57333333333333,89.42000000000002,4.186666666666667,15.7
deb009be1806257c59d7964da7bc06206fe74b94d01d308939079b3d57141a26,18/06/2023,1080.666667,0.013333333,25.6,9.693333333333335,34.38,90.5,3.5000000000000004,14.06
deb009be1806257c59d7964da7bc06206fe74b94d01d308939079b3d57141a26,3/07/2023,1042,0.393333333,23.69333333333333,9.546666666666669,34.873333333333335,76.07333333333334,3.466666666666668,12.52
deb009be1806257c59d7964da7bc06206fe74b94d01d308939079b3d57141a26,18/07/2023,944.333333,2.1066666666666305,22.41333333333333,7.0600000000000005,40.75333333333334,97,3.113333333333334,14.52
deb009be1806257c59d7964da7bc06206fe74b94d01d308939079b3d57141a26,2/08/2023,979.666667,0,24.593333333333337,8.466666666666667,32.49333333333333,88.67333333333335,3.686666666666667,15.9
deb009be1806257c59d7964da7bc06206fe74b94d01d308939079b3d57141a26,17/08/2023,1023.666667,0,27.62666666666667,8.633333333333333,25.69333333333333,82.52,4.993333333333334,17.90666666666667
deb009be1806257c59d7964da7bc06206fe74b94d01d308939079b3d57141a26,1/09/2023,993,0,27.72666666666667,8.666666666666666,24.91333333333333,80.96000000000001,5.193333333333333,19.293333333333333
deb009be1806257c59d7964da7bc06206fe74b94d01d308939079b3d57141a26,16/09/2023,955,0,29.71333333333333,10.866666666666667,19.820000000000004,65.52666666666667,7.000000000000001,21.246666666666663
deb009be1806257c59d7964da7bc06206fe74b94d01d308939079b3d57141a26,1/10/2023,813.333333,0,32.29333333333334,14.493333333333336,23.59333333333333,69.40000000000002,7.626666666666668,23.19333333333333
deb009be1806257c59d7964da7bc06206fe74b94d01d308939079b3d57141a26,16/10/2023,795.333333,0,32.11333333333333,15.12,22.86666666666667,61.56000000000001,8.413333333333334,24.246666666666663
deb009be1806257c59d7964da7bc06206fe74b94d01d308939079b3d57141a26,31/10/2023,762.666667,0.6533333333333151,34.70666666666667,16.673333333333336,17.953333333333333,52.16,9.693333333333332,26.673333333333336
deb009be1806257c59d7964da7bc06206fe74b94d01d308939079b3d57141a26,15/11/2023,731.333333,0.9466666666666242,36.16,20.58,25.86666666666667,61.77333333333334,10.346666666666668,27.25333333333333
deb009be1806257c59d7964da7bc06206fe74b94d01d308939079b3d57141a26,30/11/2023,743.333333,4.593333333333248,32.50666666666667,20.78666666666667,42.306666666666665,80.29333333333334,7.753333333333334,20.85333333333333
deb009be1806257c59d7964da7bc06206fe74b94d01d308939079b3d57141a26,15/12/2023,807.666667,0.073333333,37.06000000000001,21.686666666666667,29.880000000000003,72.58666666666667,10.92666666666667,29.040000000000003
deb009be1806257c59d7964da7bc06206fe74b94d01d308939079b3d57141a26,30/12/2023,756.666667,3.5266666666665816,37.86,20.98,28.9,71.99333333333334,11.066666666666666,27.780000000000005
deb009be1806257c59d7964da7bc06206fe74b94d01d308939079b3d57141a26,14/01/2024,788,1.9933333333332484,36.973333333333336,23.233333333333334,37.84666666666667,81.57333333333332,9.513333333333334,25.34
deb009be1806257c59d7964da7bc06206fe74b94d01d308939079b3d57141a26,29/01/2024,756.333333,4.019999999999952,37.75333333333334,25.42,39.91333333333333,79.27333333333334,9.566666666666666,25.266666666666666
deb009be1806257c59d7964da7bc06206fe74b94d01d308939079b3d57141a26,13/02/2024,913,2.5266666666665816,36.52,23.73333333333333,39.580000000000005,81.42,8.8,23.766666666666666
deb009be1806257c59d7964da7bc06206fe74b94d01d308939079b3d57141a26,28/02/2024,1539.333333,3.346666666666594,34.04,22.160000000000004,46.720000000000006,92.43333333333337,7.620000000000002,23.44
deb009be1806257c59d7964da7bc06206fe74b94d01d308939079b3d57141a26,14/03/2024,1413,0.006666667,35.693333333333335,21.013333333333332,33.57333333333333,78.58,8.520000000000001,24.326666666666664
deb009be1806257c59d7964da7bc06206fe74b94d01d308939079b3d57141a26,29/03/2024,1404.333333,7.233333333333273,32.52666666666667,21.973333333333336,48.7,84.87333333333332,6.366666666666666,16.446666666666665
deb009be1806257c59d7964da7bc06206fe74b94d01d308939079b3d57141a26,13/04/2024,1483,7.273333333333297,28.6,16.013333333333335,44.88,92.26666666666668,5.453333333333334,19.593333333333337
deb009be1806257c59d7964da7bc06206fe74b94d01d308939079b3d57141a26,28/04/2024,1560,0.1666666666666666,28.71333333333333,13.813333333333333,37,90.38666666666668,5.493333333333335,18.94
deb009be1806257c59d7964da7bc06206fe74b94d01d308939079b3d57141a26,13/05/2024,1600,0.6066666666666303,27.72000000000001,13.686666666666667,42.08666666666667,96.53333333333332,4.353333333333334,16.18
deb009be1806257c59d7964da7bc06206fe74b94d01d308939079b3d57141a26,28/05/2024,1601.666667,0,25.613333333333333,8.753333333333334,34.17333333333333,95.96,4.206666666666667,15.446666666666667
deb009be1806257c59d7964da7bc06206fe74b94d01d308939079b3d57141a26,12/06/2024,1379,0.7799999999999879,22.39333333333333,6.3933333333333335,40.93333333333333,98.27333333333334,3.2066666666666674,14.02
deb009be1806257c59d7964da7bc06206fe74b94d01d308939079b3d57141a26,27/06/2024,1592.666667,0.1266666666666424,23.040000000000003,4.96,32.06666666666667,93.9,3.3200000000000007,13.893333333333334
deb009be1806257c59d7964da7bc06206fe74b94d01d308939079b3d57141a26,12/07/2024,1307.666667,0.4666666666665757,23.526666666666667,9.506666666666668,46.513333333333335,98.9,2.9866666666666672,12.953333333333337
deb009be1806257c59d7964da7bc06206fe74b94d01d308939079b3d57141a26,27/07/2024,1204.666667,0.4266666666666424,21.35333333333333,4.140000000000001,34.2,95.77333333333333,3.1866666666666674,14.806666666666668
deb009be1806257c59d7964da7bc06206fe74b94d01d308939079b3d57141a26,11/08/2024,1149,0.1133333333332908,23.486666666666668,6.133333333333335,33.166666666666664,90.82,3.8600000000000008,15.760000000000002
deb009be1806257c59d7964da7bc06206fe74b94d01d308939079b3d57141a26,26/08/2024,1131.333333,0.066666667,29.333333333333336,11.026666666666667,32.406666666666666,90.22666666666666,5.053333333333334,18.666666666666668
deb009be1806257c59d7964da7bc06206fe74b94d01d308939079b3d57141a26,10/09/2024,1118.333333,0,32.43333333333333,13.233333333333333,24.12666666666667,76.96000000000001,6.920000000000001,20.880000000000003
deb009be1806257c59d7964da7bc06206fe74b94d01d308939079b3d57141a26,25/09/2024,1035.666667,0,29.74666666666667,11.633333333333333,20.22666666666667,59.64666666666667,7.106666666666667,22.41333333333333
deb009be1806257c59d7964da7bc06206fe74b94d01d308939079b3d57141a26,10/10/2024,1000.333333,0.8266666666666425,32.260000000000005,14.98,26.46,73.07333333333334,7.920000000000002,23.37333333333333
deb009be1806257c59d7964da7bc06206fe74b94d01d308939079b3d57141a26,25/10/2024,987,0,35.126666666666665,19.23333333333333,26.09333333333333,66.10666666666667,9.066666666666668,24.76666666666667
deb009be1806257c59d7964da7bc06206fe74b94d01d308939079b3d57141a26,9/11/2024,1003.333333,0.2399999999999636,37.71333333333334,20.526666666666667,20.44,54.18,10.813333333333334,26.40666666666667
deb009be1806257c59d7964da7bc06206fe74b94d01d308939079b3d57141a26,24/11/2024,1011.666667,5.459999999999915,34.4,21.62,38.56666666666667,78.72,8.620000000000001,23.01333333333333
deb009be1806257c59d7964da7bc06206fe74b94d01d308939079b3d57141a26,9/12/2024,1330,3.059999999999945,34.38,23,44.30666666666666,82.71333333333334,8.873333333333335,25.066666666666663
deb009be1806257c59d7964da7bc06206fe74b94d01d308939079b3d57141a26,24/12/2024,1248.666667,0.4533333333332848,36.52,22.07333333333333,34.25333333333334,77.32000000000001,10.466666666666669,28.600000000000005
d1a2be8f6307b3c2d1252c096b5efcaf7059b3e6ded59c01ea235451af0556e7,5/01/2017,1468,1.199999999999818,35.36,24.56,41.42,76.32000000000001,8.5,20.06
d1a2be8f6307b3c2d1252c096b5efcaf7059b3e6ded59c01ea235451af0556e7,20/01/2017,1468,3.8333333333332726,36.23333333333333,23.78666666666667,38.580000000000005,77.24000000000001,9.326666667,23.613333333333333
d1a2be8f6307b3c2d1252c096b5efcaf7059b3e6ded59c01ea235451af0556e7,4/02/2017,1429,0.9133333333332606,37.88666666666667,24.540000000000003,35.75333333333334,75.6,10.026666666666667,24.76666666666667
d1a2be8f6307b3c2d1252c096b5efcaf7059b3e6ded59c01ea235451af0556e7,19/02/2017,1038.333333,0.2066666666666302,39.36,24.24666666666667,27.766666666666666,64.36666666666666,10.646666666666668,25.226666666666667
d1a2be8f6307b3c2d1252c096b5efcaf7059b3e6ded59c01ea235451af0556e7,6/03/2017,1035,0.9799999999999272,35.86666666666667,20.546666666666667,31.026666666666667,75.55333333333334,8.706666666666667,21.466666666666672
d1a2be8f6307b3c2d1252c096b5efcaf7059b3e6ded59c01ea235451af0556e7,21/03/2017,1023.666667,0.3799999999999575,36.373333333333335,20.19333333333333,29.52,72.73333333333333,8.466666666666667,20.886666666666667
d1a2be8f6307b3c2d1252c096b5efcaf7059b3e6ded59c01ea235451af0556e7,5/04/2017,1224,0.026666667,33.88666666666667,18.466666666666665,32.63333333333333,79.44666666666667,7.266666666666667,19.39333333333333
d1a2be8f6307b3c2d1252c096b5efcaf7059b3e6ded59c01ea235451af0556e7,20/04/2017,1045.333333,0,31.280000000000005,13.726666666666668,26.85333333333333,77.42666666666668,6.38,20.24
d1a2be8f6307b3c2d1252c096b5efcaf7059b3e6ded59c01ea235451af0556e7,5/05/2017,856.333333,0.04,28.78666666666667,13.9,32.1,79.64666666666668,5.306666666666668,16.233333333333334
d1a2be8f6307b3c2d1252c096b5efcaf7059b3e6ded59c01ea235451af0556e7,20/05/2017,657,0.3466666666666242,27.08,11.406666666666666,34.88666666666666,87.1,4.366666666666666,14.42
d1a2be8f6307b3c2d1252c096b5efcaf7059b3e6ded59c01ea235451af0556e7,4/06/2017,660,0,26.4,8.813333333333334,27.90666666666667,82.32666666666667,4.3133333333333335,15.48
d1a2be8f6307b3c2d1252c096b5efcaf7059b3e6ded59c01ea235451af0556e7,19/06/2017,812.666667,0,23.53333333333333,5.626666666666666,30.433333333333334,92.37333333333332,3.426666666666667,14.9
d1a2be8f6307b3c2d1252c096b5efcaf7059b3e6ded59c01ea235451af0556e7,4/07/2017,1011.333333,0.2933333333333091,24.96,8.413333333333334,33.32666666666667,89.77333333333334,3.48,13.32
d1a2be8f6307b3c2d1252c096b5efcaf7059b3e6ded59c01ea235451af0556e7,19/07/2017,1103.666667,1.0266666666665818,24.526666666666667,9.946666666666667,38.2,89.48666666666666,3.333333333333333,13.193333333333332
d1a2be8f6307b3c2d1252c096b5efcaf7059b3e6ded59c01ea235451af0556e7,3/08/2017,981,0,26.266666666666666,6.6466666666666665,22.53333333333334,76.56,4.220000000000001,17.21333333333333
d1a2be8f6307b3c2d1252c096b5efcaf7059b3e6ded59c01ea235451af0556e7,18/08/2017,927,0,27.82,6.113333333333334,17.773333333333333,69.25333333333334,5.353333333333334,19.26
d1a2be8f6307b3c2d1252c096b5efcaf7059b3e6ded59c01ea235451af0556e7,2/09/2017,851,0,25.76,5.913333333333333,15.460000000000004,54.86000000000001,5.3933333333333335,21.06
d1a2be8f6307b3c2d1252c096b5efcaf7059b3e6ded59c01ea235451af0556e7,17/09/2017,784.333333,0,28.026666666666667,8.24,16.226666666666667,56.82666666666668,6.726666666666668,22.58
d1a2be8f6307b3c2d1252c096b5efcaf7059b3e6ded59c01ea235451af0556e7,2/10/2017,772,0.053333333,34.53333333333333,15.660000000000002,18.76,55.18,8.853333333333333,21.826666666666668
d1a2be8f6307b3c2d1252c096b5efcaf7059b3e6ded59c01ea235451af0556e7,17/10/2017,899,2.039999999999903,33.9,19.746666666666663,34.67333333333333,77.88666666666667,7.833333333333334,20.76
d1a2be8f6307b3c2d1252c096b5efcaf7059b3e6ded59c01ea235451af0556e7,1/11/2017,907,1.673333333333206,32.13333333333334,16.82,30.78666666666667,73.83333333333334,7.986666666666666,22.933333333333337
d1a2be8f6307b3c2d1252c096b5efcaf7059b3e6ded59c01ea235451af0556e7,16/11/2017,867.666667,0.2933333333332787,33.34,18.21333333333333,26.66,63.98,9.36,24.32
d1a2be8f6307b3c2d1252c096b5efcaf7059b3e6ded59c01ea235451af0556e7,1/12/2017,957.666667,0.566666667,34.06666666666667,20.486666666666668,32.153333333333336,71.24000000000001,9.093333333333334,22.986666666666668
d1a2be8f6307b3c2d1252c096b5efcaf7059b3e6ded59c01ea235451af0556e7,16/12/2017,870.333333,0.633333333,36.11333333333334,20.2,23.46,57.54666666666667,11.153333333333334,27.34666666666667
d1a2be8f6307b3c2d1252c096b5efcaf7059b3e6ded59c01ea235451af0556e7,31/12/2017,800.333333,0.4266666666665817,39.86000000000001,25.113333333333337,24.293333333333337,56.06666666666668,11.946666666666667,26.35333333333333
d1a2be8f6307b3c2d1252c096b5efcaf7059b3e6ded59c01ea235451af0556e7,15/01/2018,741.666667,0.1,39.32,24.746666666666663,23.12666666666667,52.54666666666667,11.7,26.14
d1a2be8f6307b3c2d1252c096b5efcaf7059b3e6ded59c01ea235451af0556e7,30/01/2018,628.666667,0.4266666666666424,38.35333333333334,24.486666666666668,25.593333333333337,56.49333333333333,10.926666666666668,23.913333333333338
d1a2be8f6307b3c2d1252c096b5efcaf7059b3e6ded59c01ea235451af0556e7,14/02/2018,435.666667,1.4066666666666603,37.61333333333333,22.22,26.33333333333333,60.52,10.42,23.6
d1a2be8f6307b3c2d1252c096b5efcaf7059b3e6ded59c01ea235451af0556e7,1/03/2018,435,0.3999999999999696,38.13333333333334,23.37333333333333,31.44666666666667,71.39333333333335,9.793333333333331,22.266666666666666
d1a2be8f6307b3c2d1252c096b5efcaf7059b3e6ded59c01ea235451af0556e7,16/03/2018,517,7.073333333333267,30.88666666666667,20.03333333333334,47.67333333333333,86.35333333333334,6.193333333333333,16.76
d1a2be8f6307b3c2d1252c096b5efcaf7059b3e6ded59c01ea235451af0556e7,31/03/2018,1251.333333,2.1733333333332667,33.67333333333333,19.64,38.46000000000001,86.65333333333334,7.453333333333334,20.28
d1a2be8f6307b3c2d1252c096b5efcaf7059b3e6ded59c01ea235451af0556e7,15/04/2018,1602.666667,0.04,32.32666666666667,18.166666666666668,35.720000000000006,82.16666666666667,6.3,18.75333333333333
d1a2be8f6307b3c2d1252c096b5efcaf7059b3e6ded59c01ea235451af0556e7,30/04/2018,1258.666667,0,30.62,13.866666666666667,29.420000000000005,80.38000000000001,6.013333333333334,18.65333333333333
d1a2be8f6307b3c2d1252c096b5efcaf7059b3e6ded59c01ea235451af0556e7,15/05/2018,1213,0,27.05333333333333,10.406666666666666,29.040000000000006,82.01333333333334,4.613333333333334,16.586666666666666
d1a2be8f6307b3c2d1252c096b5efcaf7059b3e6ded59c01ea235451af0556e7,30/05/2018,1170.333333,0,25.22,8.5,27.94,79.96666666666667,4.286666666666666,15.446666666666664
d1a2be8f6307b3c2d1252c096b5efcaf7059b3e6ded59c01ea235451af0556e7,14/06/2018,1273.666667,0.006666667,23.35333333333334,6.4,28.566666666666663,82.79333333333334,3.4733333333333336,14.413333333333334
d1a2be8f6307b3c2d1252c096b5efcaf7059b3e6ded59c01ea235451af0556e7,29/06/2018,1297,0.006666667,21.966666666666672,5.486666666666667,32.086666666666666,88.01333333333334,3.2133333333333334,13.140000000000002
d1a2be8f6307b3c2d1252c096b5efcaf7059b3e6ded59c01ea235451af0556e7,14/07/2018,1165.333333,0.04,22.73333333333333,5.986666666666666,32.373333333333335,89.56,3.333333333333334,14.673333333333334
d1a2be8f6307b3c2d1252c096b5efcaf7059b3e6ded59c01ea235451af0556e7,29/07/2018,1010.333333,0.033333333,24.83333333333333,5.186666666666667,22.253333333333337,74.03999999999999,3.8666666666666663,16.14
d1a2be8f6307b3c2d1252c096b5efcaf7059b3e6ded59c01ea235451af0556e7,13/08/2018,911.333333,0,24.39333333333333,5.42,21.513333333333332,71.56666666666666,4.540000000000001,18.146666666666665
d1a2be8f6307b3c2d1252c096b5efcaf7059b3e6ded59c01ea235451af0556e7,28/08/2018,786.333333,0.013333333,25.04666666666667,4.193333333333334,19,67.68666666666667,4.8933333333333335,20.660000000000004
d1a2be8f6307b3c2d1252c096b5efcaf7059b3e6ded59c01ea235451af0556e7,12/09/2018,817.333333,0,27.973333333333336,10.12,21.49333333333333,63.406666666666666,6.253333333333333,20.96
d1a2be8f6307b3c2d1252c096b5efcaf7059b3e6ded59c01ea235451af0556e7,27/09/2018,839.666667,0,29.73333333333333,12.053333333333336,20.360000000000003,60.64666666666667,7.0600000000000005,23.493333333333336
d1a2be8f6307b3c2d1252c096b5efcaf7059b3e6ded59c01ea235451af0556e7,12/10/2018,709.666667,0,32.62666666666667,16.173333333333332,23.933333333333334,64.18666666666667,8.246666666666666,22.68
d1a2be8f6307b3c2d1252c096b5efcaf7059b3e6ded59c01ea235451af0556e7,27/10/2018,520,2.179999999999897,35.74,19.64666666666667,28.22,71.46000000000001,9.106666666666667,23.89333333333333
d1a2be8f6307b3c2d1252c096b5efcaf7059b3e6ded59c01ea235451af0556e7,11/11/2018,487.666667,0.08,36.18,20.993333333333336,23.53333333333334,56.32000000000001,10.32,25.44
d1a2be8f6307b3c2d1252c096b5efcaf7059b3e6ded59c01ea235451af0556e7,26/11/2018,443.666667,0.7133333333332909,34.76,20,26.28666666666667,56.873333333333335,9.84,25.22
d1a2be8f6307b3c2d1252c096b5efcaf7059b3e6ded59c01ea235451af0556e7,11/12/2018,398.333333,0,36.68,20.6,20.2,49.48,11.42,27.40666666666667
d1a2be8f6307b3c2d1252c096b5efcaf7059b3e6ded59c01ea235451af0556e7,26/12/2018,515.333333,1.2466666666666242,37.82000000000001,22.993333333333336,23.76,53.8,11.66,24.586666666666662
d1a2be8f6307b3c2d1252c096b5efcaf7059b3e6ded59c01ea235451af0556e7,10/01/2019,513,0.2866666666666485,38.14,24.62,25.280000000000005,54.540000000000006,11.373333333333337,25.9
d1a2be8f6307b3c2d1252c096b5efcaf7059b3e6ded59c01ea235451af0556e7,25/01/2019,515.333333,0.026666667,39.64,24.89333333333333,24.466666666666665,56.39333333333334,11.78,26.71333333333333
d1a2be8f6307b3c2d1252c096b5efcaf7059b3e6ded59c01ea235451af0556e7,9/02/2019,474,0.7533333333332545,34.50666666666667,23.71333333333333,36.24666666666667,66.42,8.280000000000001,16.533333333333335
d1a2be8f6307b3c2d1252c096b5efcaf7059b3e6ded59c01ea235451af0556e7,24/02/2019,429.666667,0.2733333333332666,38.53333333333333,21.52,18.96,48.4,11.24,26.953333333333333
d1a2be8f6307b3c2d1252c096b5efcaf7059b3e6ded59c01ea235451af0556e7,11/03/2019,456.666667,0.006666667,36.406666666666666,22.89333333333333,28.646666666666665,62.31333333333334,9.080000000000002,20.62
d1a2be8f6307b3c2d1252c096b5efcaf7059b3e6ded59c01ea235451af0556e7,26/03/2019,498.666667,7.306666667,36.44666666666667,23.100000000000005,34.5,70.86,8.233333333333334,20.173333333333336
d1a2be8f6307b3c2d1252c096b5efcaf7059b3e6ded59c01ea235451af0556e7,10/04/2019,593,9.046666666666594,28.53333333333333,17.273333333333333,44.013333333333335,82.54,5.526666666666667,18.36
d1a2be8f6307b3c2d1252c096b5efcaf7059b3e6ded59c01ea235451af0556e7,25/04/2019,1119,0.006666667,28.30666666666667,16.073333333333334,41.95333333333334,85.45333333333335,5.213333333333334,16.580000000000002
d1a2be8f6307b3c2d1252c096b5efcaf7059b3e6ded59c01ea235451af0556e7,10/05/2019,1517.666667,0.733333333,24.866666666666667,12.660000000000002,45.56666666666667,91.29333333333332,4.08,15.286666666666669
d1a2be8f6307b3c2d1252c096b5efcaf7059b3e6ded59c01ea235451af0556e7,25/05/2019,1821.666667,0,25.706666666666667,10.933333333333334,39.59333333333334,95.96,4.006666666666667,14.313333333333334
d1a2be8f6307b3c2d1252c096b5efcaf7059b3e6ded59c01ea235451af0556e7,9/06/2019,1661,0.006666667,20.613333333333337,5.3133333333333335,35.306666666666665,90.57333333333334,3.3000000000000003,12.486666666666668
d1a2be8f6307b3c2d1252c096b5efcaf7059b3e6ded59c01ea235451af0556e7,24/06/2019,1527,0,22.39333333333333,5.673333333333334,32.440000000000005,89.83333333333333,3.253333333333333,14.593333333333334
d1a2be8f6307b3c2d1252c096b5efcaf7059b3e6ded59c01ea235451af0556e7,9/07/2019,1355.666667,0.1666666666666363,23.346666666666668,9.8,41.22666666666667,90.45333333333332,3.140000000000001,11.186666666666667
d1a2be8f6307b3c2d1252c096b5efcaf7059b3e6ded59c01ea235451af0556e7,24/07/2019,1113.333333,0,22.71333333333333,4.24,30.08,92.02666666666669,3.4000000000000004,15.98
d1a2be8f6307b3c2d1252c096b5efcaf7059b3e6ded59c01ea235451af0556e7,8/08/2019,1030,0.013333333,25.15333333333333,7.38,24.99333333333333,76.08,4.16,14.613333333333337
d1a2be8f6307b3c2d1252c096b5efcaf7059b3e6ded59c01ea235451af0556e7,23/08/2019,944.666667,0,23.586666666666662,5.24,23.633333333333336,77.52000000000001,4.5200000000000005,19.24666666666667
d1a2be8f6307b3c2d1252c096b5efcaf7059b3e6ded59c01ea235451af0556e7,7/09/2019,1005,0,28.2,8.74,18.60666666666667,58.10666666666668,6.1000000000000005,21.113333333333337
d1a2be8f6307b3c2d1252c096b5efcaf7059b3e6ded59c01ea235451af0556e7,22/09/2019,933.666667,0,28.926666666666662,8.586666666666668,17.1,58.67333333333333,7.013333333333334,23.26
d1a2be8f6307b3c2d1252c096b5efcaf7059b3e6ded59c01ea235451af0556e7,7/10/2019,762.333333,0,32.21333333333333,15.76,21.71333333333333,58.53333333333333,8.026666666666667,22.513333333333332
d1a2be8f6307b3c2d1252c096b5efcaf7059b3e6ded59c01ea235451af0556e7,22/10/2019,690,0,34.04666666666667,15.153333333333334,13.786666666666669,41.27333333333333,9.626666666666669,25.133333333333333
d1a2be8f6307b3c2d1252c096b5efcaf7059b3e6ded59c01ea235451af0556e7,6/11/2019,477.666667,4.806666667,31.020000000000003,18.433333333333334,32.24,64.21333333333334,8.033333333333333,21.80666666666667
d1a2be8f6307b3c2d1252c096b5efcaf7059b3e6ded59c01ea235451af0556e7,21/11/2019,400,0,35.32,16.253333333333334,15.753333333333334,48.28666666666667,11,29.62
d1a2be8f6307b3c2d1252c096b5efcaf7059b3e6ded59c01ea235451af0556e7,6/12/2019,359,0.4066666666666302,36.66,20.506666666666668,20.87333333333333,50.99333333333333,11.04,26.800000000000004
d1a2be8f6307b3c2d1252c096b5efcaf7059b3e6ded59c01ea235451af0556e7,21/12/2019,339.666667,0,40.38666666666667,22.513333333333332,15.133333333333333,40.77333333333333,13.193333333333332,28.89333333333333
d1a2be8f6307b3c2d1252c096b5efcaf7059b3e6ded59c01ea235451af0556e7,5/01/2020,348,0.02,40.04666666666667,24.94666666666667,22.013333333333332,51.4,12.42,27.506666666666668
d1a2be8f6307b3c2d1252c096b5efcaf7059b3e6ded59c01ea235451af0556e7,20/01/2020,353,1.2399999999999334,38.16,24.32,27.973333333333336,62.06666666666667,10.68,25.133333333333333
d1a2be8f6307b3c2d1252c096b5efcaf7059b3e6ded59c01ea235451af0556e7,4/02/2020,435,5.346666666666594,34.86666666666667,23.92,42.833333333333336,77.89333333333335,8.360000000000001,19.34
d1a2be8f6307b3c2d1252c096b5efcaf7059b3e6ded59c01ea235451af0556e7,19/02/2020,700.666667,2.479999999999897,36.88,22.89333333333333,36.333333333333336,80.49333333333334,9.2,24.48
d1a2be8f6307b3c2d1252c096b5efcaf7059b3e6ded59c01ea235451af0556e7,5/03/2020,941,11.133333333333212,33.49333333333333,22.65333333333333,46.38666666666667,85.04,7.246666666666667,19.44
d1a2be8f6307b3c2d1252c096b5efcaf7059b3e6ded59c01ea235451af0556e7,20/03/2020,2307.666667,1.433333333333303,31.026666666666664,17.446666666666665,39.726666666666674,88.09333333333333,7.1866666666666665,21.92666666666667
d1a2be8f6307b3c2d1252c096b5efcaf7059b3e6ded59c01ea235451af0556e7,4/04/2020,2399,0.4799999999999879,33.506666666666675,19.793333333333337,36.27333333333333,81.08,7.193333333333333,19.646666666666665
d1a2be8f6307b3c2d1252c096b5efcaf7059b3e6ded59c01ea235451af0556e7,19/04/2020,2273.666667,0,31.286666666666665,15.573333333333334,29.433333333333337,75.32666666666665,6.266666666666668,19.58666666666667
d1a2be8f6307b3c2d1252c096b5efcaf7059b3e6ded59c01ea235451af0556e7,4/05/2020,1685.333333,0.006666667,29.040000000000003,12.893333333333334,29.89333333333333,77.42,5.613333333333333,17.94
d1a2be8f6307b3c2d1252c096b5efcaf7059b3e6ded59c01ea235451af0556e7,19/05/2020,1574,0,26.64666666666667,11.273333333333335,29.773333333333333,76.74000000000001,4.46,15.88
d1a2be8f6307b3c2d1252c096b5efcaf7059b3e6ded59c01ea235451af0556e7,3/06/2020,1648.666667,0.8599999999999455,21.02,7.9333333333333345,42.333333333333336,89.9,3.313333333333333,12.853333333333332
d1a2be8f6307b3c2d1252c096b5efcaf7059b3e6ded59c01ea235451af0556e7,18/06/2020,1648.333333,0.1199999999999818,24.89333333333333,8.76,33.72666666666667,90.98666666666666,3.4533333333333336,14.213333333333336
d1a2be8f6307b3c2d1252c096b5efcaf7059b3e6ded59c01ea235451af0556e7,3/07/2020,1476.333333,0.006666667,23.3,6.326666666666667,33.79333333333334,96.66666666666669,3.3000000000000003,13.873333333333337
d1a2be8f6307b3c2d1252c096b5efcaf7059b3e6ded59c01ea235451af0556e7,18/07/2020,1397,0,21.633333333333336,4.506666666666666,32.653333333333336,94.88666666666668,3.26,14.726666666666668
d1a2be8f6307b3c2d1252c096b5efcaf7059b3e6ded59c01ea235451af0556e7,2/08/2020,1226.666667,0,23.246666666666663,5.366666666666666,29.60666666666667,90,3.58,15.640000000000002
d1a2be8f6307b3c2d1252c096b5efcaf7059b3e6ded59c01ea235451af0556e7,17/08/2020,1048.666667,1.6866666666666486,24.493333333333336,8.366666666666667,35.373333333333335,90.72,4.286666666666667,16.693333333333335
d1a2be8f6307b3c2d1252c096b5efcaf7059b3e6ded59c01ea235451af0556e7,1/09/2020,978,0,25.39333333333333,6.540000000000001,21.233333333333334,69.96666666666667,5.066666666666666,20.68666666666667
d1a2be8f6307b3c2d1252c096b5efcaf7059b3e6ded59c01ea235451af0556e7,16/09/2020,1001,0,29.846666666666668,14.28,30.05333333333333,77.96000000000001,6.473333333333334,20.88
d1a2be8f6307b3c2d1252c096b5efcaf7059b3e6ded59c01ea235451af0556e7,1/10/2020,1004,2.113333333333291,28.75333333333333,14.653333333333334,29.8,67.09333333333333,6.5,20.15333333333333
d1a2be8f6307b3c2d1252c096b5efcaf7059b3e6ded59c01ea235451af0556e7,16/10/2020,826.666667,0.5999999999999394,31.500000000000004,16.693333333333335,27.660000000000004,66.69333333333334,8.073333333333334,23.980000000000004
d1a2be8f6307b3c2d1252c096b5efcaf7059b3e6ded59c01ea235451af0556e7,31/10/2020,629.666667,0.3199999999999515,32.406666666666666,15.006666666666668,23.74666666666667,65.02666666666667,8.513333333333334,24.3
d1a2be8f6307b3c2d1252c096b5efcaf7059b3e6ded59c01ea235451af0556e7,15/11/2020,535.333333,0.6866666666666484,35.126666666666665,17.873333333333335,23.34,60.11333333333334,10.253333333333334,27.44666666666667
d1a2be8f6307b3c2d1252c096b5efcaf7059b3e6ded59c01ea235451af0556e7,30/11/2020,594.666667,0.033333333,39.080000000000005,24.146666666666665,21.106666666666666,48.68666666666668,11.813333333333334,28.773333333333333
d1a2be8f6307b3c2d1252c096b5efcaf7059b3e6ded59c01ea235451af0556e7,15/12/2020,529,0.7333333333332727,37.48666666666667,23.360000000000003,23.94,52.92,11.313333333333334,25.973333333333336
d1a2be8f6307b3c2d1252c096b5efcaf7059b3e6ded59c01ea235451af0556e7,30/12/2020,474,1.8266666666665816,34.74666666666667,23.100000000000005,39.81333333333334,74.86,9.253333333333334,19.84
d1a2be8f6307b3c2d1252c096b5efcaf7059b3e6ded59c01ea235451af0556e7,14/01/2021,1544,4.226666666666521,33.086666666666666,21.326666666666664,45.24666666666667,88.89333333333335,8.000000000000002,21
d1a2be8f6307b3c2d1252c096b5efcaf7059b3e6ded59c01ea235451af0556e7,29/01/2021,1172.666667,0.6799999999999575,37.02666666666666,22.920000000000005,27.78,62.11333333333334,10.593333333333334,25.360000000000003
d1a2be8f6307b3c2d1252c096b5efcaf7059b3e6ded59c01ea235451af0556e7,13/02/2021,1314.333333,2.513333333,36.726666666666674,23.733333333333334,34.913333333333334,73.01333333333334,9.086666666666668,21.55333333333333
d1a2be8f6307b3c2d1252c096b5efcaf7059b3e6ded59c01ea235451af0556e7,28/02/2021,817,1.966666666666606,35.89333333333333,21.78666666666667,33.986666666666665,75.64666666666668,8.813333333333334,21.866666666666667
d1a2be8f6307b3c2d1252c096b5efcaf7059b3e6ded59c01ea235451af0556e7,15/03/2021,797,2.233333333333273,34.82000000000001,20.80666666666667,34.406666666666666,73.5,7.913333333333333,21.953333333333333
d1a2be8f6307b3c2d1252c096b5efcaf7059b3e6ded59c01ea235451af0556e7,30/03/2021,1080.333333,3.0799999999999272,31.08,19.146666666666665,43.8,86.16000000000001,6.453333333333334,17.746666666666666
d1a2be8f6307b3c2d1252c096b5efcaf7059b3e6ded59c01ea235451af0556e7,14/04/2021,1528,1.4533333333333152,29.980000000000004,15.713333333333331,36.48666666666667,83.86666666666666,5.88,19.013333333333332
d1a2be8f6307b3c2d1252c096b5efcaf7059b3e6ded59c01ea235451af0556e7,29/04/2021,1410.333333,0.026666667,28.793333333333333,12.74,27.88666666666667,74.79333333333332,5.793333333333334,17.473333333333336
d1a2be8f6307b3c2d1252c096b5efcaf7059b3e6ded59c01ea235451af0556e7,14/05/2021,1609,0.04,27.586666666666662,11.473333333333334,32.580000000000005,87.33333333333334,4.6,16.766666666666666
d1a2be8f6307b3c2d1252c096b5efcaf7059b3e6ded59c01ea235451af0556e7,29/05/2021,1440.666667,0,24.473333333333336,8.053333333333335,28.706666666666667,80.88000000000001,4.220000000000001,15.6
d1a2be8f6307b3c2d1252c096b5efcaf7059b3e6ded59c01ea235451af0556e7,13/06/2021,1408,0.093333333,22.64666666666667,5.98,33.940000000000005,91.71333333333334,3.353333333333333,13.233333333333333
d1a2be8f6307b3c2d1252c096b5efcaf7059b3e6ded59c01ea235451af0556e7,28/06/2021,1347.666667,1.2933333333332788,21.366666666666667,6.746666666666667,40.45333333333333,92.74,3.026666666666667,11.453333333333337
d1a2be8f6307b3c2d1252c096b5efcaf7059b3e6ded59c01ea235451af0556e7,13/07/2021,1205,1.3199999999999212,20.966666666666672,6.5,41.866666666666674,97.54,2.960000000000001,13.733333333333336
d1a2be8f6307b3c2d1252c096b5efcaf7059b3e6ded59c01ea235451af0556e7,28/07/2021,1081,0,23.146666666666665,5.573333333333334,31.07333333333333,90.68666666666668,3.4400000000000004,15.1
d1a2be8f6307b3c2d1252c096b5efcaf7059b3e6ded59c01ea235451af0556e7,12/08/2021,951,0.08,25.480000000000004,8.873333333333333,31.006666666666668,87.15333333333335,4.320000000000001,16.66
d1a2be8f6307b3c2d1252c096b5efcaf7059b3e6ded59c01ea235451af0556e7,27/08/2021,753.666667,0.3466666666666545,25.60666666666667,9.12,27.133333333333333,76.44,4.653333333333333,18.913333333333338
d1a2be8f6307b3c2d1252c096b5efcaf7059b3e6ded59c01ea235451af0556e7,11/09/2021,807.333333,0,27.886666666666667,10.52,27.313333333333336,76.36666666666669,5.853333333333334,19.58
d1a2be8f6307b3c2d1252c096b5efcaf7059b3e6ded59c01ea235451af0556e7,26/09/2021,799.333333,0,29.540000000000003,11.646666666666668,19.473333333333336,58.553333333333335,7.12,23.18
d1a2be8f6307b3c2d1252c096b5efcaf7059b3e6ded59c01ea235451af0556e7,11/10/2021,761,0.2799999999999878,31.89333333333333,15.693333333333335,28.05333333333333,67.88000000000001,7.820000000000001,21.540000000000003
d1a2be8f6307b3c2d1252c096b5efcaf7059b3e6ded59c01ea235451af0556e7,26/10/2021,636,0.2199999999999514,34.04666666666667,15.24,20.62,61.02666666666667,9.073333333333332,24.07333333333333
d1a2be8f6307b3c2d1252c096b5efcaf7059b3e6ded59c01ea235451af0556e7,10/11/2021,710.666667,4.953333333333194,33.50666666666667,21.046666666666667,37.58,76.90000000000002,8.093333333333334,21.75333333333333
d1a2be8f6307b3c2d1252c096b5efcaf7059b3e6ded59c01ea235451af0556e7,25/11/2021,1365.666667,4.853333333333255,29.73333333333333,17.213333333333335,37.48,75.76666666666667,8.033333333333333,23.813333333333336
d1a2be8f6307b3c2d1252c096b5efcaf7059b3e6ded59c01ea235451af0556e7,10/12/2021,1988.333333,5.673333333333236,32.45333333333333,19.300000000000004,41.24,86.75333333333333,8.726666666666667,24
d1a2be8f6307b3c2d1252c096b5efcaf7059b3e6ded59c01ea235451af0556e7,25/12/2021,1941.333333,0.2199999999999211,36.49333333333334,20.773333333333333,29.87333333333333,74.05333333333333,10.733333333333333,27.593333333333337
d1a2be8f6307b3c2d1252c096b5efcaf7059b3e6ded59c01ea235451af0556e7,9/01/2022,1901.333333,1.0599999999999454,38.25333333333333,21.64,27.973333333333336,70.89333333333335,11.086666666666668,26.540000000000003
d1a2be8f6307b3c2d1252c096b5efcaf7059b3e6ded59c01ea235451af0556e7,24/01/2022,1463.666667,6.153333333333224,37.58666666666667,24.35333333333333,33.14666666666667,68.8,10.04,21.55333333333333
d1a2be8f6307b3c2d1252c096b5efcaf7059b3e6ded59c01ea235451af0556e7,8/02/2022,1248,5.126666666666552,33.04,21.113333333333337,43.37333333333333,84.56,7.686666666666666,20.14
d1a2be8f6307b3c2d1252c096b5efcaf7059b3e6ded59c01ea235451af0556e7,23/02/2022,1495.666667,1.7399999999999334,36.41333333333333,21.28666666666667,31.44666666666667,75.36,9.26,25.71333333333333
d1a2be8f6307b3c2d1252c096b5efcaf7059b3e6ded59c01ea235451af0556e7,10/03/2022,1309.666667,0.02,37.14666666666667,20.35333333333333,27.26,71.43333333333334,9.386666666666668,22.973333333333336
d1a2be8f6307b3c2d1252c096b5efcaf7059b3e6ded59c01ea235451af0556e7,25/03/2022,1000,2.333333333333333,35.160000000000004,20.10666666666667,31.58,75.64666666666668,8.126666666666667,22.646666666666665
d1a2be8f6307b3c2d1252c096b5efcaf7059b3e6ded59c01ea235451af0556e7,9/04/2022,1070.333333,3.939999999999873,31.980000000000004,17.953333333333333,38.78666666666667,87.28666666666668,6.293333333333334,19.44
d1a2be8f6307b3c2d1252c096b5efcaf7059b3e6ded59c01ea235451af0556e7,24/04/2022,1228.333333,0.033333333,31.10666666666667,16.726666666666667,35.19333333333334,81.48,5.946666666666667,17.74666666666667
d1a2be8f6307b3c2d1252c096b5efcaf7059b3e6ded59c01ea235451af0556e7,9/05/2022,2531.333333,6.313333333,25.6,16.113333333333333,51.88,90.25333333333332,3.793333333333334,11.62
d1a2be8f6307b3c2d1252c096b5efcaf7059b3e6ded59c01ea235451af0556e7,24/05/2022,2028,3.233333333333273,24.19333333333333,14.886666666666668,57.85333333333333,97.65333333333336,3.2533333333333334,11.073333333333332
d1a2be8f6307b3c2d1252c096b5efcaf7059b3e6ded59c01ea235451af0556e7,8/06/2022,2014.333333,0.2199999999999818,21.660000000000004,9.393333333333334,47.48,94.14666666666668,3.08,11.186666666666667
d1a2be8f6307b3c2d1252c096b5efcaf7059b3e6ded59c01ea235451af0556e7,23/06/2022,2353,0,21.40666666666667,4.24,37.02,98.28,3.1133333333333337,14.080000000000002
d1a2be8f6307b3c2d1252c096b5efcaf7059b3e6ded59c01ea235451af0556e7,8/07/2022,1850.666667,1.8999999999999695,18.91333333333333,6.553333333333334,51.76666666666667,98.92000000000002,2.6,11.06
d1a2be8f6307b3c2d1252c096b5efcaf7059b3e6ded59c01ea235451af0556e7,23/07/2022,1695.666667,1.1733333333333271,20.226666666666667,3.64,39.1,99.09333333333332,2.9933333333333336,15.206666666666669
d1a2be8f6307b3c2d1252c096b5efcaf7059b3e6ded59c01ea235451af0556e7,7/08/2022,1537.666667,0.426666667,23.22666666666667,8.953333333333335,42.653333333333336,97.43333333333334,3.433333333333333,14.793333333333331
d1a2be8f6307b3c2d1252c096b5efcaf7059b3e6ded59c01ea235451af0556e7,22/08/2022,1544.333333,0.026666667,22.92,5.1066666666666665,32.03333333333333,94.96666666666668,4.153333333333333,17.453333333333333
d1a2be8f6307b3c2d1252c096b5efcaf7059b3e6ded59c01ea235451af0556e7,6/09/2022,1667.666667,4.466666666666606,22.84,9.773333333333332,43.53333333333333,91.26,4.066666666666666,17.3
d1a2be8f6307b3c2d1252c096b5efcaf7059b3e6ded59c01ea235451af0556e7,21/09/2022,1806.666667,1.913333333333291,26.10666666666667,11.86,37.6,86.83333333333333,5.42,18.53333333333334
d1a2be8f6307b3c2d1252c096b5efcaf7059b3e6ded59c01ea235451af0556e7,6/10/2022,1876.333333,0.7399999999999636,27.74,12.913333333333334,36.67333333333333,88.48,6.073333333333334,20.34
d1a2be8f6307b3c2d1252c096b5efcaf7059b3e6ded59c01ea235451af0556e7,21/10/2022,1824,3.633333333333242,28.72666666666667,16.226666666666667,45.13333333333333,92.23333333333332,6.3,19.10666666666667
d1a2be8f6307b3c2d1252c096b5efcaf7059b3e6ded59c01ea235451af0556e7,5/11/2022,1799.666667,0.533333333,31.040000000000003,14.946666666666667,28.26666666666667,73.44666666666667,8.38,24.56666666666667
d1a2be8f6307b3c2d1252c096b5efcaf7059b3e6ded59c01ea235451af0556e7,20/11/2022,1796.666667,0.4733333333332666,32.43333333333333,17.533333333333335,29.7,71.48666666666666,8.866666666666669,22.72
d1a2be8f6307b3c2d1252c096b5efcaf7059b3e6ded59c01ea235451af0556e7,5/12/2022,1723.666667,0.2399999999999029,32.74666666666667,18.113333333333333,27.860000000000003,65.89333333333335,8.906666666666666,22.60666666666667
d1a2be8f6307b3c2d1252c096b5efcaf7059b3e6ded59c01ea235451af0556e7,20/12/2022,1254.666667,1.6933333333332787,35.17333333333333,19.69333333333333,26.133333333333333,61.84,10.493333333333336,26.42666666666667
d1a2be8f6307b3c2d1252c096b5efcaf7059b3e6ded59c01ea235451af0556e7,4/01/2023,1130,1.3533333333332849,34.559999999999995,21.69333333333333,35.92,73.50000000000001,9.466666666666669,21.133333333333333
d1a2be8f6307b3c2d1252c096b5efcaf7059b3e6ded59c01ea235451af0556e7,19/01/2023,1316.333333,5.853333333333224,31.920000000000005,20.84666666666667,48.56666666666667,88.86,7.34,20.72666666666667
d1a2be8f6307b3c2d1252c096b5efcaf7059b3e6ded59c01ea235451af0556e7,3/02/2023,2437,1.9799999999998663,34.68,22.7,43.23333333333333,86.20666666666666,8.393333333333334,25.513333333333332
d1a2be8f6307b3c2d1252c096b5efcaf7059b3e6ded59c01ea235451af0556e7,18/02/2023,2309.666667,1.559999999999976,34.64666666666667,20.280000000000005,35.42666666666666,77.18,8.493333333333334,23.26666666666667
d1a2be8f6307b3c2d1252c096b5efcaf7059b3e6ded59c01ea235451af0556e7,5/03/2023,2234,0.1599999999999454,35.79333333333333,21.246666666666663,32.5,75.82666666666667,8.653333333333334,22.913333333333338
d1a2be8f6307b3c2d1252c096b5efcaf7059b3e6ded59c01ea235451af0556e7,20/03/2023,2124.333333,5.206666667,32.81333333333333,20.15333333333333,48.52,93.42666666666668,6.506666666666667,19.08
d1a2be8f6307b3c2d1252c096b5efcaf7059b3e6ded59c01ea235451af0556e7,4/04/2023,1932,0.026666667,33.1,18.586666666666662,34.826666666666675,81.79333333333334,7.086666666666668,20.60666666666667
d1a2be8f6307b3c2d1252c096b5efcaf7059b3e6ded59c01ea235451af0556e7,19/04/2023,1451.666667,0.1399999999999636,32.00000000000001,13.840000000000002,28.453333333333337,80.24,6.306666666666668,18.03333333333333
d1a2be8f6307b3c2d1252c096b5efcaf7059b3e6ded59c01ea235451af0556e7,4/05/2023,1248.333333,0.2,28.30666666666667,12.6,34.866666666666674,88.9,5.073333333333334,16.37333333333333
d1a2be8f6307b3c2d1252c096b5efcaf7059b3e6ded59c01ea235451af0556e7,19/05/2023,1370.333333,0.013333333,25.22,8.006666666666668,30.833333333333336,88.6,4.28,16.32
d1a2be8f6307b3c2d1252c096b5efcaf7059b3e6ded59c01ea235451af0556e7,3/06/2023,1234.666667,0,24.26,4.2,25.59333333333333,89.6,4.140000000000001,15.66
d1a2be8f6307b3c2d1252c096b5efcaf7059b3e6ded59c01ea235451af0556e7,18/06/2023,1295.333333,0.08,25.68,9.713333333333331,34.36666666666667,90.74666666666668,3.5,14.146666666666668
d1a2be8f6307b3c2d1252c096b5efcaf7059b3e6ded59c01ea235451af0556e7,3/07/2023,1278.333333,0.3599999999999757,23.933333333333337,9.68,34.726666666666674,76.06,3.5,12.746666666666668
d1a2be8f6307b3c2d1252c096b5efcaf7059b3e6ded59c01ea235451af0556e7,18/07/2023,1231.333333,2.4866666666666486,22.506666666666668,7.053333333333333,40.553333333333335,97.04,3.12,14.6
d1a2be8f6307b3c2d1252c096b5efcaf7059b3e6ded59c01ea235451af0556e7,2/08/2023,1437,0.006666667,24.57333333333333,8.413333333333334,32.653333333333336,88.84,3.693333333333334,16.093333333333334
d1a2be8f6307b3c2d1252c096b5efcaf7059b3e6ded59c01ea235451af0556e7,17/08/2023,1604.666667,0,27.540000000000003,8.44,26.106666666666676,83.69333333333333,4.94,17.98
d1a2be8f6307b3c2d1252c096b5efcaf7059b3e6ded59c01ea235451af0556e7,1/09/2023,1312,0,27.74,8.626666666666667,25.42,82.56666666666668,5.173333333333334,19.44666666666667
d1a2be8f6307b3c2d1252c096b5efcaf7059b3e6ded59c01ea235451af0556e7,16/09/2023,1245.666667,0,29.74,10.853333333333332,20.486666666666668,67.30666666666666,6.933333333333334,21.366666666666667
d1a2be8f6307b3c2d1252c096b5efcaf7059b3e6ded59c01ea235451af0556e7,1/10/2023,1133,0,32.166666666666664,14.286666666666669,24.14666666666667,71.12000000000002,7.52,23.24
d1a2be8f6307b3c2d1252c096b5efcaf7059b3e6ded59c01ea235451af0556e7,16/10/2023,1009,0,32.17333333333333,15.060000000000002,23.006666666666664,62.47333333333334,8.360000000000001,24.493333333333336
d1a2be8f6307b3c2d1252c096b5efcaf7059b3e6ded59c01ea235451af0556e7,31/10/2023,945.333333,0.233333333,34.66,16.64666666666667,18.3,52.96,9.606666666666666,26.860000000000003
d1a2be8f6307b3c2d1252c096b5efcaf7059b3e6ded59c01ea235451af0556e7,15/11/2023,890,1.6533333333333151,35.980000000000004,20.473333333333336,26.37333333333333,62.680000000000014,10.240000000000002,27.473333333333336
d1a2be8f6307b3c2d1252c096b5efcaf7059b3e6ded59c01ea235451af0556e7,30/11/2023,911.666667,5.326666666666552,32.300000000000004,20.7,42.49333333333334,79.61333333333333,7.760000000000001,21.24
d1a2be8f6307b3c2d1252c096b5efcaf7059b3e6ded59c01ea235451af0556e7,15/12/2023,928.666667,0.1266666666666424,36.873333333333335,21.44666666666667,30.433333333333334,74.35333333333334,10.793333333333331,29.44
d1a2be8f6307b3c2d1252c096b5efcaf7059b3e6ded59c01ea235451af0556e7,30/12/2023,831.333333,3.2066666666665395,37.73333333333333,20.826666666666668,29.613333333333337,74.10666666666667,10.926666666666668,28.08
d1a2be8f6307b3c2d1252c096b5efcaf7059b3e6ded59c01ea235451af0556e7,14/01/2024,843,2.539999999999903,36.873333333333335,23.02,37.94000000000001,82.58000000000001,9.300000000000002,24.92666666666667
d1a2be8f6307b3c2d1252c096b5efcaf7059b3e6ded59c01ea235451af0556e7,29/01/2024,762.333333,3.619999999999952,37.68666666666668,25.266666666666666,40.06666666666668,80.06,9.406666666666666,24.953333333333333
d1a2be8f6307b3c2d1252c096b5efcaf7059b3e6ded59c01ea235451af0556e7,13/02/2024,868.333333,2.9333333333332727,36.52666666666666,23.52,39.64666666666667,82.68666666666668,8.706666666666667,24.006666666666668
d1a2be8f6307b3c2d1252c096b5efcaf7059b3e6ded59c01ea235451af0556e7,28/02/2024,2464.333333,3.139999999999933,33.8,21.96,47.36,93.4,7.293333333333334,22.433333333333334
d1a2be8f6307b3c2d1252c096b5efcaf7059b3e6ded59c01ea235451af0556e7,14/03/2024,2122.666667,0,35.593333333333334,20.71333333333333,33.85333333333333,80.24666666666667,8.366666666666667,24.66666666666667
d1a2be8f6307b3c2d1252c096b5efcaf7059b3e6ded59c01ea235451af0556e7,29/03/2024,1961,6.093333333333248,32.653333333333336,21.9,48.13333333333333,85.00000000000001,6.3533333333333335,16.613333333333333
d1a2be8f6307b3c2d1252c096b5efcaf7059b3e6ded59c01ea235451af0556e7,13/04/2024,1996.666667,7.059999999999976,28.68,15.973333333333334,44.85333333333334,92.64666666666668,5.373333333333334,19.18
d1a2be8f6307b3c2d1252c096b5efcaf7059b3e6ded59c01ea235451af0556e7,28/04/2024,2228,0.1199999999999818,28.74,13.793333333333331,37.34,91.09333333333332,5.433333333333334,18.88
d1a2be8f6307b3c2d1252c096b5efcaf7059b3e6ded59c01ea235451af0556e7,13/05/2024,2328.333333,0.7466666666666242,27.84,13.653333333333334,42.013333333333335,96.86,4.34,16.30666666666667
d1a2be8f6307b3c2d1252c096b5efcaf7059b3e6ded59c01ea235451af0556e7,28/05/2024,2421.666667,0,25.72666666666667,8.666666666666666,33.95333333333333,96.15333333333336,4.1866666666666665,15.533333333333331
d1a2be8f6307b3c2d1252c096b5efcaf7059b3e6ded59c01ea235451af0556e7,12/06/2024,2248.666667,0.7533333333333151,22.52,6.306666666666668,40.52,98.18666666666668,3.193333333333334,13.913333333333334
d1a2be8f6307b3c2d1252c096b5efcaf7059b3e6ded59c01ea235451af0556e7,27/06/2024,2276.666667,0.073333333,23.19333333333333,4.920000000000001,31.773333333333333,93.98,3.326666666666667,13.86
d1a2be8f6307b3c2d1252c096b5efcaf7059b3e6ded59c01ea235451af0556e7,12/07/2024,1724,0.5733333333332666,23.726666666666667,9.54,46.406666666666666,99.00666666666666,2.993333333333333,13.153333333333334
d1a2be8f6307b3c2d1252c096b5efcaf7059b3e6ded59c01ea235451af0556e7,27/07/2024,1684.666667,0.2733333333333272,21.453333333333337,3.933333333333333,33.81333333333334,96.06,3.2066666666666674,14.926666666666668
d1a2be8f6307b3c2d1252c096b5efcaf7059b3e6ded59c01ea235451af0556e7,11/08/2024,1655.666667,0.2466666666666242,23.646666666666665,6.133333333333335,32.86,90.52666666666669,3.886666666666667,15.986666666666668
d1a2be8f6307b3c2d1252c096b5efcaf7059b3e6ded59c01ea235451af0556e7,26/08/2024,1417,0.2799999999999878,29.333333333333336,10.92,32.60666666666667,91.03333333333332,5.053333333333333,18.673333333333336
d1a2be8f6307b3c2d1252c096b5efcaf7059b3e6ded59c01ea235451af0556e7,10/09/2024,1498,0,32.373333333333335,13.033333333333331,24.633333333333336,79.38000000000001,6.820000000000001,20.91333333333333
d1a2be8f6307b3c2d1252c096b5efcaf7059b3e6ded59c01ea235451af0556e7,25/09/2024,1546,0,29.753333333333337,11.673333333333336,20.36,60.11333333333334,7.0600000000000005,22.39333333333333
d1a2be8f6307b3c2d1252c096b5efcaf7059b3e6ded59c01ea235451af0556e7,10/10/2024,1542,1.0266666666666424,32.260000000000005,14.886666666666668,26.76,74,7.813333333333333,23.12666666666667
d1a2be8f6307b3c2d1252c096b5efcaf7059b3e6ded59c01ea235451af0556e7,25/10/2024,1458.666667,0,35.059999999999995,19.12,26.37333333333333,66.95333333333333,8.98,24.90666666666667
d1a2be8f6307b3c2d1252c096b5efcaf7059b3e6ded59c01ea235451af0556e7,9/11/2024,1418.333333,0.4599999999999757,37.620000000000005,20.33333333333333,20.83333333333333,55.586666666666666,10.76,26.953333333333333
d1a2be8f6307b3c2d1252c096b5efcaf7059b3e6ded59c01ea235451af0556e7,24/11/2024,1454,4.906666666666539,34.306666666666665,21.56,38.81333333333334,79.30666666666667,8.506666666666666,22.72666666666667
d1a2be8f6307b3c2d1252c096b5efcaf7059b3e6ded59c01ea235451af0556e7,9/12/2024,1295,2.8933333333332483,34.326666666666675,22.860000000000003,44.013333333333335,82.70666666666668,8.833333333333336,25.05333333333333
d1a2be8f6307b3c2d1252c096b5efcaf7059b3e6ded59c01ea235451af0556e7,24/12/2024,1548.333333,0.2666666666666363,36.42,21.933333333333334,34.513333333333335,78.01333333333334,10.32,28.12
8191f02814bdec2922fd5287d8e55410e0fd78e2b195b47bdb05830ad71cb0cb,5/01/2017,1841,1.0199999999998908,35.32000000000001,24.54,41.5,76.42,8.52,19.96
8191f02814bdec2922fd5287d8e55410e0fd78e2b195b47bdb05830ad71cb0cb,20/01/2017,1841,3.873333333333297,36.153333333333336,23.753333333333337,38.78666666666667,77.43333333333335,9.3,23.586666666666662
8191f02814bdec2922fd5287d8e55410e0fd78e2b195b47bdb05830ad71cb0cb,4/02/2017,1772.666667,0.946666667,37.86,24.5,35.82,75.75333333333333,10.04,24.766666666666666
8191f02814bdec2922fd5287d8e55410e0fd78e2b195b47bdb05830ad71cb0cb,19/02/2017,1304,0.2999999999999697,39.35333333333334,24.24,27.80666666666667,64.44666666666667,10.580000000000002,25.21333333333333
8191f02814bdec2922fd5287d8e55410e0fd78e2b195b47bdb05830ad71cb0cb,6/03/2017,1155.333333,0.9999999999999394,35.86,20.6,31.10666666666667,75.52666666666667,8.639999999999999,21.413333333333338
8191f02814bdec2922fd5287d8e55410e0fd78e2b195b47bdb05830ad71cb0cb,21/03/2017,1050.666667,0.3933333333332787,36.38666666666666,20.22,29.546666666666667,72.76,8.466666666666667,20.886666666666667
8191f02814bdec2922fd5287d8e55410e0fd78e2b195b47bdb05830ad71cb0cb,5/04/2017,1197,0.02,33.900000000000006,18.500000000000004,32.6,79.25333333333333,7.286666666666667,19.386666666666667
8191f02814bdec2922fd5287d8e55410e0fd78e2b195b47bdb05830ad71cb0cb,20/04/2017,1047,0,31.28666666666667,13.746666666666668,26.87333333333333,77.46666666666667,6.386666666666667,20.266666666666666
8191f02814bdec2922fd5287d8e55410e0fd78e2b195b47bdb05830ad71cb0cb,5/05/2017,954,0.026666667,28.826666666666668,13.94,32.053333333333335,79.52000000000001,5.280000000000001,16.266666666666666
8191f02814bdec2922fd5287d8e55410e0fd78e2b195b47bdb05830ad71cb0cb,20/05/2017,918,0.2866666666666181,27.12,11.44,34.89333333333333,87.07333333333334,4.36,14.46
8191f02814bdec2922fd5287d8e55410e0fd78e2b195b47bdb05830ad71cb0cb,4/06/2017,882,0,26.446666666666665,8.873333333333335,27.813333333333336,81.87333333333332,4.326666666666667,15.5
8191f02814bdec2922fd5287d8e55410e0fd78e2b195b47bdb05830ad71cb0cb,19/06/2017,1131.333333,0,23.57333333333333,5.666666666666668,30.4,92.11333333333332,3.433333333333333,14.946666666666667
8191f02814bdec2922fd5287d8e55410e0fd78e2b195b47bdb05830ad71cb0cb,4/07/2017,1247.666667,0.2599999999999757,24.980000000000004,8.433333333333334,33.306666666666665,89.79333333333334,3.5000000000000004,13.346666666666668
8191f02814bdec2922fd5287d8e55410e0fd78e2b195b47bdb05830ad71cb0cb,19/07/2017,1251.666667,1.0466666666665938,24.6,10.033333333333331,38.14666666666666,89.37333333333332,3.353333333333333,13.213333333333331
8191f02814bdec2922fd5287d8e55410e0fd78e2b195b47bdb05830ad71cb0cb,3/08/2017,1159,0,26.30666666666667,6.700000000000001,22.49333333333333,76.33333333333334,4.213333333333334,17.253333333333334
8191f02814bdec2922fd5287d8e55410e0fd78e2b195b47bdb05830ad71cb0cb,18/08/2017,1080,0,27.84666666666667,6.133333333333334,17.660000000000004,68.81333333333333,5.333333333333333,19.293333333333333
8191f02814bdec2922fd5287d8e55410e0fd78e2b195b47bdb05830ad71cb0cb,2/09/2017,1078,0,25.80666666666667,6.013333333333334,15.4,54.35333333333333,5.38,21.06
8191f02814bdec2922fd5287d8e55410e0fd78e2b195b47bdb05830ad71cb0cb,17/09/2017,1074.333333,0,28.06,8.293333333333333,16.246666666666666,56.8,6.773333333333334,22.593333333333337
8191f02814bdec2922fd5287d8e55410e0fd78e2b195b47bdb05830ad71cb0cb,2/10/2017,1063,0.046666667,34.586666666666666,15.68,18.686666666666667,55.23333333333333,8.879999999999999,21.85333333333333
8191f02814bdec2922fd5287d8e55410e0fd78e2b195b47bdb05830ad71cb0cb,17/10/2017,1061,1.9333333333332727,33.93333333333333,19.76,34.54,77.68666666666667,7.8,20.793333333333337
8191f02814bdec2922fd5287d8e55410e0fd78e2b195b47bdb05830ad71cb0cb,1/11/2017,1044,1.7333333333332424,32.13333333333334,16.86,30.773333333333333,73.68,7.993333333333334,22.946666666666665
8191f02814bdec2922fd5287d8e55410e0fd78e2b195b47bdb05830ad71cb0cb,16/11/2017,1023.333333,0.3199999999999818,33.35333333333333,18.246666666666663,26.72,64.1,9.326666666666666,24.326666666666668
8191f02814bdec2922fd5287d8e55410e0fd78e2b195b47bdb05830ad71cb0cb,1/12/2017,1043.333333,0.5466666666665636,34.086666666666666,20.48666666666667,32.14,71.28666666666668,9.093333333333334,22.993333333333336
8191f02814bdec2922fd5287d8e55410e0fd78e2b195b47bdb05830ad71cb0cb,16/12/2017,999,0.6866666666666181,36.14666666666667,20.24,23.44,57.46666666666668,11.113333333333337,27.33333333333333
8191f02814bdec2922fd5287d8e55410e0fd78e2b195b47bdb05830ad71cb0cb,31/12/2017,947,0.566666667,39.83333333333334,25.08666666666667,24.366666666666667,56.193333333333335,11.866666666666667,26.34
8191f02814bdec2922fd5287d8e55410e0fd78e2b195b47bdb05830ad71cb0cb,15/01/2018,920.666667,0.1133333333332908,39.306666666666665,24.75333333333333,23.21333333333333,52.70666666666667,11.68,26.10666666666667
8191f02814bdec2922fd5287d8e55410e0fd78e2b195b47bdb05830ad71cb0cb,30/01/2018,899,0.4133333333333212,38.32000000000001,24.473333333333336,25.68,56.653333333333336,10.866666666666667,23.87333333333333
8191f02814bdec2922fd5287d8e55410e0fd78e2b195b47bdb05830ad71cb0cb,14/02/2018,813.333333,1.5066666666666606,37.64,22.246666666666663,26.34666666666667,60.50666666666667,10.393333333333336,23.62666666666667
8191f02814bdec2922fd5287d8e55410e0fd78e2b195b47bdb05830ad71cb0cb,1/03/2018,814,0.3199999999999515,38.14,23.39333333333333,31.526666666666667,71.52000000000001,9.74,22.246666666666663
8191f02814bdec2922fd5287d8e55410e0fd78e2b195b47bdb05830ad71cb0cb,16/03/2018,746.666667,7.653333333333254,30.886666666666667,20.066666666666663,47.67333333333334,86.17333333333333,6.206666666666667,16.746666666666666
8191f02814bdec2922fd5287d8e55410e0fd78e2b195b47bdb05830ad71cb0cb,31/03/2018,1461.666667,2.119999999999982,33.64,19.620000000000005,38.66666666666667,87.09333333333333,7.4333333333333345,20.24
8191f02814bdec2922fd5287d8e55410e0fd78e2b195b47bdb05830ad71cb0cb,15/04/2018,1968,0.066666667,32.32666666666667,18.19333333333333,35.81333333333334,82.23333333333333,6.306666666666667,18.73333333333333
8191f02814bdec2922fd5287d8e55410e0fd78e2b195b47bdb05830ad71cb0cb,30/04/2018,1664.666667,0,30.64666666666667,13.933333333333334,29.286666666666672,79.80000000000001,6.053333333333334,18.673333333333336
8191f02814bdec2922fd5287d8e55410e0fd78e2b195b47bdb05830ad71cb0cb,15/05/2018,1485.666667,0,27.09333333333333,10.48,28.966666666666665,81.74666666666667,4.606666666666667,16.593333333333334
8191f02814bdec2922fd5287d8e55410e0fd78e2b195b47bdb05830ad71cb0cb,30/05/2018,1317.333333,0,25.26666666666667,8.586666666666668,27.966666666666665,79.83333333333333,4.2733333333333325,15.446666666666667
8191f02814bdec2922fd5287d8e55410e0fd78e2b195b47bdb05830ad71cb0cb,14/06/2018,1324,0.006666667,23.39333333333333,6.46,28.57333333333333,82.56,3.486666666666667,14.433333333333334
8191f02814bdec2922fd5287d8e55410e0fd78e2b195b47bdb05830ad71cb0cb,29/06/2018,1293.666667,0.006666667,22.013333333333332,5.553333333333333,32.006666666666675,87.76666666666667,3.2333333333333334,13.173333333333336
8191f02814bdec2922fd5287d8e55410e0fd78e2b195b47bdb05830ad71cb0cb,14/07/2018,1059.666667,0.026666667,22.80666666666667,6.066666666666666,32.25333333333334,89.08666666666667,3.366666666666667,14.693333333333332
8191f02814bdec2922fd5287d8e55410e0fd78e2b195b47bdb05830ad71cb0cb,29/07/2018,907,0.026666667,24.880000000000003,5.213333333333334,22.266666666666666,74.14666666666668,3.9,16.166666666666668
8191f02814bdec2922fd5287d8e55410e0fd78e2b195b47bdb05830ad71cb0cb,13/08/2018,759.666667,0,24.44666666666667,5.480000000000001,21.473333333333336,71.38000000000001,4.546666666666667,18.2
8191f02814bdec2922fd5287d8e55410e0fd78e2b195b47bdb05830ad71cb0cb,28/08/2018,687,0.033333333,25.1,4.24,18.846666666666668,67.30666666666667,4.8933333333333335,20.673333333333336
8191f02814bdec2922fd5287d8e55410e0fd78e2b195b47bdb05830ad71cb0cb,12/09/2018,654,0,28.020000000000003,10.166666666666666,21.46,63.24666666666667,6.2733333333333325,21.006666666666668
8191f02814bdec2922fd5287d8e55410e0fd78e2b195b47bdb05830ad71cb0cb,27/09/2018,695.333333,0,29.76,12.14,20.42666666666667,60.61333333333334,7.086666666666668,23.506666666666668
8191f02814bdec2922fd5287d8e55410e0fd78e2b195b47bdb05830ad71cb0cb,12/10/2018,651.333333,0,32.67333333333333,16.22666666666667,23.92,64.08666666666666,8.306666666666667,22.72
8191f02814bdec2922fd5287d8e55410e0fd78e2b195b47bdb05830ad71cb0cb,27/10/2018,675,2.313333333333291,35.74666666666667,19.706666666666667,28.293333333333337,71.38666666666668,9.14,23.89333333333333
8191f02814bdec2922fd5287d8e55410e0fd78e2b195b47bdb05830ad71cb0cb,11/11/2018,736.666667,0.08,36.220000000000006,21.02,23.53333333333333,56.36000000000001,10.340000000000002,25.44
8191f02814bdec2922fd5287d8e55410e0fd78e2b195b47bdb05830ad71cb0cb,26/11/2018,705.333333,0.8533333333332849,34.766666666666666,20.03333333333333,26.28,56.68666666666668,9.806666666666668,25.22
8191f02814bdec2922fd5287d8e55410e0fd78e2b195b47bdb05830ad71cb0cb,11/12/2018,557.333333,0,36.70666666666667,20.633333333333336,20.18,49.44666666666667,11.373333333333337,27.386666666666667
8191f02814bdec2922fd5287d8e55410e0fd78e2b195b47bdb05830ad71cb0cb,26/12/2018,497.333333,1.073333333333297,37.82666666666667,23.01333333333333,23.75333333333333,53.74666666666667,11.613333333333337,24.55333333333333
8191f02814bdec2922fd5287d8e55410e0fd78e2b195b47bdb05830ad71cb0cb,10/01/2019,502.666667,0.2266666666666424,38.12666666666667,24.613333333333337,25.273333333333333,54.52666666666666,11.38,25.88666666666667
8191f02814bdec2922fd5287d8e55410e0fd78e2b195b47bdb05830ad71cb0cb,25/01/2019,517.666667,0.04,39.61333333333334,24.860000000000003,24.586666666666662,56.653333333333336,11.78,26.72000000000001
8191f02814bdec2922fd5287d8e55410e0fd78e2b195b47bdb05830ad71cb0cb,9/02/2019,589.333333,0.6799999999998666,34.473333333333336,23.68,36.38,66.68,8.213333333333333,16.413333333333334
8191f02814bdec2922fd5287d8e55410e0fd78e2b195b47bdb05830ad71cb0cb,24/02/2019,726,0.266666667,38.55333333333333,21.57333333333333,19.05333333333333,48.50666666666667,11.18,26.94
8191f02814bdec2922fd5287d8e55410e0fd78e2b195b47bdb05830ad71cb0cb,11/03/2019,705.333333,0.013333333,36.4,22.9,28.8,62.64,9.093333333333334,20.593333333333337
8191f02814bdec2922fd5287d8e55410e0fd78e2b195b47bdb05830ad71cb0cb,26/03/2019,709.333333,6.273333333333237,36.473333333333336,23.133333333333336,34.62666666666667,71.10666666666667,8.233333333333333,20.16666666666667
8191f02814bdec2922fd5287d8e55410e0fd78e2b195b47bdb05830ad71cb0cb,10/04/2019,699.333333,9.419999999999952,28.53333333333333,17.293333333333333,44.12,82.67333333333333,5.526666666666667,18.366666666666667
8191f02814bdec2922fd5287d8e55410e0fd78e2b195b47bdb05830ad71cb0cb,25/04/2019,1290.666667,0,28.293333333333337,16.093333333333334,42.153333333333336,85.74666666666667,5.193333333333333,16.586666666666666
8191f02814bdec2922fd5287d8e55410e0fd78e2b195b47bdb05830ad71cb0cb,10/05/2019,1704.333333,0.7733333333332969,24.9,12.693333333333332,45.61333333333334,91.42666666666668,4.086666666666667,15.293333333333331
8191f02814bdec2922fd5287d8e55410e0fd78e2b195b47bdb05830ad71cb0cb,25/05/2019,2021,0,25.733333333333334,11,39.53333333333333,95.72666666666667,4.006666666666667,14.34
8191f02814bdec2922fd5287d8e55410e0fd78e2b195b47bdb05830ad71cb0cb,9/06/2019,1917,0.006666667,20.65333333333333,5.406666666666667,35.32,90.24666666666668,3.3,12.513333333333334
8191f02814bdec2922fd5287d8e55410e0fd78e2b195b47bdb05830ad71cb0cb,24/06/2019,1627.666667,0,22.433333333333334,5.760000000000001,32.413333333333334,89.41333333333334,3.2533333333333334,14.646666666666668
8191f02814bdec2922fd5287d8e55410e0fd78e2b195b47bdb05830ad71cb0cb,9/07/2019,1544.666667,0.1333333333332727,23.36666666666667,9.866666666666667,41.25333333333333,90.3,3.1333333333333333,11.206666666666669
8191f02814bdec2922fd5287d8e55410e0fd78e2b195b47bdb05830ad71cb0cb,24/07/2019,1234.333333,0,22.74,4.326666666666667,30.146666666666665,91.64666666666668,3.4000000000000004,16.013333333333335
8191f02814bdec2922fd5287d8e55410e0fd78e2b195b47bdb05830ad71cb0cb,8/08/2019,1136,0.013333333,25.18,7.466666666666668,25.026666666666667,75.80666666666667,4.153333333333333,14.626666666666669
8191f02814bdec2922fd5287d8e55410e0fd78e2b195b47bdb05830ad71cb0cb,23/08/2019,1030,0,23.62,5.3133333333333335,23.52,76.74666666666667,4.5,19.273333333333333
8191f02814bdec2922fd5287d8e55410e0fd78e2b195b47bdb05830ad71cb0cb,7/09/2019,979.666667,0,28.22666666666667,8.833333333333334,18.56,57.580000000000005,6.106666666666667,21.160000000000004
8191f02814bdec2922fd5287d8e55410e0fd78e2b195b47bdb05830ad71cb0cb,22/09/2019,856.666667,0,28.94666666666667,8.626666666666667,17.113333333333337,58.54666666666667,7.02,23.28
8191f02814bdec2922fd5287d8e55410e0fd78e2b195b47bdb05830ad71cb0cb,7/10/2019,838.333333,0,32.25333333333334,15.833333333333334,21.493333333333336,57.74666666666667,8.066666666666668,22.52
8191f02814bdec2922fd5287d8e55410e0fd78e2b195b47bdb05830ad71cb0cb,22/10/2019,760,0,34.1,15.233333333333336,13.72,40.99333333333333,9.633333333333333,25.14
8191f02814bdec2922fd5287d8e55410e0fd78e2b195b47bdb05830ad71cb0cb,6/11/2019,664.333333,5.033333333333273,31.04666666666667,18.446666666666665,32.29333333333333,64.34666666666666,8.080000000000002,21.82
8191f02814bdec2922fd5287d8e55410e0fd78e2b195b47bdb05830ad71cb0cb,21/11/2019,599,0,35.333333333333336,16.34,15.72,47.96666666666668,10.986666666666668,29.600000000000005
8191f02814bdec2922fd5287d8e55410e0fd78e2b195b47bdb05830ad71cb0cb,6/12/2019,573.333333,0.3133333333332909,36.69333333333334,20.526666666666667,20.846666666666668,50.92,11.066666666666668,26.793333333333337
8191f02814bdec2922fd5287d8e55410e0fd78e2b195b47bdb05830ad71cb0cb,21/12/2019,547,0,40.38666666666666,22.51333333333333,15.226666666666668,41.03333333333334,13.166666666666666,28.9
8191f02814bdec2922fd5287d8e55410e0fd78e2b195b47bdb05830ad71cb0cb,5/01/2020,503.333333,0.006666667,40.013333333333335,24.933333333333337,22.086666666666662,51.56666666666667,12.413333333333334,27.506666666666668
8191f02814bdec2922fd5287d8e55410e0fd78e2b195b47bdb05830ad71cb0cb,20/01/2020,498,1.3199999999998908,38.16,24.33333333333333,28.113333333333337,62.36000000000001,10.706666666666669,25.14
8191f02814bdec2922fd5287d8e55410e0fd78e2b195b47bdb05830ad71cb0cb,4/02/2020,646,5.286666666666618,34.78,23.89333333333333,43.2,78.2,8.306666666666667,19.32
8191f02814bdec2922fd5287d8e55410e0fd78e2b195b47bdb05830ad71cb0cb,19/02/2020,985.333333,2.7333333333332424,36.92,22.9,36.35333333333334,80.59333333333333,9.166666666666668,24.493333333333336
8191f02814bdec2922fd5287d8e55410e0fd78e2b195b47bdb05830ad71cb0cb,5/03/2020,1304.666667,10.91999999999986,33.50666666666667,22.673333333333336,46.50666666666667,85.33333333333334,7.220000000000001,19.446666666666665
8191f02814bdec2922fd5287d8e55410e0fd78e2b195b47bdb05830ad71cb0cb,20/03/2020,2226.333333,1.4399999999999635,31.046666666666667,17.513333333333332,39.726666666666674,87.89333333333335,7.186666666666667,21.94
8191f02814bdec2922fd5287d8e55410e0fd78e2b195b47bdb05830ad71cb0cb,4/04/2020,2448.333333,0.4666666666666363,33.553333333333335,19.82,36.23333333333333,81.11333333333333,7.213333333333334,19.673333333333336
8191f02814bdec2922fd5287d8e55410e0fd78e2b195b47bdb05830ad71cb0cb,19/04/2020,2365,0,31.35333333333333,15.666666666666668,29.33333333333333,74.86,6.28,19.613333333333337
8191f02814bdec2922fd5287d8e55410e0fd78e2b195b47bdb05830ad71cb0cb,4/05/2020,1648.666667,0,29.06666666666667,12.98,29.86666666666667,76.94666666666667,5.593333333333334,17.986666666666668
8191f02814bdec2922fd5287d8e55410e0fd78e2b195b47bdb05830ad71cb0cb,19/05/2020,1582.333333,0,26.69333333333333,11.373333333333337,29.67333333333333,76.17333333333335,4.46,15.893333333333334
8191f02814bdec2922fd5287d8e55410e0fd78e2b195b47bdb05830ad71cb0cb,3/06/2020,1784.333333,0.8666666666666061,21.05333333333333,7.993333333333334,42.266666666666666,89.48,3.3266666666666667,12.88
8191f02814bdec2922fd5287d8e55410e0fd78e2b195b47bdb05830ad71cb0cb,18/06/2020,1698.333333,0.086666667,24.94,8.893333333333334,33.733333333333334,90.49333333333334,3.466666666666667,14.233333333333333
8191f02814bdec2922fd5287d8e55410e0fd78e2b195b47bdb05830ad71cb0cb,3/07/2020,1615.333333,0.006666667,23.33333333333333,6.426666666666667,33.71333333333334,96.25333333333332,3.32,13.92
8191f02814bdec2922fd5287d8e55410e0fd78e2b195b47bdb05830ad71cb0cb,18/07/2020,1617,0,21.7,4.58,32.38666666666667,94.54666666666668,3.26,14.766666666666667
8191f02814bdec2922fd5287d8e55410e0fd78e2b195b47bdb05830ad71cb0cb,2/08/2020,1261.666667,0,23.280000000000005,5.426666666666667,29.56,89.82666666666667,3.586666666666667,15.653333333333334
8191f02814bdec2922fd5287d8e55410e0fd78e2b195b47bdb05830ad71cb0cb,17/08/2020,1087.666667,1.686666666666618,24.540000000000003,8.413333333333334,35.28666666666667,90.59333333333332,4.28,16.740000000000002
8191f02814bdec2922fd5287d8e55410e0fd78e2b195b47bdb05830ad71cb0cb,1/09/2020,992.333333,0,25.453333333333333,6.620000000000001,21.086666666666662,69.3,5.053333333333333,20.72
8191f02814bdec2922fd5287d8e55410e0fd78e2b195b47bdb05830ad71cb0cb,16/09/2020,1006.666667,0,29.87333333333333,14.346666666666668,30.013333333333332,77.63333333333334,6.48,20.9
8191f02814bdec2922fd5287d8e55410e0fd78e2b195b47bdb05830ad71cb0cb,1/10/2020,1162.333333,2.2933333333332486,28.766666666666666,14.713333333333336,29.84,67.03333333333333,6.513333333333335,20.166666666666668
8191f02814bdec2922fd5287d8e55410e0fd78e2b195b47bdb05830ad71cb0cb,16/10/2020,1346,0.6599999999999454,31.52,16.733333333333334,27.633333333333336,66.54666666666667,8.093333333333332,23.993333333333336
8191f02814bdec2922fd5287d8e55410e0fd78e2b195b47bdb05830ad71cb0cb,31/10/2020,1205.333333,0.3533333333332848,32.46,15.033333333333337,23.613333333333333,64.68,8.540000000000001,24.36
8191f02814bdec2922fd5287d8e55410e0fd78e2b195b47bdb05830ad71cb0cb,15/11/2020,1029.333333,0.693333333,35.16,17.946666666666665,23.24,59.680000000000014,10.273333333333335,27.44666666666667
8191f02814bdec2922fd5287d8e55410e0fd78e2b195b47bdb05830ad71cb0cb,30/11/2020,931.666667,0.026666667,39.07333333333334,24.12666666666667,21.10666666666667,48.74666666666667,11.8,28.76
8191f02814bdec2922fd5287d8e55410e0fd78e2b195b47bdb05830ad71cb0cb,15/12/2020,851.666667,0.6733333333332969,37.52666666666666,23.380000000000003,23.833333333333336,52.68666666666668,11.313333333333334,25.980000000000004
8191f02814bdec2922fd5287d8e55410e0fd78e2b195b47bdb05830ad71cb0cb,30/12/2020,806.333333,1.866666666666576,34.733333333333334,23.133333333333333,40.013333333333335,74.98,9.206666666666669,19.83333333333333
8191f02814bdec2922fd5287d8e55410e0fd78e2b195b47bdb05830ad71cb0cb,14/01/2021,1643.333333,3.913333333,33.02666666666667,21.326666666666668,45.440000000000005,89.01333333333334,8.066666666666668,20.986666666666668
8191f02814bdec2922fd5287d8e55410e0fd78e2b195b47bdb05830ad71cb0cb,29/01/2021,1958.333333,0.6333333333332727,37.04666666666666,22.90666666666667,27.85333333333333,62.35333333333334,10.633333333333333,25.4
8191f02814bdec2922fd5287d8e55410e0fd78e2b195b47bdb05830ad71cb0cb,13/02/2021,1801.333333,2.179999999999897,36.74666666666667,23.74,34.913333333333334,73.1,9.02,21.60666666666667
8191f02814bdec2922fd5287d8e55410e0fd78e2b195b47bdb05830ad71cb0cb,28/02/2021,1531.666667,1.8533333333332545,35.92,21.80666666666667,34.06,75.83333333333334,8.8,21.84666666666667
8191f02814bdec2922fd5287d8e55410e0fd78e2b195b47bdb05830ad71cb0cb,15/03/2021,1478,2.006666667,34.85333333333334,20.880000000000003,34.406666666666666,73.28666666666668,7.920000000000001,21.98
8191f02814bdec2922fd5287d8e55410e0fd78e2b195b47bdb05830ad71cb0cb,30/03/2021,1792.666667,2.9599999999999453,31.12,19.2,43.76,86.02000000000001,6.466666666666667,17.773333333333333
8191f02814bdec2922fd5287d8e55410e0fd78e2b195b47bdb05830ad71cb0cb,14/04/2021,2363.333333,1.6666666666666363,29.98,15.773333333333332,36.61333333333334,83.80666666666666,5.873333333333334,19.02
8191f02814bdec2922fd5287d8e55410e0fd78e2b195b47bdb05830ad71cb0cb,29/04/2021,2081,0.026666667,28.82,12.82,28.02,74.86666666666666,5.766666666666667,17.5
8191f02814bdec2922fd5287d8e55410e0fd78e2b195b47bdb05830ad71cb0cb,14/05/2021,1818,0.053333333,27.62666666666667,11.513333333333334,32.50666666666667,87.18,4.586666666666668,16.82
8191f02814bdec2922fd5287d8e55410e0fd78e2b195b47bdb05830ad71cb0cb,29/05/2021,1793.666667,0,24.513333333333332,8.166666666666666,28.666666666666668,80.30666666666667,4.22,15.613333333333332
8191f02814bdec2922fd5287d8e55410e0fd78e2b195b47bdb05830ad71cb0cb,13/06/2021,1884.333333,0.086666667,22.706666666666667,6.046666666666668,33.70666666666667,91.24666666666666,3.3600000000000003,13.306666666666668
8191f02814bdec2922fd5287d8e55410e0fd78e2b195b47bdb05830ad71cb0cb,28/06/2021,1912,1.2933333333332788,21.433333333333334,6.833333333333334,40.306666666666665,92.53333333333332,3.026666666666667,11.493333333333334
8191f02814bdec2922fd5287d8e55410e0fd78e2b195b47bdb05830ad71cb0cb,13/07/2021,1895.333333,1.333333333333303,21.026666666666667,6.573333333333333,41.7,97.32,2.9733333333333336,13.78
8191f02814bdec2922fd5287d8e55410e0fd78e2b195b47bdb05830ad71cb0cb,28/07/2021,1290.666667,0,23.206666666666667,5.566666666666667,30.85333333333333,90.42,3.466666666666667,15.166666666666668
8191f02814bdec2922fd5287d8e55410e0fd78e2b195b47bdb05830ad71cb0cb,12/08/2021,1313.333333,0.06,25.526666666666667,8.94,30.860000000000003,86.69333333333334,4.320000000000001,16.693333333333335
8191f02814bdec2922fd5287d8e55410e0fd78e2b195b47bdb05830ad71cb0cb,27/08/2021,1262.666667,0.3666666666666363,25.633333333333333,9.166666666666666,27.12,76.24666666666667,4.626666666666667,18.946666666666665
8191f02814bdec2922fd5287d8e55410e0fd78e2b195b47bdb05830ad71cb0cb,11/09/2021,1242.333333,0,27.91333333333333,10.613333333333337,27.333333333333336,76.07333333333334,5.86,19.62
8191f02814bdec2922fd5287d8e55410e0fd78e2b195b47bdb05830ad71cb0cb,26/09/2021,1240,0.006666667,29.593333333333337,11.713333333333336,19.46,58.49333333333334,7.140000000000001,23.206666666666667
8191f02814bdec2922fd5287d8e55410e0fd78e2b195b47bdb05830ad71cb0cb,11/10/2021,1141,0.266666667,31.94,15.753333333333334,27.986666666666668,67.56,7.853333333333334,21.58
8191f02814bdec2922fd5287d8e55410e0fd78e2b195b47bdb05830ad71cb0cb,26/10/2021,1086,0.1999999999999696,34.10666666666667,15.253333333333334,20.540000000000003,60.94666666666667,9.1,24.093333333333337
8191f02814bdec2922fd5287d8e55410e0fd78e2b195b47bdb05830ad71cb0cb,10/11/2021,1242,5.086666666666558,33.52,21.08,37.64,76.88000000000001,8.1,21.73333333333333
8191f02814bdec2922fd5287d8e55410e0fd78e2b195b47bdb05830ad71cb0cb,25/11/2021,1991.666667,5.1133333333332605,29.75333333333333,17.226666666666667,37.44666666666667,75.71333333333334,8.013333333333334,23.84
8191f02814bdec2922fd5287d8e55410e0fd78e2b195b47bdb05830ad71cb0cb,10/12/2021,2506.666667,6.073333333333236,32.46,19.32,41.28,86.68666666666667,8.666666666666666,24
8191f02814bdec2922fd5287d8e55410e0fd78e2b195b47bdb05830ad71cb0cb,25/12/2021,2444,0.2599999999999454,36.50666666666667,20.780000000000005,29.973333333333336,74.34666666666666,10.773333333333335,27.60666666666667
8191f02814bdec2922fd5287d8e55410e0fd78e2b195b47bdb05830ad71cb0cb,9/01/2022,2250,1.0999999999999397,38.27333333333333,21.633333333333333,27.98666666666667,70.97333333333334,11.133333333333333,26.513333333333332
8191f02814bdec2922fd5287d8e55410e0fd78e2b195b47bdb05830ad71cb0cb,24/01/2022,1977.666667,5.686666666666527,37.62666666666667,24.35333333333333,33.07333333333334,68.82000000000001,10.060000000000002,21.56
8191f02814bdec2922fd5287d8e55410e0fd78e2b195b47bdb05830ad71cb0cb,8/02/2022,1907.333333,4.986666666666588,33.03333333333334,21.113333333333337,43.52,84.75333333333334,7.6,20.126666666666665
8191f02814bdec2922fd5287d8e55410e0fd78e2b195b47bdb05830ad71cb0cb,23/02/2022,2059.333333,1.7533333333332848,36.41333333333333,21.3,31.513333333333332,75.59333333333333,9.16,25.706666666666667
8191f02814bdec2922fd5287d8e55410e0fd78e2b195b47bdb05830ad71cb0cb,10/03/2022,2026,0.02,37.2,20.39333333333333,27.05333333333333,71.02,9.38,23.000000000000004
8191f02814bdec2922fd5287d8e55410e0fd78e2b195b47bdb05830ad71cb0cb,25/03/2022,1907.333333,2.233333333333273,35.2,20.14,31.53333333333333,75.57333333333334,8.1,22.673333333333336
8191f02814bdec2922fd5287d8e55410e0fd78e2b195b47bdb05830ad71cb0cb,9/04/2022,2068.666667,3.5466666666665634,32.013333333333335,17.993333333333336,38.79333333333333,87.23333333333333,6.286666666666667,19.486666666666668
8191f02814bdec2922fd5287d8e55410e0fd78e2b195b47bdb05830ad71cb0cb,24/04/2022,2310,0.046666667,31.14,16.786666666666665,35.186666666666675,81.27333333333334,5.946666666666667,17.746666666666666
8191f02814bdec2922fd5287d8e55410e0fd78e2b195b47bdb05830ad71cb0cb,9/05/2022,2769.666667,6.573333333333267,25.633333333333336,16.160000000000004,51.92,90.31333333333332,3.793333333333334,11.640000000000002
8191f02814bdec2922fd5287d8e55410e0fd78e2b195b47bdb05830ad71cb0cb,24/05/2022,2858,3.4933333333332786,24.26,14.92,57.653333333333336,97.45333333333336,3.26,11.14
8191f02814bdec2922fd5287d8e55410e0fd78e2b195b47bdb05830ad71cb0cb,8/06/2022,2959.333333,0.1666666666666363,21.72,9.44,47.32666666666668,94.08666666666666,3.113333333333333,11.226666666666668
8191f02814bdec2922fd5287d8e55410e0fd78e2b195b47bdb05830ad71cb0cb,23/06/2022,2462.666667,0,21.44,4.306666666666668,37.02666666666666,98.16,3.1133333333333337,14.133333333333333
8191f02814bdec2922fd5287d8e55410e0fd78e2b195b47bdb05830ad71cb0cb,8/07/2022,2309.333333,1.9066666666666303,18.953333333333333,6.6000000000000005,51.79333333333333,98.86666666666666,2.613333333333333,11.113333333333332
8191f02814bdec2922fd5287d8e55410e0fd78e2b195b47bdb05830ad71cb0cb,23/07/2022,2408,1.1666666666666363,20.280000000000005,3.6666666666666665,39.120000000000005,99.16,3.0066666666666677,15.246666666666668
8191f02814bdec2922fd5287d8e55410e0fd78e2b195b47bdb05830ad71cb0cb,7/08/2022,2353.666667,0.3933333333332787,23.27333333333333,8.98,42.66,97.6,3.44,14.846666666666666
8191f02814bdec2922fd5287d8e55410e0fd78e2b195b47bdb05830ad71cb0cb,22/08/2022,2392.666667,0.013333333,22.933333333333337,5.126666666666667,31.98,94.84,4.133333333333334,17.52
8191f02814bdec2922fd5287d8e55410e0fd78e2b195b47bdb05830ad71cb0cb,6/09/2022,2460.333333,4.553333333333285,22.866666666666667,9.8,43.46666666666667,91.09333333333332,4.073333333333333,17.326666666666668
8191f02814bdec2922fd5287d8e55410e0fd78e2b195b47bdb05830ad71cb0cb,21/09/2022,2563.666667,2.066666666666606,26.133333333333336,11.88,37.626666666666665,86.94666666666667,5.473333333333334,18.613333333333333
8191f02814bdec2922fd5287d8e55410e0fd78e2b195b47bdb05830ad71cb0cb,6/10/2022,2579.666667,0.7199999999999515,27.78666666666667,12.953333333333337,36.68666666666668,88.52666666666667,6.1,20.35333333333333
8191f02814bdec2922fd5287d8e55410e0fd78e2b195b47bdb05830ad71cb0cb,21/10/2022,2679.333333,3.5799999999999272,28.773333333333333,16.266666666666666,45.14666666666666,92.28666666666666,6.333333333333333,19.14666666666667
8191f02814bdec2922fd5287d8e55410e0fd78e2b195b47bdb05830ad71cb0cb,5/11/2022,2706,0.5799999999999879,31.07333333333333,15,28.26,73.24666666666667,8.413333333333334,24.62
8191f02814bdec2922fd5287d8e55410e0fd78e2b195b47bdb05830ad71cb0cb,20/11/2022,2710.333333,0.433333333,32.473333333333336,17.560000000000002,29.68,71.40666666666668,8.846666666666666,22.73333333333333
8191f02814bdec2922fd5287d8e55410e0fd78e2b195b47bdb05830ad71cb0cb,5/12/2022,2473.666667,0.2866666666665575,32.78,18.146666666666665,27.860000000000003,65.84666666666666,8.906666666666666,22.620000000000005
8191f02814bdec2922fd5287d8e55410e0fd78e2b195b47bdb05830ad71cb0cb,20/12/2022,1908.333333,1.5933333333332789,35.21333333333334,19.74666666666667,26.22,62.00666666666667,10.42666666666667,26.426666666666662
8191f02814bdec2922fd5287d8e55410e0fd78e2b195b47bdb05830ad71cb0cb,4/01/2023,1531.666667,1.4266666666665817,34.526666666666664,21.68,35.980000000000004,73.45333333333333,9.413333333333334,21.013333333333332
8191f02814bdec2922fd5287d8e55410e0fd78e2b195b47bdb05830ad71cb0cb,19/01/2023,1667,6.126666666666582,31.833333333333336,20.833333333333336,49.00666666666667,89.14666666666669,7.366666666666668,20.933333333333334
8191f02814bdec2922fd5287d8e55410e0fd78e2b195b47bdb05830ad71cb0cb,3/02/2023,2531,1.7866666666665576,34.66,22.706666666666667,43.32666666666668,86.27333333333333,8.38,25.473333333333336
8191f02814bdec2922fd5287d8e55410e0fd78e2b195b47bdb05830ad71cb0cb,18/02/2023,2362,1.7933333333332788,34.63333333333333,20.273333333333333,35.49333333333334,77.26666666666667,8.426666666666668,23.33333333333333
8191f02814bdec2922fd5287d8e55410e0fd78e2b195b47bdb05830ad71cb0cb,5/03/2023,2015.333333,0.1666666666665757,35.8,21.21333333333333,32.46666666666667,75.92000000000002,8.586666666666668,22.786666666666672
8191f02814bdec2922fd5287d8e55410e0fd78e2b195b47bdb05830ad71cb0cb,20/03/2023,2612,5.233333333333303,32.78,20.160000000000004,48.766666666666666,93.63333333333334,6.526666666666667,19.326666666666668
8191f02814bdec2922fd5287d8e55410e0fd78e2b195b47bdb05830ad71cb0cb,4/04/2023,2563.333333,0.013333333,33.10666666666667,18.58,34.9,81.94666666666667,7.08,20.446666666666665
8191f02814bdec2922fd5287d8e55410e0fd78e2b195b47bdb05830ad71cb0cb,19/04/2023,1853.333333,0.1,32.026666666666664,13.826666666666666,28.48,80.36,6.326666666666667,18.26666666666667
8191f02814bdec2922fd5287d8e55410e0fd78e2b195b47bdb05830ad71cb0cb,4/05/2023,1314,0.1666666666666363,28.380000000000003,12.62,34.766666666666666,88.91333333333334,5.120000000000001,16.533333333333335
8191f02814bdec2922fd5287d8e55410e0fd78e2b195b47bdb05830ad71cb0cb,19/05/2023,1286.666667,0.006666667,25.28666666666667,8.046666666666669,30.613333333333337,88.20666666666666,4.3133333333333335,16.46
8191f02814bdec2922fd5287d8e55410e0fd78e2b195b47bdb05830ad71cb0cb,3/06/2023,1082.333333,0,24.30666666666667,4.28,25.473333333333336,89.21333333333335,4.1466666666666665,15.686666666666667
8191f02814bdec2922fd5287d8e55410e0fd78e2b195b47bdb05830ad71cb0cb,18/06/2023,1032.333333,0.1199999999999818,25.73333333333333,9.76,34.24666666666667,90.41333333333334,3.533333333333333,14.22
8191f02814bdec2922fd5287d8e55410e0fd78e2b195b47bdb05830ad71cb0cb,3/07/2023,1031,0.3333333333333333,24.000000000000004,9.786666666666669,34.580000000000005,75.53999999999999,3.5066666666666677,12.76
8191f02814bdec2922fd5287d8e55410e0fd78e2b195b47bdb05830ad71cb0cb,18/07/2023,1178,2.513333333333321,22.540000000000003,7.113333333333333,40.56,96.91333333333334,3.1466666666666665,14.6
8191f02814bdec2922fd5287d8e55410e0fd78e2b195b47bdb05830ad71cb0cb,2/08/2023,1370,0.02,24.586666666666662,8.466666666666667,32.76,88.68666666666668,3.6800000000000006,15.98
8191f02814bdec2922fd5287d8e55410e0fd78e2b195b47bdb05830ad71cb0cb,17/08/2023,1420.333333,0,27.540000000000003,8.466666666666667,26.19333333333333,83.78,4.913333333333333,18.03333333333333
8191f02814bdec2922fd5287d8e55410e0fd78e2b195b47bdb05830ad71cb0cb,1/09/2023,1195.333333,0,27.78666666666667,8.673333333333334,25.206666666666667,82.11333333333333,5.146666666666667,19.38
8191f02814bdec2922fd5287d8e55410e0fd78e2b195b47bdb05830ad71cb0cb,16/09/2023,1109,0,29.766666666666666,10.900000000000002,20.44,67.36,6.953333333333333,21.4
8191f02814bdec2922fd5287d8e55410e0fd78e2b195b47bdb05830ad71cb0cb,1/10/2023,1020,0,32.17333333333333,14.286666666666669,24.180000000000003,71.26,7.513333333333334,23.146666666666665
8191f02814bdec2922fd5287d8e55410e0fd78e2b195b47bdb05830ad71cb0cb,16/10/2023,1014,0,32.233333333333334,15.12,22.846666666666668,62.07333333333334,8.4,24.413333333333338
8191f02814bdec2922fd5287d8e55410e0fd78e2b195b47bdb05830ad71cb0cb,31/10/2023,1025.666667,0.1999999999999696,34.693333333333335,16.693333333333335,18.33333333333333,52.98666666666667,9.633333333333336,26.880000000000003
8191f02814bdec2922fd5287d8e55410e0fd78e2b195b47bdb05830ad71cb0cb,15/11/2023,1025.333333,1.7333333333333334,36.00666666666667,20.473333333333336,26.433333333333337,62.900000000000006,10.233333333333333,27.34
8191f02814bdec2922fd5287d8e55410e0fd78e2b195b47bdb05830ad71cb0cb,30/11/2023,1096,5.306666667,32.3,20.706666666666667,42.46666666666668,79.48,7.746666666666667,21.06666666666667
8191f02814bdec2922fd5287d8e55410e0fd78e2b195b47bdb05830ad71cb0cb,15/12/2023,1479.666667,0.1399999999999939,36.89333333333333,21.433333333333337,30.42666666666667,74.50666666666667,10.753333333333334,29.21333333333333
8191f02814bdec2922fd5287d8e55410e0fd78e2b195b47bdb05830ad71cb0cb,30/12/2023,1594.666667,3.2133333333332907,37.74,20.83333333333333,29.686666666666667,74.24000000000001,10.833333333333334,27.71333333333333
8191f02814bdec2922fd5287d8e55410e0fd78e2b195b47bdb05830ad71cb0cb,14/01/2024,1459,2.7133333333332303,36.866666666666674,23.03333333333333,38,82.61333333333333,9.293333333333331,24.72
8191f02814bdec2922fd5287d8e55410e0fd78e2b195b47bdb05830ad71cb0cb,29/01/2024,1424.333333,3.4533333333332847,37.7,25.293333333333337,40.04,79.96666666666667,9.413333333333334,24.986666666666668
8191f02814bdec2922fd5287d8e55410e0fd78e2b195b47bdb05830ad71cb0cb,13/02/2024,1713.333333,3.039999999999933,36.580000000000005,23.540000000000003,39.57333333333334,82.67333333333335,8.68,24
8191f02814bdec2922fd5287d8e55410e0fd78e2b195b47bdb05830ad71cb0cb,28/02/2024,2659,3.053333333333254,33.78666666666667,21.98,47.41333333333333,93.30666666666669,7.166666666666667,21.813333333333336
8191f02814bdec2922fd5287d8e55410e0fd78e2b195b47bdb05830ad71cb0cb,14/03/2024,2504,0,35.61333333333334,20.71333333333333,33.84,80.29333333333334,8.386666666666667,24.773333333333333
8191f02814bdec2922fd5287d8e55410e0fd78e2b195b47bdb05830ad71cb0cb,29/03/2024,2463.333333,5.719999999999952,32.74,21.94,47.81333333333334,84.78,6.413333333333333,16.826666666666668
8191f02814bdec2922fd5287d8e55410e0fd78e2b195b47bdb05830ad71cb0cb,13/04/2024,2624.333333,6.626666666666642,28.74,16,44.760000000000005,92.58666666666666,5.406666666666667,19.413333333333338
8191f02814bdec2922fd5287d8e55410e0fd78e2b195b47bdb05830ad71cb0cb,28/04/2024,2422.333333,0.093333333,28.780000000000005,13.846666666666666,37.22,90.86666666666666,5.453333333333333,18.92
8191f02814bdec2922fd5287d8e55410e0fd78e2b195b47bdb05830ad71cb0cb,13/05/2024,2378.666667,0.7466666666666242,27.92,13.7,41.8,96.76666666666668,4.346666666666667,16.326666666666668
8191f02814bdec2922fd5287d8e55410e0fd78e2b195b47bdb05830ad71cb0cb,28/05/2024,2671.333333,0,25.773333333333333,8.74,33.79333333333333,95.86666666666666,4.193333333333333,15.72
8191f02814bdec2922fd5287d8e55410e0fd78e2b195b47bdb05830ad71cb0cb,12/06/2024,2448.333333,0.7533333333333151,22.566666666666663,6.3133333333333335,40.38666666666666,98.15333333333334,3.226666666666667,14.04
8191f02814bdec2922fd5287d8e55410e0fd78e2b195b47bdb05830ad71cb0cb,27/06/2024,3150,0.073333333,23.26,4.966666666666667,31.633333333333333,93.76666666666668,3.3466666666666667,13.82
8191f02814bdec2922fd5287d8e55410e0fd78e2b195b47bdb05830ad71cb0cb,12/07/2024,2300.666667,0.5733333333332666,23.82,9.613333333333337,46.23333333333333,98.92666666666668,3.04,13.246666666666668
8191f02814bdec2922fd5287d8e55410e0fd78e2b195b47bdb05830ad71cb0cb,27/07/2024,1809.666667,0.2333333333333333,21.5,3.9333333333333353,33.50666666666667,95.86,3.246666666666667,14.986666666666668
8191f02814bdec2922fd5287d8e55410e0fd78e2b195b47bdb05830ad71cb0cb,11/08/2024,1696.333333,0.3066666666666303,23.71333333333333,6.1800000000000015,32.74666666666667,90.14666666666668,3.9133333333333336,16.14
8191f02814bdec2922fd5287d8e55410e0fd78e2b195b47bdb05830ad71cb0cb,26/08/2024,1438.333333,0.3599999999999757,29.366666666666667,10.94,32.553333333333335,91.07333333333334,5.026666666666667,18.706666666666667
8191f02814bdec2922fd5287d8e55410e0fd78e2b195b47bdb05830ad71cb0cb,10/09/2024,1398.666667,0,32.406666666666666,13.046666666666669,24.60666666666667,79.48666666666668,6.826666666666667,20.980000000000004
8191f02814bdec2922fd5287d8e55410e0fd78e2b195b47bdb05830ad71cb0cb,25/09/2024,1425,0,29.793333333333337,11.740000000000002,20.28666666666667,59.79333333333334,7.08,22.34666666666667
8191f02814bdec2922fd5287d8e55410e0fd78e2b195b47bdb05830ad71cb0cb,10/10/2024,1396.333333,1.113333333333261,32.29333333333334,14.933333333333335,26.686666666666667,73.69333333333334,7.846666666666668,23.10666666666667
8191f02814bdec2922fd5287d8e55410e0fd78e2b195b47bdb05830ad71cb0cb,25/10/2024,1486.666667,0,35.080000000000005,19.18,26.30666666666667,66.60666666666667,9.000000000000002,25.046666666666667
8191f02814bdec2922fd5287d8e55410e0fd78e2b195b47bdb05830ad71cb0cb,9/11/2024,1573.333333,0.5933333333333091,37.64666666666667,20.37333333333333,20.84666666666667,55.580000000000005,10.793333333333331,27.12
8191f02814bdec2922fd5287d8e55410e0fd78e2b195b47bdb05830ad71cb0cb,24/11/2024,1518.333333,4.846666666666564,34.34,21.58,38.693333333333335,79.12666666666668,8.553333333333335,22.90666666666667
8191f02814bdec2922fd5287d8e55410e0fd78e2b195b47bdb05830ad71cb0cb,9/12/2024,1641.666667,3.026666666666612,34.35333333333334,22.860000000000003,43.806666666666665,82.5,8.833333333333334,25.10666666666667
8191f02814bdec2922fd5287d8e55410e0fd78e2b195b47bdb05830ad71cb0cb,24/12/2024,1748.333333,0.2666666666666363,36.46000000000001,21.96,34.36666666666667,77.74000000000001,10.233333333333333,27.486666666666668
8714b98a7839f7e8e139a79e8dbff0ced6b5f68c476d58cfa80c4fee1b02f084,5/01/2017,2018,1.7799999999998364,35.64,24.72,40.56,75.18,8.6,20.24
8714b98a7839f7e8e139a79e8dbff0ced6b5f68c476d58cfa80c4fee1b02f084,20/01/2017,2018,3.073333333333297,36.473333333333336,24.040000000000003,38.02,76.10666666666665,9.433333333333334,23.526666666666667
8714b98a7839f7e8e139a79e8dbff0ced6b5f68c476d58cfa80c4fee1b02f084,4/02/2017,1795.666667,0.5133333333332909,38.16666666666667,24.793333333333333,35.186666666666675,74.38000000000001,10.253333333333334,24.76
8714b98a7839f7e8e139a79e8dbff0ced6b5f68c476d58cfa80c4fee1b02f084,19/02/2017,1203,0.04,39.513333333333335,24.44666666666667,26.953333333333337,62.23333333333333,10.946666666666667,25.25333333333333
8714b98a7839f7e8e139a79e8dbff0ced6b5f68c476d58cfa80c4fee1b02f084,6/03/2017,1197.666667,0.7866666666665878,36.013333333333335,20.813333333333336,30.26,73.12666666666665,8.860000000000001,21.473333333333336
8714b98a7839f7e8e139a79e8dbff0ced6b5f68c476d58cfa80c4fee1b02f084,21/03/2017,1183.666667,0.466666667,36.49333333333333,20.326666666666664,28.87333333333333,70.99333333333334,8.626666666666667,20.96
8714b98a7839f7e8e139a79e8dbff0ced6b5f68c476d58cfa80c4fee1b02f084,5/04/2017,1357,0.02,34.080000000000005,18.733333333333334,31.88,77.13333333333334,7.433333333333334,19.55333333333333
8714b98a7839f7e8e139a79e8dbff0ced6b5f68c476d58cfa80c4fee1b02f084,20/04/2017,1225,0,31.386666666666667,14.013333333333334,26.32,74.96000000000001,6.533333333333334,20.21333333333333
8714b98a7839f7e8e139a79e8dbff0ced6b5f68c476d58cfa80c4fee1b02f084,5/05/2017,1125,0.066666667,28.82,14.173333333333336,31.773333333333333,77.65333333333334,5.433333333333334,16.206666666666667
8714b98a7839f7e8e139a79e8dbff0ced6b5f68c476d58cfa80c4fee1b02f084,20/05/2017,1057,0.2866666666666485,27.160000000000004,11.56,34.21333333333334,85.28000000000002,4.473333333333334,14.46
8714b98a7839f7e8e139a79e8dbff0ced6b5f68c476d58cfa80c4fee1b02f084,4/06/2017,1141,0,26.35333333333333,9.006666666666666,27.84,81.33999999999999,4.373333333333334,15.506666666666668
8714b98a7839f7e8e139a79e8dbff0ced6b5f68c476d58cfa80c4fee1b02f084,19/06/2017,1111,0,23.51333333333333,5.84,30.380000000000003,91.43333333333334,3.453333333333333,14.926666666666668
8714b98a7839f7e8e139a79e8dbff0ced6b5f68c476d58cfa80c4fee1b02f084,4/07/2017,1076.666667,0.2799999999999878,24.966666666666672,8.553333333333335,33.12,88.82000000000001,3.526666666666667,13.346666666666668
8714b98a7839f7e8e139a79e8dbff0ced6b5f68c476d58cfa80c4fee1b02f084,19/07/2017,1079.666667,0.9533333333332544,24.46,9.919999999999998,37.72,89.05333333333333,3.3800000000000003,13.213333333333336
8714b98a7839f7e8e139a79e8dbff0ced6b5f68c476d58cfa80c4fee1b02f084,3/08/2017,1069,0,26.26,6.78,22.14,74.79333333333334,4.28,17.220000000000002
8714b98a7839f7e8e139a79e8dbff0ced6b5f68c476d58cfa80c4fee1b02f084,18/08/2017,1084.666667,0,27.793333333333337,6.286666666666667,17.740000000000002,68.44,5.366666666666666,19.28
8714b98a7839f7e8e139a79e8dbff0ced6b5f68c476d58cfa80c4fee1b02f084,2/09/2017,1097.666667,0,25.72,6.093333333333334,15.32,53.42666666666666,5.406666666666667,21.04666666666667
8714b98a7839f7e8e139a79e8dbff0ced6b5f68c476d58cfa80c4fee1b02f084,17/09/2017,1104,0,28.013333333333332,8.413333333333334,16.1,55.60666666666668,6.8,22.60666666666667
8714b98a7839f7e8e139a79e8dbff0ced6b5f68c476d58cfa80c4fee1b02f084,2/10/2017,1150,0.1066666666666606,34.6,15.76,18.313333333333333,53.34666666666667,8.966666666666667,21.82
8714b98a7839f7e8e139a79e8dbff0ced6b5f68c476d58cfa80c4fee1b02f084,17/10/2017,1083.666667,1.659999999999885,33.98666666666667,19.84666666666667,34.00666666666667,76.42666666666668,7.973333333333334,20.78666666666667
8714b98a7839f7e8e139a79e8dbff0ced6b5f68c476d58cfa80c4fee1b02f084,1/11/2017,1054.666667,1.419999999999921,32.22666666666667,16.94,30.313333333333336,72.4,8.1,22.96
8714b98a7839f7e8e139a79e8dbff0ced6b5f68c476d58cfa80c4fee1b02f084,16/11/2017,1053,0.2399999999999636,33.43333333333333,18.4,26.26,62.46,9.446666666666664,24.30666666666667
8714b98a7839f7e8e139a79e8dbff0ced6b5f68c476d58cfa80c4fee1b02f084,1/12/2017,1034,0.4266666666665817,34.32666666666667,20.65333333333334,31.57333333333333,70.21333333333334,9.233333333333333,23.02
8714b98a7839f7e8e139a79e8dbff0ced6b5f68c476d58cfa80c4fee1b02f084,16/12/2017,920.666667,0.7533333333332848,36.306666666666665,20.48,22.56,54.84666666666667,11.273333333333332,27.413333333333338
8714b98a7839f7e8e139a79e8dbff0ced6b5f68c476d58cfa80c4fee1b02f084,31/12/2017,915,0.4466666666665939,40.07333333333334,25.40666666666667,23.84666666666667,54.653333333333336,12.106666666666667,26.36
8714b98a7839f7e8e139a79e8dbff0ced6b5f68c476d58cfa80c4fee1b02f084,15/01/2018,889.333333,0.02,39.513333333333335,25.05333333333333,22.593333333333337,50.906666666666666,11.92,26.14666666666667
8714b98a7839f7e8e139a79e8dbff0ced6b5f68c476d58cfa80c4fee1b02f084,30/01/2018,841.333333,0.086666667,38.56000000000001,24.74666666666667,24.946666666666665,54.86000000000001,11.173333333333334,23.953333333333333
8714b98a7839f7e8e139a79e8dbff0ced6b5f68c476d58cfa80c4fee1b02f084,14/02/2018,683,1.353333333333315,37.81333333333334,22.56,25.72666666666667,58.57333333333335,10.706666666666669,23.65333333333333
8714b98a7839f7e8e139a79e8dbff0ced6b5f68c476d58cfa80c4fee1b02f084,1/03/2018,684.666667,0.2066666666666302,38.373333333333335,23.613333333333337,30.65333333333333,69.52666666666667,10.046666666666669,22.380000000000003
8714b98a7839f7e8e139a79e8dbff0ced6b5f68c476d58cfa80c4fee1b02f084,16/03/2018,865.666667,6.079999999999927,30.933333333333337,20.23333333333333,47.8,85.36666666666666,6.273333333333334,16.653333333333332
8714b98a7839f7e8e139a79e8dbff0ced6b5f68c476d58cfa80c4fee1b02f084,31/03/2018,1298.666667,2.086666666666588,33.766666666666666,19.9,37.973333333333336,84.55333333333333,7.58,20.34666666666667
8714b98a7839f7e8e139a79e8dbff0ced6b5f68c476d58cfa80c4fee1b02f084,15/04/2018,1593,0.02,32.46,18.386666666666667,35.32000000000001,80.72666666666667,6.400000000000001,18.866666666666667
8714b98a7839f7e8e139a79e8dbff0ced6b5f68c476d58cfa80c4fee1b02f084,30/04/2018,1463.666667,0,30.72,14.166666666666668,29.1,78.62666666666668,6.166666666666667,18.660000000000004
8714b98a7839f7e8e139a79e8dbff0ced6b5f68c476d58cfa80c4fee1b02f084,15/05/2018,1297.333333,0,27.07333333333333,10.626666666666669,28.94666666666667,80.92666666666668,4.733333333333333,16.586666666666666
8714b98a7839f7e8e139a79e8dbff0ced6b5f68c476d58cfa80c4fee1b02f084,30/05/2018,1360.333333,0,25.23333333333333,8.76,27.800000000000004,78.7,4.406666666666666,15.48
8714b98a7839f7e8e139a79e8dbff0ced6b5f68c476d58cfa80c4fee1b02f084,14/06/2018,1387.333333,0,23.386666666666667,6.6066666666666665,28.41333333333333,81.48666666666666,3.5533333333333337,14.393333333333334
8714b98a7839f7e8e139a79e8dbff0ced6b5f68c476d58cfa80c4fee1b02f084,29/06/2018,1261,0,21.98666666666667,5.626666666666667,31.793333333333337,87.22000000000001,3.28,13.133333333333333
8714b98a7839f7e8e139a79e8dbff0ced6b5f68c476d58cfa80c4fee1b02f084,14/07/2018,1173,0.013333333,22.7,6.113333333333333,32.193333333333335,88.79333333333332,3.36,14.726666666666668
8714b98a7839f7e8e139a79e8dbff0ced6b5f68c476d58cfa80c4fee1b02f084,29/07/2018,1103.666667,0.013333333,24.866666666666667,5.319999999999999,21.75333333333333,72.05333333333333,3.926666666666667,16.153333333333332
8714b98a7839f7e8e139a79e8dbff0ced6b5f68c476d58cfa80c4fee1b02f084,13/08/2018,1097.333333,0,24.37333333333333,5.526666666666667,21.22,70.13333333333334,4.58,18.160000000000004
8714b98a7839f7e8e139a79e8dbff0ced6b5f68c476d58cfa80c4fee1b02f084,28/08/2018,1067,0.013333333,25.06666666666667,4.36,18.526666666666667,65.98,4.926666666666667,20.64666666666667
8714b98a7839f7e8e139a79e8dbff0ced6b5f68c476d58cfa80c4fee1b02f084,12/09/2018,1025.333333,0,27.973333333333336,10.22,21.413333333333338,62.78,6.273333333333334,20.986666666666668
8714b98a7839f7e8e139a79e8dbff0ced6b5f68c476d58cfa80c4fee1b02f084,27/09/2018,1058,0,29.8,12.086666666666666,19.75333333333333,59.14666666666667,7.166666666666667,23.466666666666665
8714b98a7839f7e8e139a79e8dbff0ced6b5f68c476d58cfa80c4fee1b02f084,12/10/2018,1029.333333,0,32.7,16.326666666666668,23.4,62.36000000000001,8.373333333333333,22.72666666666667
8714b98a7839f7e8e139a79e8dbff0ced6b5f68c476d58cfa80c4fee1b02f084,27/10/2018,909.333333,1.913333333333291,35.9,19.780000000000005,27.666666666666668,70.16000000000001,9.22,23.913333333333338
8714b98a7839f7e8e139a79e8dbff0ced6b5f68c476d58cfa80c4fee1b02f084,11/11/2018,817.333333,0.04,36.32000000000001,21.2,22.953333333333337,54.79333333333334,10.486666666666668,25.46
8714b98a7839f7e8e139a79e8dbff0ced6b5f68c476d58cfa80c4fee1b02f084,26/11/2018,743.666667,0.2666666666666363,34.86000000000001,20.180000000000003,26.03333333333333,56.03333333333333,9.96,25.24
8714b98a7839f7e8e139a79e8dbff0ced6b5f68c476d58cfa80c4fee1b02f084,11/12/2018,683.666667,0,36.760000000000005,20.82,19.90666666666667,48.3,11.533333333333331,27.480000000000004
8714b98a7839f7e8e139a79e8dbff0ced6b5f68c476d58cfa80c4fee1b02f084,26/12/2018,667.666667,1.3999999999999695,37.946666666666665,23.133333333333333,23.293333333333333,52.6,11.78,24.72666666666667
8714b98a7839f7e8e139a79e8dbff0ced6b5f68c476d58cfa80c4fee1b02f084,10/01/2019,662.666667,0.4733333333332969,38.38,24.90666666666667,24.913333333333338,53.54666666666667,11.56,25.966666666666665
8714b98a7839f7e8e139a79e8dbff0ced6b5f68c476d58cfa80c4fee1b02f084,25/01/2019,658,0.053333333,39.86000000000001,25.23333333333333,24.03333333333333,54.88666666666666,12,26.73333333333333
8714b98a7839f7e8e139a79e8dbff0ced6b5f68c476d58cfa80c4fee1b02f084,9/02/2019,633.666667,0.94,34.54,23.706666666666667,36.41333333333333,66.82666666666667,8.373333333333333,16.546666666666667
8714b98a7839f7e8e139a79e8dbff0ced6b5f68c476d58cfa80c4fee1b02f084,24/02/2019,761,0.3999999999999696,38.553333333333335,21.60666666666667,18.546666666666667,47.32000000000001,11.373333333333331,26.986666666666668
8714b98a7839f7e8e139a79e8dbff0ced6b5f68c476d58cfa80c4fee1b02f084,11/03/2019,773.333333,0.006666667,36.56666666666667,23.04666666666667,28.22666666666667,61.36000000000001,9.32,20.71333333333333
8714b98a7839f7e8e139a79e8dbff0ced6b5f68c476d58cfa80c4fee1b02f084,26/03/2019,761,8.259999999999884,36.580000000000005,23.19333333333333,34.14,69.78,8.4,20.18666666666667
8714b98a7839f7e8e139a79e8dbff0ced6b5f68c476d58cfa80c4fee1b02f084,10/04/2019,975.666667,8.619999999999951,28.540000000000003,17.413333333333338,43.79333333333334,81.36666666666666,5.546666666666667,18.39333333333333
8714b98a7839f7e8e139a79e8dbff0ced6b5f68c476d58cfa80c4fee1b02f084,25/04/2019,1472.666667,0,28.37333333333333,16.28666666666667,41.45333333333333,83.68,5.306666666666668,16.633333333333333
8714b98a7839f7e8e139a79e8dbff0ced6b5f68c476d58cfa80c4fee1b02f084,10/05/2019,1602.333333,0.4533333333333151,24.90666666666667,12.786666666666664,45.06666666666668,90.29333333333334,4.180000000000001,15.233333333333336
8714b98a7839f7e8e139a79e8dbff0ced6b5f68c476d58cfa80c4fee1b02f084,25/05/2019,1600,0,25.75333333333333,11.153333333333334,39.17333333333333,95.17333333333336,4.106666666666667,14.38
8714b98a7839f7e8e139a79e8dbff0ced6b5f68c476d58cfa80c4fee1b02f084,9/06/2019,1512,0,20.613333333333333,5.486666666666666,35.38666666666667,90.00666666666666,3.333333333333334,12.54
8714b98a7839f7e8e139a79e8dbff0ced6b5f68c476d58cfa80c4fee1b02f084,24/06/2019,1430.666667,0,22.35333333333333,5.826666666666667,32.413333333333334,89.24666666666667,3.293333333333333,14.6
8714b98a7839f7e8e139a79e8dbff0ced6b5f68c476d58cfa80c4fee1b02f084,9/07/2019,1448.666667,0.3066666666666303,23.34666666666667,10.02,41.06000000000001,89.34,3.173333333333334,11.226666666666668
8714b98a7839f7e8e139a79e8dbff0ced6b5f68c476d58cfa80c4fee1b02f084,24/07/2019,1294.666667,0,22.73333333333333,4.36,29.78666666666667,91.46666666666668,3.4466666666666668,16.006666666666668
8714b98a7839f7e8e139a79e8dbff0ced6b5f68c476d58cfa80c4fee1b02f084,8/08/2019,1288.333333,0.006666667,25.14666666666667,7.546666666666668,24.593333333333337,74.21333333333334,4.220000000000001,14.646666666666668
8714b98a7839f7e8e139a79e8dbff0ced6b5f68c476d58cfa80c4fee1b02f084,23/08/2019,1273.666667,0,23.6,5.340000000000001,23.34,76.42666666666668,4.546666666666667,19.22
8714b98a7839f7e8e139a79e8dbff0ced6b5f68c476d58cfa80c4fee1b02f084,7/09/2019,1271.666667,0,28.22,8.826666666666666,18.08,56.14666666666667,6.166666666666667,21.126666666666665
8714b98a7839f7e8e139a79e8dbff0ced6b5f68c476d58cfa80c4fee1b02f084,22/09/2019,1206,0,28.993333333333336,8.746666666666668,16.806666666666665,57.27333333333333,7.086666666666668,23.273333333333333
8714b98a7839f7e8e139a79e8dbff0ced6b5f68c476d58cfa80c4fee1b02f084,7/10/2019,1180,0,32.27333333333333,15.946666666666664,20.39333333333333,54.49333333333334,8.18,22.55333333333333
8714b98a7839f7e8e139a79e8dbff0ced6b5f68c476d58cfa80c4fee1b02f084,22/10/2019,1168.666667,0,34.093333333333334,15.313333333333334,12.993333333333334,38.59333333333333,9.773333333333335,25.186666666666667
8714b98a7839f7e8e139a79e8dbff0ced6b5f68c476d58cfa80c4fee1b02f084,6/11/2019,1248.333333,4.839999999999933,31.08,18.513333333333332,31.793333333333337,63.13333333333333,8.066666666666668,21.72000000000001
8714b98a7839f7e8e139a79e8dbff0ced6b5f68c476d58cfa80c4fee1b02f084,21/11/2019,1242.333333,0,35.34666666666667,16.433333333333334,14.986666666666668,45.50666666666667,11.126666666666669,29.666666666666668
8714b98a7839f7e8e139a79e8dbff0ced6b5f68c476d58cfa80c4fee1b02f084,6/12/2019,1245,0.1866666666666181,36.78666666666666,20.706666666666667,20.386666666666667,49.63333333333334,11.140000000000002,26.73333333333333
8714b98a7839f7e8e139a79e8dbff0ced6b5f68c476d58cfa80c4fee1b02f084,21/12/2019,1128,0,40.52666666666667,22.800000000000004,14.466666666666669,38.60666666666667,13.366666666666667,28.94666666666667
8714b98a7839f7e8e139a79e8dbff0ced6b5f68c476d58cfa80c4fee1b02f084,5/01/2020,1070,0.006666667,40.29333333333333,25.23333333333333,21.333333333333336,49.56000000000001,12.626666666666669,27.506666666666668
8714b98a7839f7e8e139a79e8dbff0ced6b5f68c476d58cfa80c4fee1b02f084,20/01/2020,1037.333333,1.339999999999903,38.38666666666667,24.58,27.32,60.553333333333335,10.92,25.22
8714b98a7839f7e8e139a79e8dbff0ced6b5f68c476d58cfa80c4fee1b02f084,4/02/2020,1163.666667,4.579999999999957,35.013333333333335,24.06,42.24666666666667,76.86666666666666,8.506666666666668,19.346666666666668
8714b98a7839f7e8e139a79e8dbff0ced6b5f68c476d58cfa80c4fee1b02f084,19/02/2020,1278.333333,1.906666667,37.10666666666667,23.040000000000003,35.333333333333336,78.58666666666667,9.473333333333334,24.62666666666667
8714b98a7839f7e8e139a79e8dbff0ced6b5f68c476d58cfa80c4fee1b02f084,5/03/2020,1272.333333,11.059999999999883,33.58666666666667,22.77333333333333,45.75333333333333,83.48,7.4333333333333345,19.473333333333336
8714b98a7839f7e8e139a79e8dbff0ced6b5f68c476d58cfa80c4fee1b02f084,20/03/2020,1537.666667,0.8666666666666364,31.133333333333336,17.706666666666667,39.06000000000001,85.86,7.266666666666667,22.093333333333337
8714b98a7839f7e8e139a79e8dbff0ced6b5f68c476d58cfa80c4fee1b02f084,4/04/2020,1824.333333,0.2399999999999939,33.57333333333334,20.013333333333332,35.82666666666667,79.14,7.233333333333334,19.64
8714b98a7839f7e8e139a79e8dbff0ced6b5f68c476d58cfa80c4fee1b02f084,19/04/2020,1736,0,31.28666666666667,15.76,28.946666666666665,73.22666666666667,6.3933333333333335,19.58
8714b98a7839f7e8e139a79e8dbff0ced6b5f68c476d58cfa80c4fee1b02f084,4/05/2020,1469.666667,0.006666667,29.093333333333337,13.080000000000002,29.413333333333338,75.6,5.746666666666667,17.933333333333334
8714b98a7839f7e8e139a79e8dbff0ced6b5f68c476d58cfa80c4fee1b02f084,19/05/2020,1448.333333,0,26.666666666666668,11.52,29.413333333333338,74.71333333333334,4.58,15.88
8714b98a7839f7e8e139a79e8dbff0ced6b5f68c476d58cfa80c4fee1b02f084,3/06/2020,1472,0.926666667,21.020000000000003,8.026666666666667,42.07333333333334,89.13333333333335,3.3800000000000003,12.853333333333332
8714b98a7839f7e8e139a79e8dbff0ced6b5f68c476d58cfa80c4fee1b02f084,18/06/2020,1281.333333,0.2,24.880000000000003,8.926666666666668,33.24,89.5,3.5133333333333336,14.293333333333331
8714b98a7839f7e8e139a79e8dbff0ced6b5f68c476d58cfa80c4fee1b02f084,3/07/2020,1184,0.006666667,23.313333333333336,6.486666666666667,33.28666666666667,95.24666666666668,3.373333333333333,13.926666666666668
8714b98a7839f7e8e139a79e8dbff0ced6b5f68c476d58cfa80c4fee1b02f084,18/07/2020,1196.333333,0,21.62,4.640000000000001,32.486666666666665,94.02666666666669,3.273333333333333,14.733333333333336
8714b98a7839f7e8e139a79e8dbff0ced6b5f68c476d58cfa80c4fee1b02f084,2/08/2020,1072.333333,0,23.273333333333333,5.566666666666666,29.24,88.84666666666666,3.6133333333333337,15.693333333333332
8714b98a7839f7e8e139a79e8dbff0ced6b5f68c476d58cfa80c4fee1b02f084,17/08/2020,939.666667,1.6466666666666243,24.506666666666668,8.453333333333333,35.053333333333335,89.46666666666667,4.306666666666668,16.66
8714b98a7839f7e8e139a79e8dbff0ced6b5f68c476d58cfa80c4fee1b02f084,1/09/2020,921.666667,0,25.386666666666667,6.766666666666668,20.726666666666667,67.16,5.093333333333334,20.69333333333333
8714b98a7839f7e8e139a79e8dbff0ced6b5f68c476d58cfa80c4fee1b02f084,16/09/2020,809,0,29.953333333333333,14.44,28.94666666666667,74.65333333333335,6.6,20.933333333333334
8714b98a7839f7e8e139a79e8dbff0ced6b5f68c476d58cfa80c4fee1b02f084,1/10/2020,805.666667,1.9533333333332543,28.780000000000005,14.753333333333334,29.586666666666662,66.04666666666667,6.5600000000000005,20.14666666666667
8714b98a7839f7e8e139a79e8dbff0ced6b5f68c476d58cfa80c4fee1b02f084,16/10/2020,820,0.2666666666666363,31.586666666666662,16.82,27.040000000000003,65.07333333333334,8.2,23.973333333333336
8714b98a7839f7e8e139a79e8dbff0ced6b5f68c476d58cfa80c4fee1b02f084,31/10/2020,696.333333,0.3599999999999757,32.38,15.106666666666667,23.21333333333333,63.03333333333333,8.58,24.34
8714b98a7839f7e8e139a79e8dbff0ced6b5f68c476d58cfa80c4fee1b02f084,15/11/2020,559.666667,0.9133333333333212,35.27333333333333,18.006666666666668,22.586666666666662,57.94666666666667,10.353333333333332,27.54666666666667
8714b98a7839f7e8e139a79e8dbff0ced6b5f68c476d58cfa80c4fee1b02f084,30/11/2020,563,0.02,39.29333333333334,24.386666666666667,20.62666666666667,47.48,11.946666666666667,28.83333333333333
8714b98a7839f7e8e139a79e8dbff0ced6b5f68c476d58cfa80c4fee1b02f084,15/12/2020,498.666667,0.693333333,37.62,23.51333333333333,23.473333333333336,51.8,11.46,26.040000000000003
8714b98a7839f7e8e139a79e8dbff0ced6b5f68c476d58cfa80c4fee1b02f084,30/12/2020,504.333333,1.5066666666665696,34.85333333333334,23.14666666666667,39.49333333333333,74.56666666666666,9.353333333333332,19.773333333333333
8714b98a7839f7e8e139a79e8dbff0ced6b5f68c476d58cfa80c4fee1b02f084,14/01/2021,999.333333,4.513333333333169,33.24,21.486666666666668,44.74,87.92000000000002,8.173333333333334,21.173333333333336
8714b98a7839f7e8e139a79e8dbff0ced6b5f68c476d58cfa80c4fee1b02f084,29/01/2021,1179.666667,0.6866666666666181,37.16666666666666,23.093333333333337,27.16666666666667,60.56666666666668,10.76,25.34
8714b98a7839f7e8e139a79e8dbff0ced6b5f68c476d58cfa80c4fee1b02f084,13/02/2021,920.666667,3.0999999999999392,36.92,23.91333333333333,34.39333333333333,71.98666666666666,9.253333333333334,21.526666666666667
8714b98a7839f7e8e139a79e8dbff0ced6b5f68c476d58cfa80c4fee1b02f084,28/02/2021,762.333333,1.7733333333332666,36.1,21.953333333333337,33.21333333333334,73.96000000000001,9.046666666666669,22.03333333333333
8714b98a7839f7e8e139a79e8dbff0ced6b5f68c476d58cfa80c4fee1b02f084,15/03/2021,806,2.2333333333332424,35,20.94,33.68,72.01333333333334,8.1,21.953333333333333
8714b98a7839f7e8e139a79e8dbff0ced6b5f68c476d58cfa80c4fee1b02f084,30/03/2021,899,3.386666666666588,31.206666666666667,19.28,43.02666666666667,84.77333333333334,6.633333333333334,17.84
8714b98a7839f7e8e139a79e8dbff0ced6b5f68c476d58cfa80c4fee1b02f084,14/04/2021,977,1.426666666666612,30.086666666666662,15.906666666666668,35.833333333333336,82.24666666666667,5.933333333333334,19.066666666666663
8714b98a7839f7e8e139a79e8dbff0ced6b5f68c476d58cfa80c4fee1b02f084,29/04/2021,1013.333333,0.02,28.833333333333336,12.98,27.05333333333333,72.00666666666667,5.906666666666666,17.560000000000002
8714b98a7839f7e8e139a79e8dbff0ced6b5f68c476d58cfa80c4fee1b02f084,14/05/2021,1189.666667,0.026666667,27.62,11.633333333333333,32.093333333333334,85.94666666666667,4.720000000000001,16.766666666666666
8714b98a7839f7e8e139a79e8dbff0ced6b5f68c476d58cfa80c4fee1b02f084,29/05/2021,1125.333333,0,24.473333333333336,8.326666666666666,28.386666666666667,78.88000000000001,4.3133333333333335,15.566666666666666
8714b98a7839f7e8e139a79e8dbff0ced6b5f68c476d58cfa80c4fee1b02f084,13/06/2021,1066.333333,0.193333333,22.646666666666665,6.186666666666667,33.82666666666667,90.48666666666668,3.4133333333333336,13.240000000000002
8714b98a7839f7e8e139a79e8dbff0ced6b5f68c476d58cfa80c4fee1b02f084,28/06/2021,1032.666667,1.166666666666606,21.413333333333338,6.84,39.66,91.74666666666668,3.08,11.473333333333333
8714b98a7839f7e8e139a79e8dbff0ced6b5f68c476d58cfa80c4fee1b02f084,13/07/2021,999.333333,1.2466666666666242,20.980000000000004,6.540000000000001,41.313333333333325,96.98666666666666,2.966666666666667,13.8
8714b98a7839f7e8e139a79e8dbff0ced6b5f68c476d58cfa80c4fee1b02f084,28/07/2021,875.666667,0,23.146666666666665,5.7,30.83333333333333,89.88000000000001,3.48,15.073333333333332
8714b98a7839f7e8e139a79e8dbff0ced6b5f68c476d58cfa80c4fee1b02f084,12/08/2021,830.666667,0.1333333333333333,25.526666666666667,9.033333333333337,30.60666666666667,85.76666666666667,4.36,16.7
8714b98a7839f7e8e139a79e8dbff0ced6b5f68c476d58cfa80c4fee1b02f084,27/08/2021,867.333333,0.1866666666666484,25.64,9.313333333333333,26.566666666666663,74.54,4.713333333333334,18.91333333333333
8714b98a7839f7e8e139a79e8dbff0ced6b5f68c476d58cfa80c4fee1b02f084,11/09/2021,792.333333,0,27.90666666666667,10.666666666666666,26.733333333333334,73.86,5.926666666666667,19.613333333333337
8714b98a7839f7e8e139a79e8dbff0ced6b5f68c476d58cfa80c4fee1b02f084,26/09/2021,792.666667,0,29.58,11.82666666666667,18.86,56.513333333333335,7.213333333333334,23.173333333333336
8714b98a7839f7e8e139a79e8dbff0ced6b5f68c476d58cfa80c4fee1b02f084,11/10/2021,741,0.3133333333332909,31.933333333333334,15.8,27.40666666666667,65.66666666666667,7.906666666666667,21.51333333333333
8714b98a7839f7e8e139a79e8dbff0ced6b5f68c476d58cfa80c4fee1b02f084,26/10/2021,701.333333,0.1266666666666424,34.03333333333334,15.4,20.1,58.760000000000005,9.166666666666666,24.160000000000004
8714b98a7839f7e8e139a79e8dbff0ced6b5f68c476d58cfa80c4fee1b02f084,10/11/2021,624.333333,5.733333333333212,33.64666666666667,21.186666666666667,37.1,75.83333333333333,8.2,21.78666666666667
8714b98a7839f7e8e139a79e8dbff0ced6b5f68c476d58cfa80c4fee1b02f084,25/11/2021,1253,4.526666666666612,29.76,17.28666666666667,37.22666666666667,74.95333333333335,8.073333333333334,23.860000000000003
8714b98a7839f7e8e139a79e8dbff0ced6b5f68c476d58cfa80c4fee1b02f084,10/12/2021,1494.666667,4.653333333333254,32.6,19.42,40.473333333333336,85.34666666666666,8.886666666666667,24.066666666666663
8714b98a7839f7e8e139a79e8dbff0ced6b5f68c476d58cfa80c4fee1b02f084,25/12/2021,1526,0.166666667,36.7,21.05333333333333,29.22,71.88000000000001,10.893333333333336,27.60666666666667
8714b98a7839f7e8e139a79e8dbff0ced6b5f68c476d58cfa80c4fee1b02f084,9/01/2022,1373.666667,0.7933333333332787,38.42,21.860000000000003,27.05333333333333,68.15333333333334,11.293333333333331,26.633333333333336
8714b98a7839f7e8e139a79e8dbff0ced6b5f68c476d58cfa80c4fee1b02f084,24/01/2022,1280.666667,7.319999999999891,37.77333333333333,24.55333333333333,32.63333333333334,67.49333333333334,10.24,21.51333333333333
8714b98a7839f7e8e139a79e8dbff0ced6b5f68c476d58cfa80c4fee1b02f084,8/02/2022,1259.333333,6.353333333333224,33.04666666666667,21.22000000000001,43.14666666666667,83.52666666666667,7.873333333333333,20.17333333333333
8714b98a7839f7e8e139a79e8dbff0ced6b5f68c476d58cfa80c4fee1b02f084,23/02/2022,1822,1.4266666666666423,36.58666666666667,21.500000000000004,30.80666666666667,73.64,9.640000000000002,25.786666666666672
8714b98a7839f7e8e139a79e8dbff0ced6b5f68c476d58cfa80c4fee1b02f084,10/03/2022,1772,0.013333333,37.2,20.60666666666667,26.72000000000001,69.24666666666667,9.553333333333336,23.05333333333333
8714b98a7839f7e8e139a79e8dbff0ced6b5f68c476d58cfa80c4fee1b02f084,25/03/2022,1553.333333,1.7066666666666304,35.38,20.386666666666667,30.76,73.30000000000001,8.293333333333333,22.673333333333336
8714b98a7839f7e8e139a79e8dbff0ced6b5f68c476d58cfa80c4fee1b02f084,9/04/2022,1599,4.239999999999872,32.17333333333333,18.05333333333333,37.78,85.73333333333333,6.466666666666667,19.49333333333333
8714b98a7839f7e8e139a79e8dbff0ced6b5f68c476d58cfa80c4fee1b02f084,24/04/2022,1587,0.04,31.23333333333333,16.986666666666668,34.35333333333334,78.86666666666666,6.1,17.793333333333337
8714b98a7839f7e8e139a79e8dbff0ced6b5f68c476d58cfa80c4fee1b02f084,9/05/2022,1748,5.479999999999866,25.58,16.240000000000002,51.75333333333334,89.6,3.8466666666666662,11.633333333333333
8714b98a7839f7e8e139a79e8dbff0ced6b5f68c476d58cfa80c4fee1b02f084,24/05/2022,2054,3.039999999999933,24.12666666666667,14.946666666666664,57.87333333333334,97.26,3.3,11.12
8714b98a7839f7e8e139a79e8dbff0ced6b5f68c476d58cfa80c4fee1b02f084,8/06/2022,1981.333333,0.3999999999999696,21.566666666666663,9.473333333333334,47.55333333333333,94.02,3.113333333333333,11.133333333333333
8714b98a7839f7e8e139a79e8dbff0ced6b5f68c476d58cfa80c4fee1b02f084,23/06/2022,2124,0,21.34,4.406666666666667,36.96000000000001,98.15333333333336,3.12,14.060000000000002
8714b98a7839f7e8e139a79e8dbff0ced6b5f68c476d58cfa80c4fee1b02f084,8/07/2022,1660.666667,1.6933333333333092,18.96,6.706666666666667,51.24666666666667,98.36,2.613333333333333,11.093333333333335
8714b98a7839f7e8e139a79e8dbff0ced6b5f68c476d58cfa80c4fee1b02f084,23/07/2022,1509.666667,1.2266666666666424,20.21333333333333,3.766666666666667,39.02,98.92000000000002,3.0066666666666664,15.226666666666668
8714b98a7839f7e8e139a79e8dbff0ced6b5f68c476d58cfa80c4fee1b02f084,7/08/2022,1344.666667,0.573333333,23.24666666666667,9.113333333333337,42.34666666666667,97.07333333333332,3.453333333333333,14.793333333333331
8714b98a7839f7e8e139a79e8dbff0ced6b5f68c476d58cfa80c4fee1b02f084,22/08/2022,1352,0.013333333,22.85333333333333,5.293333333333334,31.96,94.01333333333334,4.14,17.413333333333334
8714b98a7839f7e8e139a79e8dbff0ced6b5f68c476d58cfa80c4fee1b02f084,6/09/2022,1474.333333,4.293333333333279,22.813333333333336,9.866666666666667,43.400000000000006,90.74,4.08,17.326666666666668
8714b98a7839f7e8e139a79e8dbff0ced6b5f68c476d58cfa80c4fee1b02f084,21/09/2022,1588.666667,1.8599999999999453,26.09333333333333,11.9,37.42,86.08666666666666,5.48,18.493333333333336
8714b98a7839f7e8e139a79e8dbff0ced6b5f68c476d58cfa80c4fee1b02f084,6/10/2022,1612,0.7999999999999697,27.800000000000004,13.06,36.260000000000005,87.36666666666666,6.213333333333334,20.37333333333333
8714b98a7839f7e8e139a79e8dbff0ced6b5f68c476d58cfa80c4fee1b02f084,21/10/2022,1605,3.346666666666533,28.686666666666667,16.253333333333334,44.940000000000005,91.60666666666668,6.346666666666667,19.186666666666667
8714b98a7839f7e8e139a79e8dbff0ced6b5f68c476d58cfa80c4fee1b02f084,5/11/2022,1713.666667,0.5399999999999939,30.993333333333336,15.080000000000002,28.086666666666662,72.21333333333334,8.426666666666668,24.526666666666667
8714b98a7839f7e8e139a79e8dbff0ced6b5f68c476d58cfa80c4fee1b02f084,20/11/2022,1697.666667,0.5733333333332666,32.46666666666667,17.64,29.613333333333337,70.96000000000001,8.926666666666668,22.73333333333333
8714b98a7839f7e8e139a79e8dbff0ced6b5f68c476d58cfa80c4fee1b02f084,5/12/2022,1680.666667,0.2,32.85333333333333,18.21333333333333,27.25333333333333,64.58666666666667,9.066666666666666,22.62
8714b98a7839f7e8e139a79e8dbff0ced6b5f68c476d58cfa80c4fee1b02f084,20/12/2022,1701.666667,2.119999999999952,35.333333333333336,19.82,25.273333333333333,59.91333333333333,10.686666666666666,26.540000000000003
8714b98a7839f7e8e139a79e8dbff0ced6b5f68c476d58cfa80c4fee1b02f084,4/01/2023,1698.333333,1.6066666666665697,34.64666666666667,21.933333333333334,36.306666666666665,73.61333333333333,9.493333333333334,20.92666666666667
8714b98a7839f7e8e139a79e8dbff0ced6b5f68c476d58cfa80c4fee1b02f084,19/01/2023,1592,5.633333333333242,32.14666666666667,21.000000000000004,47.60666666666667,87.78000000000002,7.626666666666667,21.87333333333333
8714b98a7839f7e8e139a79e8dbff0ced6b5f68c476d58cfa80c4fee1b02f084,3/02/2023,1832,1.8866666666665275,34.84666666666667,22.84,42.553333333333335,84.88666666666668,8.553333333333335,25.466666666666665
8714b98a7839f7e8e139a79e8dbff0ced6b5f68c476d58cfa80c4fee1b02f084,18/02/2023,1805.666667,1.5933333333332789,34.67333333333333,20.36,34.71333333333334,75.08666666666667,8.633333333333333,23.06
8714b98a7839f7e8e139a79e8dbff0ced6b5f68c476d58cfa80c4fee1b02f084,5/03/2023,1569,0.2466666666666242,35.93333333333333,21.433333333333337,31.666666666666668,73.58666666666667,8.853333333333332,22.87333333333333
8714b98a7839f7e8e139a79e8dbff0ced6b5f68c476d58cfa80c4fee1b02f084,20/03/2023,1700.333333,4.059999999999945,32.84666666666667,20.246666666666663,47.39333333333333,92.05333333333334,6.6466666666666665,19.026666666666664
8714b98a7839f7e8e139a79e8dbff0ced6b5f68c476d58cfa80c4fee1b02f084,4/04/2023,1753,0.02,33.16,18.706666666666667,33.94666666666667,79.69333333333334,7.16,20.06666666666667
8714b98a7839f7e8e139a79e8dbff0ced6b5f68c476d58cfa80c4fee1b02f084,19/04/2023,1717,0.2799999999999272,31.973333333333336,13.933333333333335,27.82,78.23333333333335,6.413333333333333,17.94666666666667
8714b98a7839f7e8e139a79e8dbff0ced6b5f68c476d58cfa80c4fee1b02f084,4/05/2023,1541,0.3666666666666363,28.33333333333333,12.82,34.36,86.38666666666667,5.226666666666668,16.693333333333335
8714b98a7839f7e8e139a79e8dbff0ced6b5f68c476d58cfa80c4fee1b02f084,19/05/2023,1569.333333,0,25.24,8.193333333333333,30.40666666666667,87.27333333333334,4.4,16.48
8714b98a7839f7e8e139a79e8dbff0ced6b5f68c476d58cfa80c4fee1b02f084,3/06/2023,1336.333333,0,24.28666666666667,4.406666666666666,25.12,88.11333333333333,4.24,15.713333333333336
8714b98a7839f7e8e139a79e8dbff0ced6b5f68c476d58cfa80c4fee1b02f084,18/06/2023,1445,0.02,25.666666666666668,9.82,34.166666666666664,89.72666666666667,3.546666666666667,14.16
8714b98a7839f7e8e139a79e8dbff0ced6b5f68c476d58cfa80c4fee1b02f084,3/07/2023,1335.666667,0.4399999999999939,23.793333333333337,9.766666666666667,34.61333333333334,74.76666666666667,3.52,12.753333333333334
8714b98a7839f7e8e139a79e8dbff0ced6b5f68c476d58cfa80c4fee1b02f084,18/07/2023,1336.666667,2.2666666666666364,22.453333333333333,7.213333333333335,40.75333333333333,96.73333333333332,3.1333333333333333,14.653333333333334
8714b98a7839f7e8e139a79e8dbff0ced6b5f68c476d58cfa80c4fee1b02f084,2/08/2023,1501.666667,0.006666667,24.62666666666667,8.626666666666667,32.56,88.03333333333335,3.72,16.013333333333335
8714b98a7839f7e8e139a79e8dbff0ced6b5f68c476d58cfa80c4fee1b02f084,17/08/2023,1518,0,27.6,8.666666666666666,25.74,82.42,5,17.913333333333334
8714b98a7839f7e8e139a79e8dbff0ced6b5f68c476d58cfa80c4fee1b02f084,1/09/2023,1426.666667,0,27.780000000000005,8.766666666666667,24.386666666666667,78.94666666666667,5.226666666666668,19.28666666666667
8714b98a7839f7e8e139a79e8dbff0ced6b5f68c476d58cfa80c4fee1b02f084,16/09/2023,1320.666667,0,29.780000000000005,10.966666666666669,19.453333333333333,64.32,7.046666666666666,21.173333333333336
8714b98a7839f7e8e139a79e8dbff0ced6b5f68c476d58cfa80c4fee1b02f084,1/10/2023,1038.666667,0,32.306666666666665,14.586666666666668,23.553333333333335,69.16666666666667,7.64,23
8714b98a7839f7e8e139a79e8dbff0ced6b5f68c476d58cfa80c4fee1b02f084,16/10/2023,973.333333,0,32.22,15.246666666666666,22.5,60.45333333333334,8.493333333333332,24.473333333333336
8714b98a7839f7e8e139a79e8dbff0ced6b5f68c476d58cfa80c4fee1b02f084,31/10/2023,917,0.5066666666666303,34.766666666666666,16.76,17.913333333333334,51.88,9.693333333333332,26.493333333333336
8714b98a7839f7e8e139a79e8dbff0ced6b5f68c476d58cfa80c4fee1b02f084,15/11/2023,875,1.0466666666666546,36.24,20.56666666666667,25.85333333333334,62.09333333333333,10.406666666666666,27.513333333333332
8714b98a7839f7e8e139a79e8dbff0ced6b5f68c476d58cfa80c4fee1b02f084,30/11/2023,990.666667,4.499999999999878,32.553333333333335,20.85333333333333,42.34,80.28666666666668,7.813333333333333,21.05333333333333
8714b98a7839f7e8e139a79e8dbff0ced6b5f68c476d58cfa80c4fee1b02f084,15/12/2023,1014.666667,0.073333333,37.10000000000001,21.706666666666667,29.826666666666668,72.53333333333333,10.92,29.06
8714b98a7839f7e8e139a79e8dbff0ced6b5f68c476d58cfa80c4fee1b02f084,30/12/2023,1061.666667,3.2066666666665395,37.906666666666666,21,28.753333333333337,71.54,11.06,27.71333333333333
8714b98a7839f7e8e139a79e8dbff0ced6b5f68c476d58cfa80c4fee1b02f084,14/01/2024,1130,1.9933333333332184,36.98,23.24,37.81333333333334,81.52666666666667,9.573333333333334,25.973333333333336
8714b98a7839f7e8e139a79e8dbff0ced6b5f68c476d58cfa80c4fee1b02f084,29/01/2024,1124,4.473333333333267,37.78,25.52,39.73333333333333,78.59333333333333,9.66,25.84666666666667
8714b98a7839f7e8e139a79e8dbff0ced6b5f68c476d58cfa80c4fee1b02f084,13/02/2024,1075,2.773333333333267,36.63333333333334,23.780000000000005,39.3,81.16000000000001,8.893333333333334,24.186666666666667
8714b98a7839f7e8e139a79e8dbff0ced6b5f68c476d58cfa80c4fee1b02f084,28/02/2024,1711.333333,3.1466666666666243,33.973333333333336,22.2,46.8,92.02,7.619999999999999,23.66
8714b98a7839f7e8e139a79e8dbff0ced6b5f68c476d58cfa80c4fee1b02f084,14/03/2024,1733.333333,0,35.720000000000006,21.04666666666667,33.50666666666667,78.36,8.493333333333332,24.34
8714b98a7839f7e8e139a79e8dbff0ced6b5f68c476d58cfa80c4fee1b02f084,29/03/2024,1773,6.826666666666612,32.67333333333333,22.093333333333337,48.16666666666666,84.2,6.433333333333334,16.526666666666667
8714b98a7839f7e8e139a79e8dbff0ced6b5f68c476d58cfa80c4fee1b02f084,13/04/2024,2217.333333,6.906666667,28.673333333333336,16.053333333333335,44.68,92.06666666666666,5.466666666666666,19.62
8714b98a7839f7e8e139a79e8dbff0ced6b5f68c476d58cfa80c4fee1b02f084,28/04/2024,2364,0.073333333,28.75333333333333,13.946666666666667,36.77333333333333,89.68666666666668,5.526666666666666,19.06
8714b98a7839f7e8e139a79e8dbff0ced6b5f68c476d58cfa80c4fee1b02f084,13/05/2024,2473.666667,0.5999999999999697,27.84666666666667,13.833333333333334,41.66,95.87333333333336,4.419999999999999,16.313333333333336
8714b98a7839f7e8e139a79e8dbff0ced6b5f68c476d58cfa80c4fee1b02f084,28/05/2024,2581.666667,0,25.69333333333333,8.933333333333335,33.766666666666666,95.1,4.246666666666666,15.493333333333334
8714b98a7839f7e8e139a79e8dbff0ced6b5f68c476d58cfa80c4fee1b02f084,12/06/2024,2085,0.7866666666666485,22.506666666666668,6.453333333333334,40.59333333333334,98.26666666666668,3.22,13.846666666666668
8714b98a7839f7e8e139a79e8dbff0ced6b5f68c476d58cfa80c4fee1b02f084,27/06/2024,2224.666667,0.1399999999999939,23.146666666666665,5.106666666666667,31.72666666666667,93.13333333333334,3.3666666666666663,13.986666666666668
8714b98a7839f7e8e139a79e8dbff0ced6b5f68c476d58cfa80c4fee1b02f084,12/07/2024,1893,0.4066666666665999,23.660000000000004,9.66,46.226666666666674,98.73333333333332,3.019999999999999,13.12
8714b98a7839f7e8e139a79e8dbff0ced6b5f68c476d58cfa80c4fee1b02f084,27/07/2024,1453.333333,0.3533333333333151,21.40666666666667,4.213333333333334,33.733333333333334,95.03333333333332,3.233333333333333,14.886666666666663
8714b98a7839f7e8e139a79e8dbff0ced6b5f68c476d58cfa80c4fee1b02f084,11/08/2024,1349.333333,0.1399999999999636,23.58,6.28,32.833333333333336,89.59333333333333,3.9,15.98
8714b98a7839f7e8e139a79e8dbff0ced6b5f68c476d58cfa80c4fee1b02f084,26/08/2024,1204.666667,0.1066666666666606,29.34666666666667,11.04,32.22666666666667,89.95333333333333,5.086666666666665,18.84
8714b98a7839f7e8e139a79e8dbff0ced6b5f68c476d58cfa80c4fee1b02f084,10/09/2024,1266,0,32.440000000000005,13.273333333333332,24.06,76.69333333333334,6.933333333333334,20.886666666666667
8714b98a7839f7e8e139a79e8dbff0ced6b5f68c476d58cfa80c4fee1b02f084,25/09/2024,1408.666667,0,29.813333333333333,11.806666666666668,19.88,58.21333333333334,7.173333333333334,22.42
8714b98a7839f7e8e139a79e8dbff0ced6b5f68c476d58cfa80c4fee1b02f084,10/10/2024,1343.333333,0.8333333333332728,32.333333333333336,15.12,26.15333333333333,71.98,8.006666666666666,23.613333333333337
8714b98a7839f7e8e139a79e8dbff0ced6b5f68c476d58cfa80c4fee1b02f084,25/10/2024,1472.666667,0,35.22,19.38,25.866666666666667,65.30666666666667,9.12,24.993333333333336
8714b98a7839f7e8e139a79e8dbff0ced6b5f68c476d58cfa80c4fee1b02f084,9/11/2024,1497.333333,0.3133333333332909,37.76,20.60666666666667,20.380000000000003,54.00666666666668,10.913333333333332,26.880000000000003
8714b98a7839f7e8e139a79e8dbff0ced6b5f68c476d58cfa80c4fee1b02f084,24/11/2024,1448.666667,4.9066666666665695,34.52,21.700000000000003,38.10666666666667,77.97333333333334,8.76,23.313333333333333
8714b98a7839f7e8e139a79e8dbff0ced6b5f68c476d58cfa80c4fee1b02f084,9/12/2024,1930.666667,3.0933333333333093,34.42666666666666,23.02,43.83333333333334,82.04666666666667,8.9,25.04666666666667
8714b98a7839f7e8e139a79e8dbff0ced6b5f68c476d58cfa80c4fee1b02f084,24/12/2024,1762,0.4399999999999636,36.620000000000005,22.14,33.96,76.64666666666668,10.5,28.526666666666667
44f7088d1e8d42e054cd25c74d4bafee2059788c5ac8273a41af5d197c187ff8,5/01/2017,1809,1.72,35.660000000000004,24.82,40.72,75.12,8.56,20.14
44f7088d1e8d42e054cd25c74d4bafee2059788c5ac8273a41af5d197c187ff8,20/01/2017,1809,3.3533333333332545,36.50666666666667,24.07333333333333,38.08666666666667,76.22000000000001,9.42,23.540000000000003
44f7088d1e8d42e054cd25c74d4bafee2059788c5ac8273a41af5d197c187ff8,4/02/2017,1595.333333,0.6533333333333151,38.18666666666668,24.813333333333333,35.28666666666667,74.58,10.213333333333331,24.73333333333333
44f7088d1e8d42e054cd25c74d4bafee2059788c5ac8273a41af5d197c187ff8,19/02/2017,1010.666667,0.1,39.59333333333333,24.480000000000004,27.15333333333334,62.833333333333336,10.94,25.226666666666667
44f7088d1e8d42e054cd25c74d4bafee2059788c5ac8273a41af5d197c187ff8,6/03/2017,1030.666667,0.8266666666666121,36.080000000000005,20.82,30.446666666666665,73.78666666666666,8.840000000000002,21.493333333333336
44f7088d1e8d42e054cd25c74d4bafee2059788c5ac8273a41af5d197c187ff8,21/03/2017,1026.666667,0.4466666666665939,36.580000000000005,20.380000000000003,28.96,71.40666666666668,8.653333333333334,20.913333333333338
44f7088d1e8d42e054cd25c74d4bafee2059788c5ac8273a41af5d197c187ff8,5/04/2017,1249,0.02,34.166666666666664,18.76,32,77.66000000000001,7.420000000000001,19.526666666666667
44f7088d1e8d42e054cd25c74d4bafee2059788c5ac8273a41af5d197c187ff8,20/04/2017,1195,0,31.486666666666668,13.993333333333334,26.39333333333333,75.75333333333333,6.553333333333334,20.19333333333333
44f7088d1e8d42e054cd25c74d4bafee2059788c5ac8273a41af5d197c187ff8,5/05/2017,1147.666667,0.06,28.94666666666667,14.166666666666666,31.75333333333333,78.22666666666667,5.406666666666667,16.193333333333335
44f7088d1e8d42e054cd25c74d4bafee2059788c5ac8273a41af5d197c187ff8,20/05/2017,1107,0.3533333333333151,27.273333333333333,11.56,34.28666666666667,85.95333333333335,4.453333333333333,14.46
44f7088d1e8d42e054cd25c74d4bafee2059788c5ac8273a41af5d197c187ff8,4/06/2017,1191,0,26.506666666666668,8.986666666666668,27.78,81.9,4.373333333333333,15.513333333333334
44f7088d1e8d42e054cd25c74d4bafee2059788c5ac8273a41af5d197c187ff8,19/06/2017,1173.666667,0,23.64,5.8133333333333335,30.360000000000003,91.96,3.4533333333333336,14.946666666666667
44f7088d1e8d42e054cd25c74d4bafee2059788c5ac8273a41af5d197c187ff8,4/07/2017,1122.666667,0.2733333333332969,25.1,8.546666666666669,32.980000000000004,88.95333333333333,3.5266666666666664,13.326666666666666
44f7088d1e8d42e054cd25c74d4bafee2059788c5ac8273a41af5d197c187ff8,19/07/2017,1111,0.9199999999999516,24.62,9.966666666666669,37.65333333333333,89.26,3.4,13.213333333333331
44f7088d1e8d42e054cd25c74d4bafee2059788c5ac8273a41af5d197c187ff8,3/08/2017,1065,0,26.39333333333333,6.786666666666667,22.23333333333333,75.6,4.273333333333334,17.206666666666667
44f7088d1e8d42e054cd25c74d4bafee2059788c5ac8273a41af5d197c187ff8,18/08/2017,1053,0,27.96,6.293333333333334,17.733333333333334,69.02,5.373333333333334,19.28666666666667
44f7088d1e8d42e054cd25c74d4bafee2059788c5ac8273a41af5d197c187ff8,2/09/2017,1062,0,25.866666666666667,6.093333333333334,15.353333333333332,54.040000000000006,5.406666666666667,20.993333333333336
44f7088d1e8d42e054cd25c74d4bafee2059788c5ac8273a41af5d197c187ff8,17/09/2017,1054,0,28.15333333333333,8.426666666666668,16.18,56.34666666666667,6.819999999999999,22.64
44f7088d1e8d42e054cd25c74d4bafee2059788c5ac8273a41af5d197c187ff8,2/10/2017,1064,0.093333333,34.70666666666667,15.806666666666668,18.466666666666665,54.086666666666666,8.96,21.793333333333337
44f7088d1e8d42e054cd25c74d4bafee2059788c5ac8273a41af5d197c187ff8,17/10/2017,1021.333333,1.7933333333332484,34.086666666666666,19.886666666666667,34.186666666666675,76.94666666666667,7.953333333333333,20.74
44f7088d1e8d42e054cd25c74d4bafee2059788c5ac8273a41af5d197c187ff8,1/11/2017,1009.666667,1.4666666666665755,32.32,17.006666666666668,30.42,72.84666666666666,8.066666666666666,22.966666666666672
44f7088d1e8d42e054cd25c74d4bafee2059788c5ac8273a41af5d197c187ff8,16/11/2017,1011.666667,0.2799999999999272,33.52666666666667,18.426666666666662,26.35333333333333,62.940000000000005,9.406666666666668,24.313333333333333
44f7088d1e8d42e054cd25c74d4bafee2059788c5ac8273a41af5d197c187ff8,1/12/2017,983.666667,0.5133333333332303,34.35333333333334,20.680000000000003,31.706666666666667,70.54,9.146666666666668,23.000000000000004
44f7088d1e8d42e054cd25c74d4bafee2059788c5ac8273a41af5d197c187ff8,16/12/2017,947.666667,0.7733333333332666,36.35333333333334,20.493333333333336,22.84,55.67333333333333,11.253333333333334,27.38
44f7088d1e8d42e054cd25c74d4bafee2059788c5ac8273a41af5d197c187ff8,31/12/2017,937.333333,0.4399999999999636,40.13333333333334,25.433333333333334,23.953333333333333,54.96666666666668,12.173333333333336,26.300000000000004
44f7088d1e8d42e054cd25c74d4bafee2059788c5ac8273a41af5d197c187ff8,15/01/2018,869.666667,0.04,39.56,25.05333333333333,22.706666666666667,51.31333333333334,11.913333333333332,26.126666666666665
44f7088d1e8d42e054cd25c74d4bafee2059788c5ac8273a41af5d197c187ff8,30/01/2018,805,0.1866666666666484,38.6,24.74666666666667,25.133333333333333,55.38,11.106666666666667,23.94
44f7088d1e8d42e054cd25c74d4bafee2059788c5ac8273a41af5d197c187ff8,14/02/2018,805.666667,1.2533333333333152,37.86666666666667,22.546666666666667,25.88,59.16666666666666,10.666666666666666,23.64
44f7088d1e8d42e054cd25c74d4bafee2059788c5ac8273a41af5d197c187ff8,1/03/2018,802.666667,0.2666666666666363,38.42666666666667,23.633333333333336,30.793333333333337,69.93333333333334,10.02,22.333333333333336
44f7088d1e8d42e054cd25c74d4bafee2059788c5ac8273a41af5d197c187ff8,16/03/2018,899.666667,6.493333333333279,31.053333333333335,20.273333333333333,47.540000000000006,85.51333333333334,6.2733333333333325,16.686666666666667
44f7088d1e8d42e054cd25c74d4bafee2059788c5ac8273a41af5d197c187ff8,31/03/2018,1359.666667,2.139999999999964,33.88,19.933333333333334,37.92,84.87333333333335,7.593333333333334,20.273333333333333
44f7088d1e8d42e054cd25c74d4bafee2059788c5ac8273a41af5d197c187ff8,15/04/2018,1539.666667,0.033333333,32.553333333333335,18.39333333333333,35.29333333333334,81.11333333333333,6.426666666666667,18.80666666666667
44f7088d1e8d42e054cd25c74d4bafee2059788c5ac8273a41af5d197c187ff8,30/04/2018,1392.333333,0,30.813333333333336,14.153333333333334,29.160000000000004,79.24,6.153333333333334,18.64666666666667
44f7088d1e8d42e054cd25c74d4bafee2059788c5ac8273a41af5d197c187ff8,15/05/2018,1262,0,27.206666666666667,10.62,28.84666666666667,81.30000000000001,4.726666666666668,16.580000000000002
44f7088d1e8d42e054cd25c74d4bafee2059788c5ac8273a41af5d197c187ff8,30/05/2018,1261.333333,0,25.37333333333333,8.726666666666667,27.686666666666667,79.11333333333333,4.386666666666668,15.446666666666667
44f7088d1e8d42e054cd25c74d4bafee2059788c5ac8273a41af5d197c187ff8,14/06/2018,1233.666667,0,23.513333333333332,6.613333333333333,28.39333333333333,82.06666666666666,3.5533333333333337,14.4
44f7088d1e8d42e054cd25c74d4bafee2059788c5ac8273a41af5d197c187ff8,29/06/2018,1153.333333,0,22.12,5.633333333333334,31.773333333333333,87.56666666666666,3.273333333333333,13.113333333333337
44f7088d1e8d42e054cd25c74d4bafee2059788c5ac8273a41af5d197c187ff8,14/07/2018,1141.666667,0.013333333,22.83333333333333,6.133333333333334,32.153333333333336,89.16666666666667,3.373333333333334,14.72
44f7088d1e8d42e054cd25c74d4bafee2059788c5ac8273a41af5d197c187ff8,29/07/2018,1056.333333,0.013333333,25.006666666666668,5.320000000000001,21.84,72.94000000000001,3.926666666666667,16.12666666666667
44f7088d1e8d42e054cd25c74d4bafee2059788c5ac8273a41af5d197c187ff8,13/08/2018,1017,0,24.53333333333333,5.546666666666667,21.26,70.78666666666668,4.573333333333334,18.16
44f7088d1e8d42e054cd25c74d4bafee2059788c5ac8273a41af5d197c187ff8,28/08/2018,977.333333,0.013333333,25.2,4.36,18.66,66.82666666666667,4.913333333333333,20.633333333333336
44f7088d1e8d42e054cd25c74d4bafee2059788c5ac8273a41af5d197c187ff8,12/09/2018,942,0,28.113333333333333,10.246666666666668,21.413333333333338,63.18,6.3133333333333335,20.933333333333334
44f7088d1e8d42e054cd25c74d4bafee2059788c5ac8273a41af5d197c187ff8,27/09/2018,976.333333,0,29.90666666666667,12.133333333333333,19.9,59.68,7.180000000000001,23.44
44f7088d1e8d42e054cd25c74d4bafee2059788c5ac8273a41af5d197c187ff8,12/10/2018,953.333333,0,32.8,16.353333333333335,23.52,62.92666666666666,8.366666666666667,22.69333333333333
44f7088d1e8d42e054cd25c74d4bafee2059788c5ac8273a41af5d197c187ff8,27/10/2018,898.666667,2.0133333333332604,35.96666666666667,19.813333333333336,27.773333333333333,70.5,9.166666666666666,23.886666666666667
44f7088d1e8d42e054cd25c74d4bafee2059788c5ac8273a41af5d197c187ff8,11/11/2018,880.333333,0.06,36.373333333333335,21.226666666666667,23.133333333333333,55.26666666666667,10.466666666666669,25.40666666666667
44f7088d1e8d42e054cd25c74d4bafee2059788c5ac8273a41af5d197c187ff8,26/11/2018,813.666667,0.2733333333332969,34.940000000000005,20.21333333333333,26.100000000000005,56.333333333333336,9.906666666666668,25.21333333333333
44f7088d1e8d42e054cd25c74d4bafee2059788c5ac8273a41af5d197c187ff8,11/12/2018,681,0,36.84,20.85333333333333,19.980000000000004,48.63333333333334,11.526666666666667,27.41333333333333
44f7088d1e8d42e054cd25c74d4bafee2059788c5ac8273a41af5d197c187ff8,26/12/2018,605,1.4133333333333211,38.02,23.19333333333333,23.41333333333333,52.92666666666666,11.806666666666668,24.62666666666667
44f7088d1e8d42e054cd25c74d4bafee2059788c5ac8273a41af5d197c187ff8,10/01/2019,617.333333,0.4733333333332969,38.39333333333334,24.926666666666662,25.06,53.81333333333334,11.54,25.90666666666667
44f7088d1e8d42e054cd25c74d4bafee2059788c5ac8273a41af5d197c187ff8,25/01/2019,648,0.046666667,39.88666666666667,25.21333333333333,24.186666666666667,55.38,11.96,26.706666666666667
44f7088d1e8d42e054cd25c74d4bafee2059788c5ac8273a41af5d197c187ff8,9/02/2019,717.333333,0.9533333333332242,34.66,23.84,36.27333333333333,66.46000000000001,8.4,16.56
44f7088d1e8d42e054cd25c74d4bafee2059788c5ac8273a41af5d197c187ff8,24/02/2019,885.666667,0.3533333333332848,38.64,21.686666666666667,18.706666666666667,47.71333333333334,11.393333333333334,26.9
44f7088d1e8d42e054cd25c74d4bafee2059788c5ac8273a41af5d197c187ff8,11/03/2019,897,0.006666667,36.62666666666667,23.093333333333337,28.32,61.58000000000001,9.24,20.613333333333333
44f7088d1e8d42e054cd25c74d4bafee2059788c5ac8273a41af5d197c187ff8,26/03/2019,892.666667,7.846666666666594,36.64,23.246666666666663,34.12666666666667,69.97333333333333,8.353333333333333,20.200000000000003
44f7088d1e8d42e054cd25c74d4bafee2059788c5ac8273a41af5d197c187ff8,10/04/2019,925.666667,8.326666666666581,28.686666666666667,17.44,43.64,81.71333333333334,5.573333333333334,18.366666666666667
44f7088d1e8d42e054cd25c74d4bafee2059788c5ac8273a41af5d197c187ff8,25/04/2019,1356.333333,0.006666667,28.480000000000004,16.3,41.473333333333336,84.19333333333334,5.266666666666667,16.573333333333334
44f7088d1e8d42e054cd25c74d4bafee2059788c5ac8273a41af5d197c187ff8,10/05/2019,1888,0.4733333333332969,25.013333333333332,12.840000000000002,45.04,90.43333333333334,4.166666666666667,15.246666666666668
44f7088d1e8d42e054cd25c74d4bafee2059788c5ac8273a41af5d197c187ff8,25/05/2019,1908.333333,0,25.886666666666667,11.16,39.120000000000005,95.38000000000002,4.073333333333333,14.326666666666666
44f7088d1e8d42e054cd25c74d4bafee2059788c5ac8273a41af5d197c187ff8,9/06/2019,1733,0,20.773333333333333,5.493333333333334,35.120000000000005,90.16666666666669,3.3400000000000007,12.526666666666667
44f7088d1e8d42e054cd25c74d4bafee2059788c5ac8273a41af5d197c187ff8,24/06/2019,1555.333333,0,22.51333333333333,5.826666666666667,32.306666666666665,89.69333333333334,3.3000000000000003,14.6
44f7088d1e8d42e054cd25c74d4bafee2059788c5ac8273a41af5d197c187ff8,9/07/2019,1414.666667,0.2399999999999636,23.48666666666667,10,40.96000000000001,89.82666666666665,3.18,11.2
44f7088d1e8d42e054cd25c74d4bafee2059788c5ac8273a41af5d197c187ff8,24/07/2019,1255,0,22.91333333333333,4.413333333333333,29.65333333333334,91.60666666666668,3.4733333333333336,16.006666666666668
44f7088d1e8d42e054cd25c74d4bafee2059788c5ac8273a41af5d197c187ff8,8/08/2019,1268,0.006666667,25.266666666666666,7.533333333333334,24.686666666666667,75.09333333333333,4.213333333333334,14.613333333333332
44f7088d1e8d42e054cd25c74d4bafee2059788c5ac8273a41af5d197c187ff8,23/08/2019,1232,0,23.74,5.373333333333333,23.35333333333333,76.79333333333334,4.533333333333333,19.2
44f7088d1e8d42e054cd25c74d4bafee2059788c5ac8273a41af5d197c187ff8,7/09/2019,1247,0,28.34,8.833333333333334,18.25333333333333,57.20666666666667,6.166666666666667,21.113333333333337
44f7088d1e8d42e054cd25c74d4bafee2059788c5ac8273a41af5d197c187ff8,22/09/2019,1194.666667,0,29.10666666666667,8.753333333333334,16.87333333333333,57.88666666666666,7.113333333333333,23.25333333333333
44f7088d1e8d42e054cd25c74d4bafee2059788c5ac8273a41af5d197c187ff8,7/10/2019,1165.333333,0,32.35333333333333,15.946666666666667,20.85333333333333,55.933333333333344,8.173333333333334,22.506666666666668
44f7088d1e8d42e054cd25c74d4bafee2059788c5ac8273a41af5d197c187ff8,22/10/2019,1184.666667,0,34.17333333333333,15.346666666666668,13.226666666666668,39.41333333333333,9.7,25.14666666666667
44f7088d1e8d42e054cd25c74d4bafee2059788c5ac8273a41af5d197c187ff8,6/11/2019,1212,4.746666666666564,31.16666666666667,18.540000000000003,31.86666666666667,63.42,8.046666666666669,21.72
44f7088d1e8d42e054cd25c74d4bafee2059788c5ac8273a41af5d197c187ff8,21/11/2019,1220,0,35.44666666666667,16.48,15.226666666666668,46.34,11.066666666666668,29.60666666666667
44f7088d1e8d42e054cd25c74d4bafee2059788c5ac8273a41af5d197c187ff8,6/12/2019,1206.666667,0.2533333333332848,36.86000000000001,20.74,20.52,49.98666666666667,11.113333333333332,26.680000000000003
44f7088d1e8d42e054cd25c74d4bafee2059788c5ac8273a41af5d197c187ff8,21/12/2019,1113.666667,0,40.586666666666666,22.8,14.68,39.34666666666667,13.38,28.87333333333333
44f7088d1e8d42e054cd25c74d4bafee2059788c5ac8273a41af5d197c187ff8,5/01/2020,1091.666667,0.006666667,40.30666666666668,25.25333333333333,21.526666666666664,49.98,12.613333333333337,27.406666666666663
44f7088d1e8d42e054cd25c74d4bafee2059788c5ac8273a41af5d197c187ff8,20/01/2020,1025,1.2333333333332424,38.406666666666666,24.60666666666667,27.48666666666667,60.82000000000001,10.846666666666668,25.160000000000004
44f7088d1e8d42e054cd25c74d4bafee2059788c5ac8273a41af5d197c187ff8,4/02/2020,1114.666667,4.679999999999927,35.09333333333334,24.113333333333337,42.25333333333333,76.93333333333334,8.533333333333333,19.326666666666668
44f7088d1e8d42e054cd25c74d4bafee2059788c5ac8273a41af5d197c187ff8,19/02/2020,1354,2.013333333,37.14,23.10666666666667,35.57333333333334,78.94000000000001,9.386666666666663,24.58
44f7088d1e8d42e054cd25c74d4bafee2059788c5ac8273a41af5d197c187ff8,5/03/2020,1502.666667,10.99999999999988,33.653333333333336,22.826666666666668,45.82666666666667,83.78666666666666,7.4,19.46
44f7088d1e8d42e054cd25c74d4bafee2059788c5ac8273a41af5d197c187ff8,20/03/2020,1554,1.0533333333332848,31.226666666666667,17.726666666666667,39.10666666666667,86.33333333333333,7.266666666666667,22.02
44f7088d1e8d42e054cd25c74d4bafee2059788c5ac8273a41af5d197c187ff8,4/04/2020,1585,0.3199999999999818,33.66666666666667,20.04666666666667,35.906666666666666,79.64666666666668,7.293333333333334,19.633333333333336
44f7088d1e8d42e054cd25c74d4bafee2059788c5ac8273a41af5d197c187ff8,19/04/2020,1545.666667,0,31.386666666666667,15.76666666666667,29.1,74.03333333333335,6.406666666666666,19.57333333333333
44f7088d1e8d42e054cd25c74d4bafee2059788c5ac8273a41af5d197c187ff8,4/05/2020,1404.666667,0.006666667,29.206666666666667,13.1,29.53333333333333,76.22666666666667,5.78,17.913333333333338
44f7088d1e8d42e054cd25c74d4bafee2059788c5ac8273a41af5d197c187ff8,19/05/2020,1415,0,26.793333333333337,11.5,29.44666666666667,75.48666666666668,4.566666666666666,15.886666666666668
44f7088d1e8d42e054cd25c74d4bafee2059788c5ac8273a41af5d197c187ff8,3/06/2020,1389.333333,0.9066666666666304,21.15333333333333,8.073333333333334,42.00666666666668,89.36666666666669,3.386666666666667,12.893333333333334
44f7088d1e8d42e054cd25c74d4bafee2059788c5ac8273a41af5d197c187ff8,18/06/2020,1384,0.193333333,25.026666666666664,8.893333333333334,33.28666666666667,90.23333333333332,3.5133333333333336,14.28
44f7088d1e8d42e054cd25c74d4bafee2059788c5ac8273a41af5d197c187ff8,3/07/2020,1318,0.006666667,23.44666666666667,6.48,33.34,95.82,3.366666666666667,13.913333333333334
44f7088d1e8d42e054cd25c74d4bafee2059788c5ac8273a41af5d197c187ff8,18/07/2020,1426.666667,0,21.74666666666667,4.673333333333333,32.56,94.52666666666669,3.28,14.726666666666668
44f7088d1e8d42e054cd25c74d4bafee2059788c5ac8273a41af5d197c187ff8,2/08/2020,1368.666667,0,23.386666666666667,5.546666666666667,29.32,89.46666666666667,3.606666666666667,15.66
44f7088d1e8d42e054cd25c74d4bafee2059788c5ac8273a41af5d197c187ff8,17/08/2020,1094.333333,1.5999999999999697,24.64,8.5,35.07333333333334,90.04,4.3,16.666666666666668
44f7088d1e8d42e054cd25c74d4bafee2059788c5ac8273a41af5d197c187ff8,1/09/2020,1043,0,25.540000000000003,6.760000000000001,20.96,68.57333333333334,5.066666666666666,20.71333333333333
44f7088d1e8d42e054cd25c74d4bafee2059788c5ac8273a41af5d197c187ff8,16/09/2020,922.333333,0,30.06,14.46,29.2,75.71333333333334,6.586666666666668,20.92666666666667
44f7088d1e8d42e054cd25c74d4bafee2059788c5ac8273a41af5d197c187ff8,1/10/2020,865.666667,1.9266666666665515,28.9,14.8,29.493333333333336,66.25333333333334,6.566666666666666,20.160000000000004
44f7088d1e8d42e054cd25c74d4bafee2059788c5ac8273a41af5d197c187ff8,16/10/2020,835,0.3599999999999454,31.673333333333336,16.853333333333335,27.21333333333333,65.64666666666668,8.18,23.966666666666665
44f7088d1e8d42e054cd25c74d4bafee2059788c5ac8273a41af5d197c187ff8,31/10/2020,725.333333,0.3466666666666242,32.5,15.153333333333334,23.37333333333333,63.70666666666667,8.546666666666669,24.326666666666668
44f7088d1e8d42e054cd25c74d4bafee2059788c5ac8273a41af5d197c187ff8,15/11/2020,519.333333,0.7733333333332969,35.34666666666667,18.066666666666663,22.773333333333333,58.58666666666667,10.3,27.52
44f7088d1e8d42e054cd25c74d4bafee2059788c5ac8273a41af5d197c187ff8,30/11/2020,585.333333,0.026666667,39.35333333333334,24.4,20.72666666666667,47.84666666666667,11.9,28.793333333333337
44f7088d1e8d42e054cd25c74d4bafee2059788c5ac8273a41af5d197c187ff8,15/12/2020,551.333333,0.6866666666666181,37.693333333333335,23.586666666666662,23.56,51.96000000000001,11.493333333333334,25.986666666666668
44f7088d1e8d42e054cd25c74d4bafee2059788c5ac8273a41af5d197c187ff8,30/12/2020,553.666667,1.533333333333212,34.94666666666667,23.26,39.406666666666666,74.32666666666667,9.313333333333334,19.780000000000005
44f7088d1e8d42e054cd25c74d4bafee2059788c5ac8273a41af5d197c187ff8,14/01/2021,793,4.126666666666521,33.32,21.52,44.70000000000001,88.02666666666667,8.206666666666667,21.126666666666665
44f7088d1e8d42e054cd25c74d4bafee2059788c5ac8273a41af5d197c187ff8,29/01/2021,946,0.6266666666666121,37.24666666666666,23.133333333333333,27.26666666666667,60.95333333333334,10.693333333333332,25.32
44f7088d1e8d42e054cd25c74d4bafee2059788c5ac8273a41af5d197c187ff8,13/02/2021,707.333333,2.679999999999897,36.973333333333336,23.966666666666672,34.42666666666666,72.04,9.233333333333333,21.5
44f7088d1e8d42e054cd25c74d4bafee2059788c5ac8273a41af5d197c187ff8,28/02/2021,572,1.6666666666665757,36.14,22.013333333333332,33.4,74.28,9,22.03333333333333
44f7088d1e8d42e054cd25c74d4bafee2059788c5ac8273a41af5d197c187ff8,15/03/2021,574.333333,2.286666666666588,35.059999999999995,21,33.84,72.37333333333335,8.040000000000001,21.966666666666665
44f7088d1e8d42e054cd25c74d4bafee2059788c5ac8273a41af5d197c187ff8,30/03/2021,691,3.319999999999921,31.3,19.313333333333333,43.18,85.28666666666666,6.573333333333334,17.813333333333336
44f7088d1e8d42e054cd25c74d4bafee2059788c5ac8273a41af5d197c187ff8,14/04/2021,771,1.4133333333332605,30.18666666666667,15.933333333333334,35.913333333333334,82.70666666666668,5.953333333333333,19.02
44f7088d1e8d42e054cd25c74d4bafee2059788c5ac8273a41af5d197c187ff8,29/04/2021,794.666667,0.026666667,28.94666666666667,12.973333333333334,27.23333333333333,72.88000000000001,5.8933333333333335,17.506666666666668
44f7088d1e8d42e054cd25c74d4bafee2059788c5ac8273a41af5d197c187ff8,14/05/2021,894,0.033333333,27.733333333333334,11.64,32.21333333333334,86.55333333333334,4.686666666666667,16.793333333333337
44f7088d1e8d42e054cd25c74d4bafee2059788c5ac8273a41af5d197c187ff8,29/05/2021,905,0,24.62,8.3,28.446666666666665,79.83333333333334,4.3133333333333335,15.573333333333332
44f7088d1e8d42e054cd25c74d4bafee2059788c5ac8273a41af5d197c187ff8,13/06/2021,919.666667,0.1533333333333151,22.766666666666666,6.1866666666666665,33.84666666666667,91.21333333333334,3.393333333333333,13.246666666666668
44f7088d1e8d42e054cd25c74d4bafee2059788c5ac8273a41af5d197c187ff8,28/06/2021,913.333333,1.1599999999999455,21.526666666666667,6.886666666666667,39.81333333333334,92.22666666666667,3.086666666666667,11.513333333333334
44f7088d1e8d42e054cd25c74d4bafee2059788c5ac8273a41af5d197c187ff8,13/07/2021,916,1.1999999999999391,21.113333333333333,6.580000000000001,41.36666666666667,97.3,2.986666666666667,13.78
44f7088d1e8d42e054cd25c74d4bafee2059788c5ac8273a41af5d197c187ff8,28/07/2021,830.333333,0,23.30666666666667,5.739999999999999,30.773333333333333,90.2,3.4933333333333336,15.113333333333337
44f7088d1e8d42e054cd25c74d4bafee2059788c5ac8273a41af5d197c187ff8,12/08/2021,773.333333,0.1066666666666606,25.66666666666667,9.066666666666666,30.55333333333333,86.06666666666666,4.36,16.673333333333336
44f7088d1e8d42e054cd25c74d4bafee2059788c5ac8273a41af5d197c187ff8,27/08/2021,798.333333,0.1999999999999696,25.793333333333333,9.32,26.686666666666667,75.32000000000001,4.720000000000001,18.89333333333333
44f7088d1e8d42e054cd25c74d4bafee2059788c5ac8273a41af5d197c187ff8,11/09/2021,694.666667,0,28.05333333333333,10.693333333333332,26.84,74.70000000000002,5.94,19.593333333333337
44f7088d1e8d42e054cd25c74d4bafee2059788c5ac8273a41af5d197c187ff8,26/09/2021,686.333333,0,29.706666666666667,11.82,18.993333333333336,57.220000000000006,7.233333333333334,23.206666666666667
44f7088d1e8d42e054cd25c74d4bafee2059788c5ac8273a41af5d197c187ff8,11/10/2021,618.333333,0.3199999999999515,32.04,15.84,27.546666666666667,66.39333333333335,7.886666666666668,21.540000000000003
44f7088d1e8d42e054cd25c74d4bafee2059788c5ac8273a41af5d197c187ff8,26/10/2021,562.333333,0.1666666666666363,34.166666666666664,15.460000000000004,20.206666666666667,59.34666666666667,9.12,24.173333333333336
44f7088d1e8d42e054cd25c74d4bafee2059788c5ac8273a41af5d197c187ff8,10/11/2021,508.333333,5.473333333333176,33.733333333333334,21.246666666666663,37.07333333333334,75.90666666666668,8.213333333333335,21.76
44f7088d1e8d42e054cd25c74d4bafee2059788c5ac8273a41af5d197c187ff8,25/11/2021,966,4.593333333333279,29.87333333333333,17.380000000000003,37.24666666666667,75.12666666666668,8.013333333333334,23.86666666666667
44f7088d1e8d42e054cd25c74d4bafee2059788c5ac8273a41af5d197c187ff8,10/12/2021,1903.666667,4.866666666666636,32.64666666666667,19.493333333333336,40.68666666666668,85.61333333333333,8.886666666666667,24.05333333333333
44f7088d1e8d42e054cd25c74d4bafee2059788c5ac8273a41af5d197c187ff8,25/12/2021,1829.666667,0.166666667,36.74666666666667,21.046666666666667,29.326666666666664,72.4,10.886666666666668,27.586666666666662
44f7088d1e8d42e054cd25c74d4bafee2059788c5ac8273a41af5d197c187ff8,9/01/2022,1546,0.8533333333332849,38.473333333333336,21.880000000000003,27.326666666666664,68.99333333333334,11.253333333333334,26.600000000000005
44f7088d1e8d42e054cd25c74d4bafee2059788c5ac8273a41af5d197c187ff8,24/01/2022,1359.666667,6.993333333333188,37.82666666666667,24.58,32.720000000000006,67.78666666666668,10.28,21.546666666666667
44f7088d1e8d42e054cd25c74d4bafee2059788c5ac8273a41af5d197c187ff8,8/02/2022,1324.666667,5.899999999999879,33.16,21.3,43.18,83.79333333333334,7.8,20.21333333333333
44f7088d1e8d42e054cd25c74d4bafee2059788c5ac8273a41af5d197c187ff8,23/02/2022,1592.666667,1.3399999999999637,36.64666666666667,21.53333333333333,30.913333333333338,73.96666666666667,9.593333333333334,25.71333333333333
44f7088d1e8d42e054cd25c74d4bafee2059788c5ac8273a41af5d197c187ff8,10/03/2022,1705.666667,0.02,37.3,20.613333333333337,26.933333333333334,70.08,9.546666666666669,23.03333333333333
44f7088d1e8d42e054cd25c74d4bafee2059788c5ac8273a41af5d197c187ff8,25/03/2022,1375,1.913333333333291,35.406666666666666,20.380000000000003,31.026666666666667,74.03999999999999,8.3,22.666666666666668
44f7088d1e8d42e054cd25c74d4bafee2059788c5ac8273a41af5d197c187ff8,9/04/2022,1310.666667,4.246666666666533,32.24666666666667,18.10666666666667,37.973333333333336,86.11333333333333,6.446666666666667,19.480000000000004
44f7088d1e8d42e054cd25c74d4bafee2059788c5ac8273a41af5d197c187ff8,24/04/2022,1251,0.033333333,31.33333333333333,17,34.48666666666667,79.56,6.113333333333333,17.773333333333333
44f7088d1e8d42e054cd25c74d4bafee2059788c5ac8273a41af5d197c187ff8,9/05/2022,1456.666667,5.653333333333194,25.72666666666667,16.28,51.49333333333334,89.66000000000001,3.86,11.633333333333336
44f7088d1e8d42e054cd25c74d4bafee2059788c5ac8273a41af5d197c187ff8,24/05/2022,1697,2.906666667,24.28,15.006666666666666,57.66666666666666,97.26,3.3,11.08
44f7088d1e8d42e054cd25c74d4bafee2059788c5ac8273a41af5d197c187ff8,8/06/2022,1679.333333,0.3199999999999818,21.733333333333334,9.526666666666667,47.33333333333334,93.98666666666666,3.113333333333333,11.193333333333335
44f7088d1e8d42e054cd25c74d4bafee2059788c5ac8273a41af5d197c187ff8,23/06/2022,1784,0,21.51333333333333,4.42,36.806666666666665,98.22,3.1266666666666665,14.046666666666663
44f7088d1e8d42e054cd25c74d4bafee2059788c5ac8273a41af5d197c187ff8,8/07/2022,1701.333333,1.673333333333297,19.093333333333337,6.726666666666668,51.18666666666666,98.5,2.626666666666667,11.1
44f7088d1e8d42e054cd25c74d4bafee2059788c5ac8273a41af5d197c187ff8,23/07/2022,1451,1.1666666666666363,20.346666666666668,3.793333333333334,38.94666666666667,98.96666666666668,3.006666666666667,15.213333333333331
44f7088d1e8d42e054cd25c74d4bafee2059788c5ac8273a41af5d197c187ff8,7/08/2022,1320.666667,0.5333333333332727,23.37333333333333,9.133333333333333,42.32000000000001,97.11333333333332,3.466666666666667,14.806666666666668
44f7088d1e8d42e054cd25c74d4bafee2059788c5ac8273a41af5d197c187ff8,22/08/2022,1391,0.02,23.013333333333332,5.306666666666668,31.89333333333333,94.39333333333336,4.1466666666666665,17.42666666666667
44f7088d1e8d42e054cd25c74d4bafee2059788c5ac8273a41af5d197c187ff8,6/09/2022,1424.333333,4.206666666666631,22.953333333333333,9.913333333333334,43.29333333333334,90.93333333333334,4.08,17.32
44f7088d1e8d42e054cd25c74d4bafee2059788c5ac8273a41af5d197c187ff8,21/09/2022,1525.333333,1.8533333333332849,26.23333333333333,11.966666666666669,37.4,86.40666666666668,5.48,18.51333333333333
44f7088d1e8d42e054cd25c74d4bafee2059788c5ac8273a41af5d197c187ff8,6/10/2022,1568.333333,0.7666666666666363,27.9,13.106666666666667,36.34666666666667,87.72000000000001,6.186666666666667,20.36666666666667
44f7088d1e8d42e054cd25c74d4bafee2059788c5ac8273a41af5d197c187ff8,21/10/2022,1512.666667,3.3599999999998547,28.82,16.313333333333333,44.84,91.75333333333332,6.366666666666666,19.16
44f7088d1e8d42e054cd25c74d4bafee2059788c5ac8273a41af5d197c187ff8,5/11/2022,1582.666667,0.5466666666666545,31.12666666666667,15.133333333333336,28.066666666666663,72.44000000000001,8.426666666666668,24.593333333333337
44f7088d1e8d42e054cd25c74d4bafee2059788c5ac8273a41af5d197c187ff8,20/11/2022,1595,0.566666667,32.6,17.706666666666667,29.506666666666668,70.99333333333334,8.9,22.8
44f7088d1e8d42e054cd25c74d4bafee2059788c5ac8273a41af5d197c187ff8,5/12/2022,1466.666667,0.1999999999998787,32.96,18.273333333333333,27.35333333333334,64.98,9.073333333333332,22.633333333333336
44f7088d1e8d42e054cd25c74d4bafee2059788c5ac8273a41af5d197c187ff8,20/12/2022,1294.333333,1.9133333333332605,35.4,19.886666666666667,25.453333333333333,60.34666666666667,10.713333333333331,26.51333333333333
44f7088d1e8d42e054cd25c74d4bafee2059788c5ac8273a41af5d197c187ff8,4/01/2023,1250,1.4333333333332423,34.72666666666667,21.953333333333333,36.10666666666667,73.42666666666668,9.54,20.973333333333336
44f7088d1e8d42e054cd25c74d4bafee2059788c5ac8273a41af5d197c187ff8,19/01/2023,1224.666667,5.566666666666546,32.20666666666667,21.046666666666667,47.65333333333333,87.86666666666666,7.6,21.633333333333333
44f7088d1e8d42e054cd25c74d4bafee2059788c5ac8273a41af5d197c187ff8,3/02/2023,1678,1.966666666666576,34.9,22.89333333333333,42.68,85.13333333333334,8.54,25.44
44f7088d1e8d42e054cd25c74d4bafee2059788c5ac8273a41af5d197c187ff8,18/02/2023,1628.333333,1.559999999999976,34.78,20.42,34.85333333333334,75.70000000000002,8.653333333333334,23.280000000000005
44f7088d1e8d42e054cd25c74d4bafee2059788c5ac8273a41af5d197c187ff8,5/03/2023,1564.333333,0.2133333333332908,36.00666666666667,21.493333333333336,31.826666666666668,74.03333333333333,8.8,22.660000000000004
44f7088d1e8d42e054cd25c74d4bafee2059788c5ac8273a41af5d197c187ff8,20/03/2023,1732.666667,4.393333333333279,32.94666666666667,20.30666666666667,47.58666666666667,92.5,6.633333333333334,19.21333333333333
44f7088d1e8d42e054cd25c74d4bafee2059788c5ac8273a41af5d197c187ff8,4/04/2023,1741.666667,0.02,33.266666666666666,18.76,34.059999999999995,80.14666666666668,7.1933333333333325,20.42666666666667
44f7088d1e8d42e054cd25c74d4bafee2059788c5ac8273a41af5d197c187ff8,19/04/2023,1635,0.2133333333332908,32.12666666666667,13.986666666666668,27.926666666666662,78.88666666666667,6.459999999999999,18.32
44f7088d1e8d42e054cd25c74d4bafee2059788c5ac8273a41af5d197c187ff8,4/05/2023,1508.666667,0.3133333333333212,28.46,12.806666666666668,34.36000000000001,87.14000000000001,5.226666666666668,16.78
44f7088d1e8d42e054cd25c74d4bafee2059788c5ac8273a41af5d197c187ff8,19/05/2023,1357.666667,0,25.37333333333333,8.193333333333333,30.513333333333332,87.96666666666667,4.386666666666667,16.580000000000002
44f7088d1e8d42e054cd25c74d4bafee2059788c5ac8273a41af5d197c187ff8,3/06/2023,1120.333333,0,24.40666666666667,4.413333333333333,25.22,88.62666666666668,4.206666666666667,15.76
44f7088d1e8d42e054cd25c74d4bafee2059788c5ac8273a41af5d197c187ff8,18/06/2023,1189.666667,0.033333333,25.806666666666665,9.86,34.13333333333333,90.09333333333332,3.54,14.16
44f7088d1e8d42e054cd25c74d4bafee2059788c5ac8273a41af5d197c187ff8,3/07/2023,1155.666667,0.393333333,23.966666666666672,9.786666666666669,34.49333333333334,75.20666666666666,3.5133333333333336,12.753333333333334
44f7088d1e8d42e054cd25c74d4bafee2059788c5ac8273a41af5d197c187ff8,18/07/2023,1087.666667,2.2266666666666426,22.60666666666667,7.2266666666666675,40.513333333333335,96.82,3.146666666666667,14.62
44f7088d1e8d42e054cd25c74d4bafee2059788c5ac8273a41af5d197c187ff8,2/08/2023,1187.666667,0.006666667,24.75333333333333,8.613333333333333,32.44666666666667,88.36666666666669,3.7266666666666666,15.966666666666669
44f7088d1e8d42e054cd25c74d4bafee2059788c5ac8273a41af5d197c187ff8,17/08/2023,1185.333333,0,27.73333333333333,8.666666666666666,25.686666666666667,82.76666666666667,4.986666666666667,17.886666666666667
44f7088d1e8d42e054cd25c74d4bafee2059788c5ac8273a41af5d197c187ff8,1/09/2023,1167,0,27.89333333333333,8.780000000000001,24.65333333333333,80.34666666666666,5.22,19.293333333333337
44f7088d1e8d42e054cd25c74d4bafee2059788c5ac8273a41af5d197c187ff8,16/09/2023,1157.666667,0,29.87333333333333,10.986666666666668,19.780000000000005,65.60000000000001,7.040000000000001,21.23333333333333
44f7088d1e8d42e054cd25c74d4bafee2059788c5ac8273a41af5d197c187ff8,1/10/2023,972.333333,0,32.38,14.533333333333331,23.71333333333333,70,7.646666666666666,23.173333333333336
44f7088d1e8d42e054cd25c74d4bafee2059788c5ac8273a41af5d197c187ff8,16/10/2023,911.666667,0,32.32,15.28,22.66,61.07333333333334,8.44,24.386666666666667
44f7088d1e8d42e054cd25c74d4bafee2059788c5ac8273a41af5d197c187ff8,31/10/2023,829.666667,0.433333333,34.84666666666667,16.8,18.03333333333333,52.3,9.706666666666669,26.673333333333336
44f7088d1e8d42e054cd25c74d4bafee2059788c5ac8273a41af5d197c187ff8,15/11/2023,821,1.1266666666666425,36.24666666666667,20.62,25.993333333333336,62.25333333333333,10.373333333333331,27.686666666666667
44f7088d1e8d42e054cd25c74d4bafee2059788c5ac8273a41af5d197c187ff8,30/11/2023,706.666667,4.459999999999854,32.580000000000005,20.90666666666667,42.28,80.01333333333334,7.786666666666666,20.973333333333336
44f7088d1e8d42e054cd25c74d4bafee2059788c5ac8273a41af5d197c187ff8,15/12/2023,793,0.08,37.14666666666667,21.74,29.90666666666667,72.79333333333334,10.92,29.05333333333333
44f7088d1e8d42e054cd25c74d4bafee2059788c5ac8273a41af5d197c187ff8,30/12/2023,758.666667,3.1799999999999278,37.96,21.046666666666667,28.933333333333334,72.14666666666668,11.1,28.006666666666668
44f7088d1e8d42e054cd25c74d4bafee2059788c5ac8273a41af5d197c187ff8,14/01/2024,727,2.053333333333194,37.06000000000001,23.293333333333337,37.79333333333334,81.60000000000001,9.566666666666666,25.880000000000003
44f7088d1e8d42e054cd25c74d4bafee2059788c5ac8273a41af5d197c187ff8,29/01/2024,780.666667,3.926666666666582,37.85333333333334,25.546666666666667,39.766666666666666,78.84666666666666,9.593333333333334,25.35333333333333
44f7088d1e8d42e054cd25c74d4bafee2059788c5ac8273a41af5d197c187ff8,13/02/2024,932.333333,2.759999999999915,36.693333333333335,23.780000000000005,39.35333333333334,81.5,8.806666666666667,23.613333333333333
44f7088d1e8d42e054cd25c74d4bafee2059788c5ac8273a41af5d197c187ff8,28/02/2024,1341.666667,3.1266666666665817,34.040000000000006,22.22,46.84666666666667,92.31333333333332,7.566666666666666,23.24
44f7088d1e8d42e054cd25c74d4bafee2059788c5ac8273a41af5d197c187ff8,14/03/2024,1531.333333,0,35.79333333333333,21.040000000000003,33.53333333333333,78.76666666666667,8.473333333333334,24.36666666666667
44f7088d1e8d42e054cd25c74d4bafee2059788c5ac8273a41af5d197c187ff8,29/03/2024,1550.333333,6.826666666666612,32.76,22.133333333333333,48.11333333333333,84.33999999999999,6.406666666666667,16.500000000000004
44f7088d1e8d42e054cd25c74d4bafee2059788c5ac8273a41af5d197c187ff8,13/04/2024,1667.333333,6.899999999999969,28.780000000000005,16.12666666666667,44.66666666666667,92.08666666666667,5.446666666666667,19.466666666666665
44f7088d1e8d42e054cd25c74d4bafee2059788c5ac8273a41af5d197c187ff8,28/04/2024,1729.333333,0.1066666666666606,28.87333333333333,13.946666666666664,36.86666666666667,90.31333333333336,5.52,18.946666666666665
44f7088d1e8d42e054cd25c74d4bafee2059788c5ac8273a41af5d197c187ff8,13/05/2024,1763.333333,0.5799999999999575,27.966666666666665,13.840000000000002,41.66666666666666,96.28666666666666,4.406666666666666,16.366666666666667
44f7088d1e8d42e054cd25c74d4bafee2059788c5ac8273a41af5d197c187ff8,28/05/2024,1836.666667,0,25.8,8.9,33.84666666666667,95.62666666666668,4.246666666666667,15.72
44f7088d1e8d42e054cd25c74d4bafee2059788c5ac8273a41af5d197c187ff8,12/06/2024,1719,0.7799999999999879,22.620000000000005,6.493333333333334,40.580000000000005,98.26,3.2133333333333334,13.92
44f7088d1e8d42e054cd25c74d4bafee2059788c5ac8273a41af5d197c187ff8,27/06/2024,1950.666667,0.1199999999999818,23.28,5.1,31.700000000000003,93.62000000000002,3.3666666666666667,14.08
44f7088d1e8d42e054cd25c74d4bafee2059788c5ac8273a41af5d197c187ff8,12/07/2024,1711.333333,0.4199999999999514,23.80666666666667,9.673333333333334,46.08666666666667,98.86666666666666,3.04,13.140000000000002
44f7088d1e8d42e054cd25c74d4bafee2059788c5ac8273a41af5d197c187ff8,27/07/2024,1315.666667,0.3066666666666606,21.56666666666667,4.220000000000001,33.7,95.4,3.26,14.913333333333334
44f7088d1e8d42e054cd25c74d4bafee2059788c5ac8273a41af5d197c187ff8,11/08/2024,1240.333333,0.1466666666666242,23.72,6.286666666666667,32.760000000000005,90.1,3.9,15.866666666666667
44f7088d1e8d42e054cd25c74d4bafee2059788c5ac8273a41af5d197c187ff8,26/08/2024,1154.666667,0.1533333333333151,29.473333333333336,11.093333333333334,32.31333333333334,90.38,5.08,18.68
44f7088d1e8d42e054cd25c74d4bafee2059788c5ac8273a41af5d197c187ff8,10/09/2024,1087.666667,0,32.57333333333334,13.28,24.173333333333336,77.59333333333333,6.933333333333334,20.793333333333337
44f7088d1e8d42e054cd25c74d4bafee2059788c5ac8273a41af5d197c187ff8,25/09/2024,1070.333333,0,29.92,11.833333333333334,20.03333333333333,59.04666666666667,7.1466666666666665,22.34
44f7088d1e8d42e054cd25c74d4bafee2059788c5ac8273a41af5d197c187ff8,10/10/2024,1032.666667,0.9066666666666304,32.440000000000005,15.133333333333333,26.25333333333333,72.54666666666667,7.96,23.480000000000004
44f7088d1e8d42e054cd25c74d4bafee2059788c5ac8273a41af5d197c187ff8,25/10/2024,1072,0,35.266666666666666,19.37333333333333,25.993333333333336,65.78666666666668,9.073333333333332,24.85333333333333
44f7088d1e8d42e054cd25c74d4bafee2059788c5ac8273a41af5d197c187ff8,9/11/2024,1014,0.3599999999999757,37.82666666666668,20.613333333333333,20.526666666666667,54.56,10.853333333333332,26.866666666666667
44f7088d1e8d42e054cd25c74d4bafee2059788c5ac8273a41af5d197c187ff8,24/11/2024,956.333333,4.986666666666527,34.54,21.74,38.306666666666665,78.36666666666666,8.633333333333333,22.92666666666667
44f7088d1e8d42e054cd25c74d4bafee2059788c5ac8273a41af5d197c187ff8,9/12/2024,1423.333333,2.986666666666618,34.513333333333335,23.06666666666667,43.833333333333336,82.22666666666667,8.946666666666667,25.366666666666667
44f7088d1e8d42e054cd25c74d4bafee2059788c5ac8273a41af5d197c187ff8,24/12/2024,1340.333333,0.3933333333332787,36.64,22.186666666666667,34.153333333333336,76.92,10.473333333333333,28.30666666666667
ad87a9f82ee7fb99ddfd4f63e8065925e8411b9e904cd6d4729de5cdee217fa8,5/01/2017,1207,1.8799999999999275,35.7,24.82,40.5,74.9,8.680000000000001,20.22
ad87a9f82ee7fb99ddfd4f63e8065925e8411b9e904cd6d4729de5cdee217fa8,20/01/2017,1207,3.3333333333332726,36.553333333333335,24.08,37.940000000000005,76.14000000000001,9.453333333333337,23.58
ad87a9f82ee7fb99ddfd4f63e8065925e8411b9e904cd6d4729de5cdee217fa8,4/02/2017,1237,0.6066666666666303,38.220000000000006,24.85333333333333,35.21333333333334,74.38666666666667,10.22,24.72666666666667
ad87a9f82ee7fb99ddfd4f63e8065925e8411b9e904cd6d4729de5cdee217fa8,19/02/2017,1257.666667,0.06,39.57333333333334,24.473333333333336,27.07333333333333,62.626666666666665,10.98,25.246666666666663
ad87a9f82ee7fb99ddfd4f63e8065925e8411b9e904cd6d4729de5cdee217fa8,6/03/2017,1280.666667,0.8266666666666121,36.06,20.773333333333333,30.34,73.67333333333333,8.88,21.553333333333335
ad87a9f82ee7fb99ddfd4f63e8065925e8411b9e904cd6d4729de5cdee217fa8,21/03/2017,1286,0.4199999999999514,36.50666666666667,20.326666666666668,28.986666666666668,71.47333333333333,8.653333333333334,20.926666666666662
ad87a9f82ee7fb99ddfd4f63e8065925e8411b9e904cd6d4729de5cdee217fa8,5/04/2017,1443,0.02,34.126666666666665,18.72666666666667,32.03333333333333,77.71333333333334,7.453333333333334,19.513333333333332
ad87a9f82ee7fb99ddfd4f63e8065925e8411b9e904cd6d4729de5cdee217fa8,20/04/2017,1363,0,31.46,13.973333333333334,26.366666666666667,75.63333333333334,6.54,20.166666666666668
ad87a9f82ee7fb99ddfd4f63e8065925e8411b9e904cd6d4729de5cdee217fa8,5/05/2017,1278,0.08,28.87333333333333,14.12,31.813333333333336,78.26666666666668,5.386666666666667,16.16
ad87a9f82ee7fb99ddfd4f63e8065925e8411b9e904cd6d4729de5cdee217fa8,20/05/2017,1188,0.4199999999999818,27.206666666666667,11.513333333333334,34.34666666666667,86.02,4.453333333333334,14.426666666666668
ad87a9f82ee7fb99ddfd4f63e8065925e8411b9e904cd6d4729de5cdee217fa8,4/06/2017,1294,0,26.413333333333338,8.9,27.973333333333336,82.44000000000001,4.36,15.486666666666668
ad87a9f82ee7fb99ddfd4f63e8065925e8411b9e904cd6d4729de5cdee217fa8,19/06/2017,1262,0,23.566666666666663,5.753333333333333,30.433333333333334,92.33333333333331,3.44,14.906666666666668
ad87a9f82ee7fb99ddfd4f63e8065925e8411b9e904cd6d4729de5cdee217fa8,4/07/2017,1174.333333,0.2999999999999697,25.026666666666667,8.506666666666668,33.040000000000006,89.02666666666667,3.54,13.306666666666668
ad87a9f82ee7fb99ddfd4f63e8065925e8411b9e904cd6d4729de5cdee217fa8,19/07/2017,1149.666667,0.906666667,24.526666666666667,9.866666666666667,37.70666666666667,89.43333333333334,3.3800000000000003,13.186666666666667
ad87a9f82ee7fb99ddfd4f63e8065925e8411b9e904cd6d4729de5cdee217fa8,3/08/2017,1091,0,26.35333333333333,6.733333333333334,22.246666666666663,75.71333333333334,4.266666666666667,17.173333333333336
ad87a9f82ee7fb99ddfd4f63e8065925e8411b9e904cd6d4729de5cdee217fa8,18/08/2017,1080,0,27.89333333333333,6.266666666666667,17.813333333333333,69.15333333333334,5.36,19.26
ad87a9f82ee7fb99ddfd4f63e8065925e8411b9e904cd6d4729de5cdee217fa8,2/09/2017,1066.666667,0,25.78,5.986666666666666,15.393333333333334,54.28,5.3933333333333335,20.98
ad87a9f82ee7fb99ddfd4f63e8065925e8411b9e904cd6d4729de5cdee217fa8,17/09/2017,1043,0,28.066666666666663,8.360000000000001,16.173333333333336,56.29333333333334,6.8,22.613333333333337
ad87a9f82ee7fb99ddfd4f63e8065925e8411b9e904cd6d4729de5cdee217fa8,2/10/2017,1059,0.1,34.64,15.773333333333335,18.526666666666667,53.98666666666667,8.946666666666667,21.75333333333333
ad87a9f82ee7fb99ddfd4f63e8065925e8411b9e904cd6d4729de5cdee217fa8,17/10/2017,1044.333333,1.7666666666665758,34.00666666666667,19.84666666666667,34.306666666666665,77.03999999999999,7.946666666666667,20.72666666666667
ad87a9f82ee7fb99ddfd4f63e8065925e8411b9e904cd6d4729de5cdee217fa8,1/11/2017,1000.333333,1.359999999999915,32.28666666666667,16.933333333333334,30.33333333333333,72.78666666666668,8.066666666666666,22.94
ad87a9f82ee7fb99ddfd4f63e8065925e8411b9e904cd6d4729de5cdee217fa8,16/11/2017,940.333333,0.3266666666666424,33.48666666666667,18.366666666666667,26.253333333333337,62.69333333333334,9.44,24.3
ad87a9f82ee7fb99ddfd4f63e8065925e8411b9e904cd6d4729de5cdee217fa8,1/12/2017,913.666667,0.6066666666665393,34.32,20.660000000000004,31.71333333333333,70.50666666666666,9.226666666666668,22.986666666666668
ad87a9f82ee7fb99ddfd4f63e8065925e8411b9e904cd6d4729de5cdee217fa8,16/12/2017,835.666667,0.8266666666666425,36.31333333333334,20.453333333333333,22.82,55.620000000000005,11.266666666666667,27.4
ad87a9f82ee7fb99ddfd4f63e8065925e8411b9e904cd6d4729de5cdee217fa8,31/12/2017,788.333333,0.373333333,40.120000000000005,25.446666666666665,23.92666666666667,54.82,12.12,26.346666666666668
ad87a9f82ee7fb99ddfd4f63e8065925e8411b9e904cd6d4729de5cdee217fa8,15/01/2018,711,0.02,39.52666666666667,25.03333333333334,22.673333333333336,51.193333333333335,11.893333333333334,26.166666666666668
ad87a9f82ee7fb99ddfd4f63e8065925e8411b9e904cd6d4729de5cdee217fa8,30/01/2018,683.333333,0.1399999999999939,38.60666666666667,24.74,25.013333333333332,55.13333333333333,11.16,23.986666666666668
ad87a9f82ee7fb99ddfd4f63e8065925e8411b9e904cd6d4729de5cdee217fa8,14/02/2018,532,1.1866666666666486,37.81333333333334,22.506666666666668,25.9,59.14000000000001,10.660000000000002,23.613333333333333
ad87a9f82ee7fb99ddfd4f63e8065925e8411b9e904cd6d4729de5cdee217fa8,1/03/2018,526.333333,0.3266666666666121,38.4,23.60666666666667,30.666666666666668,69.7,10.04,22.34
ad87a9f82ee7fb99ddfd4f63e8065925e8411b9e904cd6d4729de5cdee217fa8,16/03/2018,693.333333,6.3733333333332665,31.040000000000003,20.233333333333334,47.52666666666666,85.56666666666668,6.3,16.693333333333335
ad87a9f82ee7fb99ddfd4f63e8065925e8411b9e904cd6d4729de5cdee217fa8,31/03/2018,1212.666667,2.2466666666666244,33.88666666666667,19.926666666666662,37.74,84.46666666666667,7.606666666666667,20.32
ad87a9f82ee7fb99ddfd4f63e8065925e8411b9e904cd6d4729de5cdee217fa8,15/04/2018,1508.666667,0.013333333,32.54,18.34666666666667,35.153333333333336,80.96666666666667,6.413333333333333,18.84
ad87a9f82ee7fb99ddfd4f63e8065925e8411b9e904cd6d4729de5cdee217fa8,30/04/2018,1250.333333,0,30.74,14.086666666666668,29.33333333333333,79.72000000000001,6.133333333333335,18.62
ad87a9f82ee7fb99ddfd4f63e8065925e8411b9e904cd6d4729de5cdee217fa8,15/05/2018,1187,0,27.14,10.54,28.933333333333337,81.62000000000002,4.739999999999999,16.573333333333334
ad87a9f82ee7fb99ddfd4f63e8065925e8411b9e904cd6d4729de5cdee217fa8,30/05/2018,1254.666667,0,25.32,8.639999999999999,27.65333333333333,79.08666666666667,4.386666666666667,15.42
ad87a9f82ee7fb99ddfd4f63e8065925e8411b9e904cd6d4729de5cdee217fa8,14/06/2018,1274.333333,0,23.46,6.546666666666668,28.35333333333333,82.24666666666667,3.546666666666667,14.353333333333332
ad87a9f82ee7fb99ddfd4f63e8065925e8411b9e904cd6d4729de5cdee217fa8,29/06/2018,1251.333333,0,22.026666666666664,5.5600000000000005,31.85333333333333,87.72666666666667,3.26,13.106666666666666
ad87a9f82ee7fb99ddfd4f63e8065925e8411b9e904cd6d4729de5cdee217fa8,14/07/2018,1221.333333,0.026666667,22.74,6.06,32.26666666666667,89.46666666666667,3.3466666666666667,14.693333333333335
ad87a9f82ee7fb99ddfd4f63e8065925e8411b9e904cd6d4729de5cdee217fa8,29/07/2018,1076,0.02,24.94,5.293333333333334,21.75333333333333,72.44666666666667,3.926666666666667,16.093333333333337
ad87a9f82ee7fb99ddfd4f63e8065925e8411b9e904cd6d4729de5cdee217fa8,13/08/2018,1006.666667,0,24.453333333333333,5.486666666666667,21.326666666666668,70.92000000000002,4.566666666666666,18.15333333333333
ad87a9f82ee7fb99ddfd4f63e8065925e8411b9e904cd6d4729de5cdee217fa8,28/08/2018,938,0.02,25.14666666666667,4.319999999999999,18.80666666666667,67.18,4.920000000000001,20.60666666666667
ad87a9f82ee7fb99ddfd4f63e8065925e8411b9e904cd6d4729de5cdee217fa8,12/09/2018,878,0,28.04666666666667,10.193333333333332,21.453333333333337,63.24,6.2733333333333325,20.913333333333338
ad87a9f82ee7fb99ddfd4f63e8065925e8411b9e904cd6d4729de5cdee217fa8,27/09/2018,900.666667,0,29.86,12.026666666666667,19.78666666666667,59.56666666666668,7.166666666666667,23.42
ad87a9f82ee7fb99ddfd4f63e8065925e8411b9e904cd6d4729de5cdee217fa8,12/10/2018,825.333333,0,32.74,16.28,23.526666666666667,63.05333333333333,8.333333333333334,22.673333333333336
ad87a9f82ee7fb99ddfd4f63e8065925e8411b9e904cd6d4729de5cdee217fa8,27/10/2018,701.333333,2.033333333333273,35.93333333333333,19.74,27.7,70.53999999999999,9.146666666666668,23.87333333333333
ad87a9f82ee7fb99ddfd4f63e8065925e8411b9e904cd6d4729de5cdee217fa8,11/11/2018,639.666667,0.06,36.333333333333336,21.173333333333336,23.12,55.28,10.466666666666669,25.426666666666662
ad87a9f82ee7fb99ddfd4f63e8065925e8411b9e904cd6d4729de5cdee217fa8,26/11/2018,615,0.2133333333332908,34.9,20.16666666666667,26.093333333333337,56.36666666666667,9.94,25.22666666666667
ad87a9f82ee7fb99ddfd4f63e8065925e8411b9e904cd6d4729de5cdee217fa8,11/12/2018,656.333333,0,36.77333333333333,20.813333333333333,19.99333333333333,48.58666666666667,11.513333333333334,27.453333333333333
ad87a9f82ee7fb99ddfd4f63e8065925e8411b9e904cd6d4729de5cdee217fa8,26/12/2018,684,1.626666666666612,37.98,23.133333333333336,23.4,53,11.806666666666668,24.686666666666667
ad87a9f82ee7fb99ddfd4f63e8065925e8411b9e904cd6d4729de5cdee217fa8,10/01/2019,669,0.5066666666666303,38.40666666666667,24.92,24.973333333333336,53.726666666666674,11.580000000000002,25.933333333333337
ad87a9f82ee7fb99ddfd4f63e8065925e8411b9e904cd6d4729de5cdee217fa8,25/01/2019,630,0.026666667,39.9,25.246666666666663,24.09333333333333,55.11333333333334,12.006666666666668,26.69333333333333
ad87a9f82ee7fb99ddfd4f63e8065925e8411b9e904cd6d4729de5cdee217fa8,9/02/2019,577.666667,0.8799999999999273,34.68,23.84666666666667,36.1,66.20666666666666,8.453333333333335,16.653333333333332
ad87a9f82ee7fb99ddfd4f63e8065925e8411b9e904cd6d4729de5cdee217fa8,24/02/2019,638,0.2799999999999575,38.6,21.62,18.55333333333333,47.45333333333334,11.42,26.933333333333334
ad87a9f82ee7fb99ddfd4f63e8065925e8411b9e904cd6d4729de5cdee217fa8,11/03/2019,656.666667,0.006666667,36.62,23.07333333333333,28.180000000000003,61.3,9.266666666666667,20.633333333333333
ad87a9f82ee7fb99ddfd4f63e8065925e8411b9e904cd6d4729de5cdee217fa8,26/03/2019,649.333333,8.586666666666588,36.59333333333334,23.186666666666667,34,69.68,8.42,20.19333333333333
ad87a9f82ee7fb99ddfd4f63e8065925e8411b9e904cd6d4729de5cdee217fa8,10/04/2019,958,8.279999999999927,28.64,17.40666666666667,43.53333333333333,81.42666666666668,5.540000000000001,18.37333333333333
ad87a9f82ee7fb99ddfd4f63e8065925e8411b9e904cd6d4729de5cdee217fa8,25/04/2019,1485,0.013333333,28.46,16.26,41.34666666666667,84.00666666666667,5.28,16.566666666666666
ad87a9f82ee7fb99ddfd4f63e8065925e8411b9e904cd6d4729de5cdee217fa8,10/05/2019,1873.333333,0.5466666666666242,24.96,12.773333333333332,45.08666666666667,90.54666666666668,4.16,15.246666666666668
ad87a9f82ee7fb99ddfd4f63e8065925e8411b9e904cd6d4729de5cdee217fa8,25/05/2019,1928,0,25.826666666666668,11.093333333333334,39.18,95.45333333333332,4.093333333333334,14.3
ad87a9f82ee7fb99ddfd4f63e8065925e8411b9e904cd6d4729de5cdee217fa8,9/06/2019,1810.333333,0,20.69333333333333,5.406666666666667,35.24666666666667,90.47333333333334,3.333333333333333,12.486666666666668
ad87a9f82ee7fb99ddfd4f63e8065925e8411b9e904cd6d4729de5cdee217fa8,24/06/2019,1684,0,22.44,5.733333333333333,32.36666666666667,89.99333333333334,3.273333333333333,14.560000000000002
ad87a9f82ee7fb99ddfd4f63e8065925e8411b9e904cd6d4729de5cdee217fa8,9/07/2019,1606,0.2999999999999697,23.44,9.926666666666668,40.89333333333334,89.88666666666667,3.1600000000000006,11.18
ad87a9f82ee7fb99ddfd4f63e8065925e8411b9e904cd6d4729de5cdee217fa8,24/07/2019,1350,0,22.813333333333333,4.326666666666667,29.706666666666667,91.73333333333332,3.4466666666666668,15.96
ad87a9f82ee7fb99ddfd4f63e8065925e8411b9e904cd6d4729de5cdee217fa8,8/08/2019,1320.666667,0.006666667,25.22666666666667,7.46,24.64666666666667,75.17333333333335,4.206666666666667,14.593333333333335
ad87a9f82ee7fb99ddfd4f63e8065925e8411b9e904cd6d4729de5cdee217fa8,23/08/2019,1282,0,23.666666666666668,5.320000000000001,23.473333333333336,77.24000000000001,4.5200000000000005,19.180000000000003
ad87a9f82ee7fb99ddfd4f63e8065925e8411b9e904cd6d4729de5cdee217fa8,7/09/2019,1255,0,28.280000000000005,8.753333333333334,18.24666666666667,57.32666666666667,6.153333333333333,21.07333333333333
ad87a9f82ee7fb99ddfd4f63e8065925e8411b9e904cd6d4729de5cdee217fa8,22/09/2019,1207.333333,0,29.040000000000003,8.713333333333335,16.84,57.78,7.086666666666668,23.21333333333333
ad87a9f82ee7fb99ddfd4f63e8065925e8411b9e904cd6d4729de5cdee217fa8,7/10/2019,1136.333333,0,32.29333333333333,15.866666666666667,20.94666666666667,56.400000000000006,8.146666666666667,22.493333333333336
ad87a9f82ee7fb99ddfd4f63e8065925e8411b9e904cd6d4729de5cdee217fa8,22/10/2019,1091.666667,0,34.1,15.253333333333334,13.273333333333335,39.62,9.693333333333332,25.166666666666668
ad87a9f82ee7fb99ddfd4f63e8065925e8411b9e904cd6d4729de5cdee217fa8,6/11/2019,1089.333333,4.433333333333242,31.126666666666665,18.493333333333336,31.833333333333336,63.44666666666667,8.013333333333334,21.72
ad87a9f82ee7fb99ddfd4f63e8065925e8411b9e904cd6d4729de5cdee217fa8,21/11/2019,958,0,35.406666666666666,16.393333333333334,15.213333333333336,46.47333333333334,11.133333333333333,29.62
ad87a9f82ee7fb99ddfd4f63e8065925e8411b9e904cd6d4729de5cdee217fa8,6/12/2019,942,0.2533333333333151,36.806666666666665,20.706666666666667,20.506666666666668,49.9,11.133333333333333,26.700000000000003
ad87a9f82ee7fb99ddfd4f63e8065925e8411b9e904cd6d4729de5cdee217fa8,21/12/2019,845.333333,0,40.553333333333335,22.780000000000005,14.573333333333334,39.053333333333335,13.4,28.886666666666667
ad87a9f82ee7fb99ddfd4f63e8065925e8411b9e904cd6d4729de5cdee217fa8,5/01/2020,750,0.006666667,40.31333333333334,25.25333333333333,21.40666666666667,49.71333333333334,12.64,27.42
ad87a9f82ee7fb99ddfd4f63e8065925e8411b9e904cd6d4729de5cdee217fa8,20/01/2020,670.666667,1.179999999999927,38.406666666666666,24.6,27.35333333333334,60.53333333333333,10.92,25.186666666666667
ad87a9f82ee7fb99ddfd4f63e8065925e8411b9e904cd6d4729de5cdee217fa8,4/02/2020,769,4.713333333333261,35.153333333333336,24.12666666666667,41.873333333333335,76.54,8.606666666666666,19.36666666666667
ad87a9f82ee7fb99ddfd4f63e8065925e8411b9e904cd6d4729de5cdee217fa8,19/02/2020,1143.666667,1.8599999999999453,37.086666666666666,23.086666666666662,35.60666666666667,78.89333333333335,9.446666666666667,24.55333333333333
ad87a9f82ee7fb99ddfd4f63e8065925e8411b9e904cd6d4729de5cdee217fa8,5/03/2020,1336.333333,11.146666666666531,33.64,22.773333333333333,45.60000000000001,83.46666666666667,7.426666666666667,19.433333333333334
ad87a9f82ee7fb99ddfd4f63e8065925e8411b9e904cd6d4729de5cdee217fa8,20/03/2020,1702.666667,1.0199999999999818,31.18,17.686666666666667,39.14666666666667,86.31333333333333,7.3,22.013333333333332
ad87a9f82ee7fb99ddfd4f63e8065925e8411b9e904cd6d4729de5cdee217fa8,4/04/2020,1699,0.3266666666666424,33.6,20.006666666666668,35.94666666666667,79.56,7.326666666666667,19.59333333333333
ad87a9f82ee7fb99ddfd4f63e8065925e8411b9e904cd6d4729de5cdee217fa8,19/04/2020,1666.333333,0,31.3,15.68,29.18,74.30666666666667,6.366666666666668,19.526666666666667
ad87a9f82ee7fb99ddfd4f63e8065925e8411b9e904cd6d4729de5cdee217fa8,4/05/2020,1368,0.006666667,29.14,13.006666666666666,29.620000000000005,76.65333333333334,5.739999999999999,17.84666666666667
ad87a9f82ee7fb99ddfd4f63e8065925e8411b9e904cd6d4729de5cdee217fa8,19/05/2020,1385.666667,0,26.69333333333333,11.386666666666668,29.6,75.98,4.593333333333334,15.873333333333331
ad87a9f82ee7fb99ddfd4f63e8065925e8411b9e904cd6d4729de5cdee217fa8,3/06/2020,1383.333333,0.9133333333332908,21.09333333333333,8,42.11333333333334,89.63333333333334,3.3800000000000003,12.840000000000002
ad87a9f82ee7fb99ddfd4f63e8065925e8411b9e904cd6d4729de5cdee217fa8,18/06/2020,1242.333333,0.2466666666666545,24.94666666666667,8.76,33.35333333333333,90.81333333333332,3.506666666666667,14.253333333333334
ad87a9f82ee7fb99ddfd4f63e8065925e8411b9e904cd6d4729de5cdee217fa8,3/07/2020,1172.666667,0.006666667,23.37333333333333,6.420000000000001,33.486666666666665,96.18666666666668,3.3400000000000003,13.866666666666667
ad87a9f82ee7fb99ddfd4f63e8065925e8411b9e904cd6d4729de5cdee217fa8,18/07/2020,1202.333333,0,21.66666666666667,4.6,32.70666666666667,94.78666666666666,3.2666666666666666,14.66
ad87a9f82ee7fb99ddfd4f63e8065925e8411b9e904cd6d4729de5cdee217fa8,2/08/2020,1084.333333,0,23.326666666666664,5.486666666666667,29.39333333333333,89.66000000000001,3.6000000000000005,15.626666666666669
ad87a9f82ee7fb99ddfd4f63e8065925e8411b9e904cd6d4729de5cdee217fa8,17/08/2020,950.333333,1.6133333333332909,24.56,8.440000000000001,35.186666666666675,90.04666666666667,4.293333333333334,16.606666666666666
ad87a9f82ee7fb99ddfd4f63e8065925e8411b9e904cd6d4729de5cdee217fa8,1/09/2020,914,0,25.453333333333333,6.673333333333333,21.06666666666667,68.98666666666666,5.053333333333333,20.66666666666667
ad87a9f82ee7fb99ddfd4f63e8065925e8411b9e904cd6d4729de5cdee217fa8,16/09/2020,808,0,30.013333333333332,14.393333333333334,29.23333333333333,75.89333333333335,6.573333333333334,20.9
ad87a9f82ee7fb99ddfd4f63e8065925e8411b9e904cd6d4729de5cdee217fa8,1/10/2020,792.666667,1.9133333333332605,28.85333333333333,14.726666666666668,29.486666666666668,66.42666666666668,6.546666666666667,20.15333333333333
ad87a9f82ee7fb99ddfd4f63e8065925e8411b9e904cd6d4729de5cdee217fa8,16/10/2020,808.333333,0.3199999999999515,31.64,16.8,27.16666666666667,65.64666666666668,8.16,23.933333333333334
ad87a9f82ee7fb99ddfd4f63e8065925e8411b9e904cd6d4729de5cdee217fa8,31/10/2020,687.333333,0.3133333333333212,32.406666666666666,15.106666666666667,23.5,64.03333333333333,8.5,24.273333333333333
ad87a9f82ee7fb99ddfd4f63e8065925e8411b9e904cd6d4729de5cdee217fa8,15/11/2020,518,0.9066666666666304,35.29333333333334,18.006666666666668,22.826666666666668,58.81333333333334,10.333333333333334,27.513333333333332
ad87a9f82ee7fb99ddfd4f63e8065925e8411b9e904cd6d4729de5cdee217fa8,30/11/2020,507.666667,0.026666667,39.33333333333334,24.4,20.72,47.75333333333334,11.96,28.813333333333336
ad87a9f82ee7fb99ddfd4f63e8065925e8411b9e904cd6d4729de5cdee217fa8,15/12/2020,454.666667,0.7266666666666121,37.64666666666667,23.553333333333335,23.633333333333333,52.120000000000005,11.493333333333334,25.98666666666667
ad87a9f82ee7fb99ddfd4f63e8065925e8411b9e904cd6d4729de5cdee217fa8,30/12/2020,440.666667,1.5466666666665636,34.940000000000005,23.22666666666667,39.20666666666667,74.16666666666667,9.38,19.813333333333333
ad87a9f82ee7fb99ddfd4f63e8065925e8411b9e904cd6d4729de5cdee217fa8,14/01/2021,1002.666667,4.139999999999873,33.34666666666667,21.520000000000003,44.53333333333333,87.81333333333333,8.16,21.14
ad87a9f82ee7fb99ddfd4f63e8065925e8411b9e904cd6d4729de5cdee217fa8,29/01/2021,1155.333333,0.5533333333332848,37.20000000000001,23.113333333333337,27.22666666666667,60.693333333333335,10.7,25.266666666666666
ad87a9f82ee7fb99ddfd4f63e8065925e8411b9e904cd6d4729de5cdee217fa8,13/02/2021,864.333333,3.073333333333206,36.940000000000005,23.953333333333333,34.406666666666666,71.92666666666668,9.246666666666668,21.46
ad87a9f82ee7fb99ddfd4f63e8065925e8411b9e904cd6d4729de5cdee217fa8,28/02/2021,671.666667,1.7399999999999334,36.11333333333334,21.96,33.24666666666667,74.10666666666667,9.053333333333336,22.040000000000003
ad87a9f82ee7fb99ddfd4f63e8065925e8411b9e904cd6d4729de5cdee217fa8,15/03/2021,685,2.319999999999921,35.00666666666667,20.933333333333337,33.86,72.42666666666668,8.046666666666669,21.92666666666667
ad87a9f82ee7fb99ddfd4f63e8065925e8411b9e904cd6d4729de5cdee217fa8,30/03/2021,901,3.2799999999999274,31.23333333333333,19.24,43.28666666666666,85.61999999999999,6.6,17.773333333333333
ad87a9f82ee7fb99ddfd4f63e8065925e8411b9e904cd6d4729de5cdee217fa8,14/04/2021,1130.666667,1.2199999999999516,30.14,15.86,35.833333333333336,82.66000000000001,5.953333333333334,19.026666666666667
ad87a9f82ee7fb99ddfd4f63e8065925e8411b9e904cd6d4729de5cdee217fa8,29/04/2021,1102.333333,0.026666667,28.89333333333333,12.873333333333337,27.10666666666667,72.79333333333334,5.88,17.493333333333336
ad87a9f82ee7fb99ddfd4f63e8065925e8411b9e904cd6d4729de5cdee217fa8,14/05/2021,1022.666667,0.026666667,27.686666666666667,11.586666666666668,32.16666666666667,86.52666666666667,4.713333333333334,16.733333333333334
ad87a9f82ee7fb99ddfd4f63e8065925e8411b9e904cd6d4729de5cdee217fa8,29/05/2021,995,0,24.55333333333333,8.22,28.453333333333333,80.01333333333334,4.3133333333333335,15.546666666666669
ad87a9f82ee7fb99ddfd4f63e8065925e8411b9e904cd6d4729de5cdee217fa8,13/06/2021,996.333333,0.1799999999999878,22.680000000000003,6.1466666666666665,34.1,91.52666666666669,3.393333333333333,13.186666666666667
ad87a9f82ee7fb99ddfd4f63e8065925e8411b9e904cd6d4729de5cdee217fa8,28/06/2021,792.333333,1.1399999999999637,21.453333333333333,6.786666666666667,39.88,92.40666666666668,3.0866666666666664,11.493333333333334
ad87a9f82ee7fb99ddfd4f63e8065925e8411b9e904cd6d4729de5cdee217fa8,13/07/2021,782.333333,1.206666667,21.04666666666667,6.52,41.473333333333336,97.52,2.9666666666666672,13.733333333333333
ad87a9f82ee7fb99ddfd4f63e8065925e8411b9e904cd6d4729de5cdee217fa8,28/07/2021,707,0,23.206666666666667,5.733333333333333,30.993333333333336,90.3,3.48,15.013333333333334
ad87a9f82ee7fb99ddfd4f63e8065925e8411b9e904cd6d4729de5cdee217fa8,12/08/2021,694.666667,0.1333333333333333,25.59333333333333,9.006666666666666,30.64666666666667,86.38666666666667,4.3533333333333335,16.64
ad87a9f82ee7fb99ddfd4f63e8065925e8411b9e904cd6d4729de5cdee217fa8,27/08/2021,666.333333,0.1799999999999575,25.72,9.26,26.686666666666667,75.42000000000002,4.713333333333334,18.85333333333333
ad87a9f82ee7fb99ddfd4f63e8065925e8411b9e904cd6d4729de5cdee217fa8,11/09/2021,626.333333,0,27.980000000000004,10.593333333333334,26.83333333333333,74.94666666666667,5.913333333333335,19.566666666666663
ad87a9f82ee7fb99ddfd4f63e8065925e8411b9e904cd6d4729de5cdee217fa8,26/09/2021,599,0,29.626666666666665,11.76,19.013333333333332,57.32000000000001,7.193333333333333,23.173333333333336
ad87a9f82ee7fb99ddfd4f63e8065925e8411b9e904cd6d4729de5cdee217fa8,11/10/2021,561,0.3199999999999515,31.973333333333336,15.793333333333337,27.586666666666662,66.50666666666667,7.88,21.493333333333336
ad87a9f82ee7fb99ddfd4f63e8065925e8411b9e904cd6d4729de5cdee217fa8,26/10/2021,521.333333,0.1733333333332969,34.07333333333334,15.406666666666666,20.28666666666667,59.49333333333334,9.093333333333334,24.16
ad87a9f82ee7fb99ddfd4f63e8065925e8411b9e904cd6d4729de5cdee217fa8,10/11/2021,631.666667,5.4199999999998605,33.7,21.200000000000003,37.06000000000001,75.95333333333335,8.213333333333333,21.780000000000005
ad87a9f82ee7fb99ddfd4f63e8065925e8411b9e904cd6d4729de5cdee217fa8,25/11/2021,1433.333333,4.3733333333332665,29.826666666666668,17.34,37.24666666666667,75.08666666666666,8.046666666666667,23.826666666666668
ad87a9f82ee7fb99ddfd4f63e8065925e8411b9e904cd6d4729de5cdee217fa8,10/12/2021,1796.333333,4.486666666666618,32.62,19.42666666666667,40.62666666666667,85.74666666666667,8.866666666666667,24.03333333333333
ad87a9f82ee7fb99ddfd4f63e8065925e8411b9e904cd6d4729de5cdee217fa8,25/12/2021,1814.333333,0.1266666666665817,36.7,21.06,29.273333333333333,71.98666666666666,10.873333333333331,27.60666666666667
ad87a9f82ee7fb99ddfd4f63e8065925e8411b9e904cd6d4729de5cdee217fa8,9/01/2022,1602.333333,0.7999999999999393,38.440000000000005,21.88,27.273333333333333,68.76666666666667,11.260000000000002,26.62
ad87a9f82ee7fb99ddfd4f63e8065925e8411b9e904cd6d4729de5cdee217fa8,24/01/2022,1353.666667,7.579999999999867,37.78,24.58,32.78,67.67333333333333,10.206666666666669,21.53333333333333
ad87a9f82ee7fb99ddfd4f63e8065925e8411b9e904cd6d4729de5cdee217fa8,8/02/2022,1359,6.039999999999964,33.14666666666667,21.28,43.013333333333335,83.60666666666667,7.886666666666668,20.22666666666667
ad87a9f82ee7fb99ddfd4f63e8065925e8411b9e904cd6d4729de5cdee217fa8,23/02/2022,1940,1.3133333333332606,36.60666666666667,21.500000000000004,30.886666666666667,73.78666666666666,9.613333333333337,25.71333333333333
ad87a9f82ee7fb99ddfd4f63e8065925e8411b9e904cd6d4729de5cdee217fa8,10/03/2022,1906.333333,0.026666667,37.220000000000006,20.586666666666662,27.07333333333333,70.28,9.553333333333336,23.006666666666668
ad87a9f82ee7fb99ddfd4f63e8065925e8411b9e904cd6d4729de5cdee217fa8,25/03/2022,1669.666667,1.8399999999999936,35.373333333333335,20.35333333333333,31.020000000000003,74.02,8.333333333333334,22.62666666666667
ad87a9f82ee7fb99ddfd4f63e8065925e8411b9e904cd6d4729de5cdee217fa8,9/04/2022,1769.666667,4.326666666666582,32.193333333333335,18.06,38.04666666666667,86.28,6.3933333333333335,19.42
ad87a9f82ee7fb99ddfd4f63e8065925e8411b9e904cd6d4729de5cdee217fa8,24/04/2022,1804,0.02,31.273333333333333,16.913333333333334,34.559999999999995,79.80666666666667,6.073333333333334,17.779999999999998
ad87a9f82ee7fb99ddfd4f63e8065925e8411b9e904cd6d4729de5cdee217fa8,9/05/2022,1954,5.073333333333236,25.65333333333333,16.220000000000002,51.50000000000001,89.62666666666668,3.853333333333333,11.613333333333332
ad87a9f82ee7fb99ddfd4f63e8065925e8411b9e904cd6d4729de5cdee217fa8,24/05/2022,2404.333333,2.9399999999999333,24.19333333333333,14.966666666666669,57.8,97.42666666666666,3.28,11.02
ad87a9f82ee7fb99ddfd4f63e8065925e8411b9e904cd6d4729de5cdee217fa8,8/06/2022,2319.666667,0.3999999999999696,21.66,9.48,47.46666666666668,93.98666666666668,3.106666666666667,11.106666666666667
ad87a9f82ee7fb99ddfd4f63e8065925e8411b9e904cd6d4729de5cdee217fa8,23/06/2022,2659,0,21.433333333333334,4.326666666666667,36.92,98.40666666666668,3.12,14.02
ad87a9f82ee7fb99ddfd4f63e8065925e8411b9e904cd6d4729de5cdee217fa8,8/07/2022,2418.333333,1.5399999999999636,19.040000000000003,6.673333333333333,51.14666666666667,98.57333333333332,2.606666666666667,11.073333333333332
ad87a9f82ee7fb99ddfd4f63e8065925e8411b9e904cd6d4729de5cdee217fa8,23/07/2022,2023.333333,1.1066666666666607,20.293333333333337,3.753333333333333,38.93333333333333,98.87333333333332,3.0000000000000004,15.126666666666669
ad87a9f82ee7fb99ddfd4f63e8065925e8411b9e904cd6d4729de5cdee217fa8,7/08/2022,1569,0.5866666666666182,23.30666666666667,9.080000000000002,42.35333333333334,97.20666666666668,3.44,14.753333333333334
ad87a9f82ee7fb99ddfd4f63e8065925e8411b9e904cd6d4729de5cdee217fa8,22/08/2022,1546,0.02,22.953333333333337,5.2733333333333325,32.080000000000005,94.50666666666666,4.133333333333334,17.353333333333335
ad87a9f82ee7fb99ddfd4f63e8065925e8411b9e904cd6d4729de5cdee217fa8,6/09/2022,1532,4.186666666666619,22.88,9.846666666666668,43.45333333333334,91.14666666666668,4.073333333333333,17.3
ad87a9f82ee7fb99ddfd4f63e8065925e8411b9e904cd6d4729de5cdee217fa8,21/09/2022,1802,1.8466666666666245,26.15333333333333,11.92,37.473333333333336,86.29333333333334,5.473333333333333,18.4
ad87a9f82ee7fb99ddfd4f63e8065925e8411b9e904cd6d4729de5cdee217fa8,6/10/2022,1882.333333,0.7933333333333091,27.84666666666667,13.04,36.29333333333333,87.66000000000001,6.1800000000000015,20.34666666666667
ad87a9f82ee7fb99ddfd4f63e8065925e8411b9e904cd6d4729de5cdee217fa8,21/10/2022,1843.666667,3.3999999999998787,28.74,16.24,44.86666666666667,91.86666666666666,6.3533333333333335,19.10666666666667
ad87a9f82ee7fb99ddfd4f63e8065925e8411b9e904cd6d4729de5cdee217fa8,5/11/2022,1903.333333,0.5333333333333333,31.046666666666667,15.1,28.173333333333336,72.67333333333335,8.4,24.526666666666664
ad87a9f82ee7fb99ddfd4f63e8065925e8411b9e904cd6d4729de5cdee217fa8,20/11/2022,1949,0.606666667,32.513333333333335,17.666666666666668,29.56666666666667,70.99333333333334,8.893333333333334,22.76666666666667
ad87a9f82ee7fb99ddfd4f63e8065925e8411b9e904cd6d4729de5cdee217fa8,5/12/2022,1745,0.1466666666665939,32.88666666666667,18.21333333333333,27.326666666666664,64.95333333333333,9.073333333333332,22.62
ad87a9f82ee7fb99ddfd4f63e8065925e8411b9e904cd6d4729de5cdee217fa8,20/12/2022,1404.666667,1.986666666666588,35.32000000000001,19.80666666666667,25.44666666666667,60.32666666666668,10.713333333333331,26.52
ad87a9f82ee7fb99ddfd4f63e8065925e8411b9e904cd6d4729de5cdee217fa8,4/01/2023,1502.333333,1.3599999999999457,34.726666666666674,21.973333333333336,36.02,73.26666666666668,9.533333333333331,20.886666666666667
ad87a9f82ee7fb99ddfd4f63e8065925e8411b9e904cd6d4729de5cdee217fa8,19/01/2023,1342,5.366666666666606,32.28,21.053333333333335,47.2,87.68666666666667,7.66,21.74666666666667
ad87a9f82ee7fb99ddfd4f63e8065925e8411b9e904cd6d4729de5cdee217fa8,3/02/2023,1711.333333,2.139999999999903,34.9,22.866666666666667,42.53333333333334,84.96666666666668,8.580000000000002,25.5
ad87a9f82ee7fb99ddfd4f63e8065925e8411b9e904cd6d4729de5cdee217fa8,18/02/2023,1856.333333,1.6133333333332909,34.766666666666666,20.40666666666667,34.806666666666665,75.54666666666667,8.673333333333334,23.24
ad87a9f82ee7fb99ddfd4f63e8065925e8411b9e904cd6d4729de5cdee217fa8,5/03/2023,1622.666667,0.1866666666666181,36,21.486666666666668,31.800000000000004,73.93333333333334,8.92,23.55333333333333
ad87a9f82ee7fb99ddfd4f63e8065925e8411b9e904cd6d4729de5cdee217fa8,20/03/2023,1961,4.373333333333236,32.973333333333336,20.28,47.25333333333334,92.38000000000002,6.7,19.30666666666667
ad87a9f82ee7fb99ddfd4f63e8065925e8411b9e904cd6d4729de5cdee217fa8,4/04/2023,1877,0.026666667,33.266666666666666,18.74666666666667,33.913333333333334,79.88000000000002,7.200000000000001,20.26
ad87a9f82ee7fb99ddfd4f63e8065925e8411b9e904cd6d4729de5cdee217fa8,19/04/2023,1878,0.2533333333332848,32.03333333333334,13.953333333333337,27.92,78.72,6.413333333333333,18.086666666666662
ad87a9f82ee7fb99ddfd4f63e8065925e8411b9e904cd6d4729de5cdee217fa8,4/05/2023,1695.333333,0.3799999999999575,28.37333333333333,12.773333333333335,34.480000000000004,87.16666666666667,5.2,16.62
ad87a9f82ee7fb99ddfd4f63e8065925e8411b9e904cd6d4729de5cdee217fa8,19/05/2023,1831.333333,0.006666667,25.266666666666666,8.14,30.75333333333333,88.20666666666668,4.373333333333334,16.42
ad87a9f82ee7fb99ddfd4f63e8065925e8411b9e904cd6d4729de5cdee217fa8,3/06/2023,1514,0,24.333333333333336,4.353333333333334,25.366666666666667,88.94666666666667,4.206666666666667,15.693333333333332
ad87a9f82ee7fb99ddfd4f63e8065925e8411b9e904cd6d4729de5cdee217fa8,18/06/2023,1587.333333,0.013333333,25.71333333333333,9.793333333333331,34.27333333333333,90.41333333333334,3.5266666666666664,14.186666666666667
ad87a9f82ee7fb99ddfd4f63e8065925e8411b9e904cd6d4729de5cdee217fa8,3/07/2023,1490,0.4066666666666606,23.85333333333333,9.673333333333334,34.67333333333333,75.62000000000002,3.5000000000000004,12.68
ad87a9f82ee7fb99ddfd4f63e8065925e8411b9e904cd6d4729de5cdee217fa8,18/07/2023,1495,2.233333333333303,22.53333333333334,7.173333333333334,40.61333333333334,96.9,3.1333333333333333,14.666666666666668
ad87a9f82ee7fb99ddfd4f63e8065925e8411b9e904cd6d4729de5cdee217fa8,2/08/2023,1742,0,24.706666666666667,8.540000000000001,32.440000000000005,88.63333333333334,3.7066666666666666,15.92
ad87a9f82ee7fb99ddfd4f63e8065925e8411b9e904cd6d4729de5cdee217fa8,17/08/2023,1769.333333,0,27.7,8.666666666666666,25.7,82.66000000000001,4.993333333333334,17.886666666666667
ad87a9f82ee7fb99ddfd4f63e8065925e8411b9e904cd6d4729de5cdee217fa8,1/09/2023,1684.333333,0,27.82,8.733333333333333,24.78666666666667,80.62666666666668,5.206666666666667,19.28
ad87a9f82ee7fb99ddfd4f63e8065925e8411b9e904cd6d4729de5cdee217fa8,16/09/2023,1568.333333,0,29.80666666666667,10.94,19.826666666666664,65.66000000000001,7.006666666666667,21.206666666666667
ad87a9f82ee7fb99ddfd4f63e8065925e8411b9e904cd6d4729de5cdee217fa8,1/10/2023,1217,0,32.35333333333334,14.533333333333331,23.660000000000004,69.66666666666667,7.633333333333334,23.10666666666667
ad87a9f82ee7fb99ddfd4f63e8065925e8411b9e904cd6d4729de5cdee217fa8,16/10/2023,1060.333333,0,32.233333333333334,15.213333333333336,22.74666666666667,61.333333333333336,8.426666666666668,24.52
ad87a9f82ee7fb99ddfd4f63e8065925e8411b9e904cd6d4729de5cdee217fa8,31/10/2023,952.333333,0.5733333333333273,34.79333333333333,16.740000000000002,18.013333333333335,52.306666666666665,9.68,26.72000000000001
ad87a9f82ee7fb99ddfd4f63e8065925e8411b9e904cd6d4729de5cdee217fa8,15/11/2023,931.666667,1.0399999999999636,36.22,20.6,25.926666666666662,62.00666666666668,10.386666666666668,27.52
ad87a9f82ee7fb99ddfd4f63e8065925e8411b9e904cd6d4729de5cdee217fa8,30/11/2023,973.333333,4.513333333,32.54,20.880000000000003,42.373333333333335,80.08,7.826666666666668,21.206666666666667
ad87a9f82ee7fb99ddfd4f63e8065925e8411b9e904cd6d4729de5cdee217fa8,15/12/2023,1154.666667,0.073333333,37.10666666666667,21.72666666666667,29.90666666666667,72.68666666666667,10.926666666666668,29.146666666666665
ad87a9f82ee7fb99ddfd4f63e8065925e8411b9e904cd6d4729de5cdee217fa8,30/12/2023,1199.333333,3.533333333333242,37.93333333333333,21.026666666666664,28.92,72.18,11.060000000000002,27.826666666666668
ad87a9f82ee7fb99ddfd4f63e8065925e8411b9e904cd6d4729de5cdee217fa8,14/01/2024,1184.333333,1.9933333333332484,37.02,23.280000000000005,37.85333333333334,81.56,9.54,25.84666666666667
ad87a9f82ee7fb99ddfd4f63e8065925e8411b9e904cd6d4729de5cdee217fa8,29/01/2024,1236.666667,3.986666666666588,37.82666666666667,25.493333333333336,39.78666666666667,79.02666666666667,9.626666666666669,25.71333333333333
ad87a9f82ee7fb99ddfd4f63e8065925e8411b9e904cd6d4729de5cdee217fa8,13/02/2024,1177,2.633333333333273,36.62666666666667,23.75333333333333,39.43333333333333,81.5,8.840000000000002,23.833333333333336
ad87a9f82ee7fb99ddfd4f63e8065925e8411b9e904cd6d4729de5cdee217fa8,28/02/2024,1698.666667,3.2333333333332424,34.06,22.21333333333333,46.74,92.32666666666668,7.6,23.37333333333333
ad87a9f82ee7fb99ddfd4f63e8065925e8411b9e904cd6d4729de5cdee217fa8,14/03/2024,1760.666667,0,35.74666666666667,21.040000000000003,33.54666666666667,78.61333333333333,8.486666666666666,24.25333333333333
ad87a9f82ee7fb99ddfd4f63e8065925e8411b9e904cd6d4729de5cdee217fa8,29/03/2024,1915.666667,7.239999999999903,32.653333333333336,22.06,48.39333333333333,84.55333333333334,6.4,16.48
ad87a9f82ee7fb99ddfd4f63e8065925e8411b9e904cd6d4729de5cdee217fa8,13/04/2024,2352.666667,7.339999999999994,28.71333333333333,16.086666666666666,44.77333333333333,92.18,5.453333333333334,19.56
ad87a9f82ee7fb99ddfd4f63e8065925e8411b9e904cd6d4729de5cdee217fa8,28/04/2024,2403.333333,0.1399999999999939,28.820000000000004,13.900000000000002,36.906666666666666,90.35333333333332,5.493333333333334,18.9
ad87a9f82ee7fb99ddfd4f63e8065925e8411b9e904cd6d4729de5cdee217fa8,13/05/2024,2435.666667,0.5866666666666182,27.86,13.793333333333331,41.83333333333334,96.29333333333334,4.3933333333333335,16.113333333333333
ad87a9f82ee7fb99ddfd4f63e8065925e8411b9e904cd6d4729de5cdee217fa8,28/05/2024,2496.666667,0,25.72,8.833333333333334,34.059999999999995,95.86666666666666,4.220000000000001,15.4
ad87a9f82ee7fb99ddfd4f63e8065925e8411b9e904cd6d4729de5cdee217fa8,12/06/2024,1889,0.7733333333333273,22.540000000000003,6.453333333333334,40.7,98.22,3.22,13.833333333333334
ad87a9f82ee7fb99ddfd4f63e8065925e8411b9e904cd6d4729de5cdee217fa8,27/06/2024,2386.333333,0.1266666666666424,23.180000000000003,5.046666666666667,31.880000000000003,93.81333333333332,3.333333333333333,13.873333333333337
ad87a9f82ee7fb99ddfd4f63e8065925e8411b9e904cd6d4729de5cdee217fa8,12/07/2024,1756,0.4133333333332605,23.680000000000003,9.6,46.28,98.88666666666668,3.0133333333333336,12.913333333333334
ad87a9f82ee7fb99ddfd4f63e8065925e8411b9e904cd6d4729de5cdee217fa8,27/07/2024,1108.333333,0.3399999999999939,21.486666666666668,4.186666666666667,33.92666666666667,95.7,3.226666666666667,14.84
ad87a9f82ee7fb99ddfd4f63e8065925e8411b9e904cd6d4729de5cdee217fa8,11/08/2024,1130.666667,0.1266666666666121,23.62,6.206666666666666,33.03333333333334,90.72,3.8733333333333335,15.806666666666668
ad87a9f82ee7fb99ddfd4f63e8065925e8411b9e904cd6d4729de5cdee217fa8,26/08/2024,1254.666667,0.093333333,29.433333333333334,11.046666666666663,32.34,90.31333333333332,5.066666666666666,18.78666666666667
ad87a9f82ee7fb99ddfd4f63e8065925e8411b9e904cd6d4729de5cdee217fa8,10/09/2024,1263.666667,0,32.52,13.273333333333335,24.18,77.38000000000001,6.94,20.980000000000004
ad87a9f82ee7fb99ddfd4f63e8065925e8411b9e904cd6d4729de5cdee217fa8,25/09/2024,1195.333333,0,29.85333333333334,11.726666666666668,20.12666666666667,59.38666666666667,7.126666666666666,22.326666666666664
ad87a9f82ee7fb99ddfd4f63e8065925e8411b9e904cd6d4729de5cdee217fa8,10/10/2024,1114.333333,0.873333333,32.36666666666667,15.073333333333334,26.35333333333334,72.82666666666667,7.926666666666668,23.473333333333336
ad87a9f82ee7fb99ddfd4f63e8065925e8411b9e904cd6d4729de5cdee217fa8,25/10/2024,1193.333333,0,35.220000000000006,19.313333333333336,26.03333333333334,65.95333333333333,9.046666666666663,24.76
ad87a9f82ee7fb99ddfd4f63e8065925e8411b9e904cd6d4729de5cdee217fa8,9/11/2024,1201.666667,0.2999999999999697,37.77333333333333,20.586666666666662,20.506666666666668,54.36666666666667,10.866666666666667,26.773333333333333
ad87a9f82ee7fb99ddfd4f63e8065925e8411b9e904cd6d4729de5cdee217fa8,24/11/2024,1161.333333,5.033333333333243,34.5,21.7,38.400000000000006,78.49333333333334,8.680000000000001,22.94666666666667
ad87a9f82ee7fb99ddfd4f63e8065925e8411b9e904cd6d4729de5cdee217fa8,9/12/2024,2181.666667,2.966666666666606,34.46666666666667,23.05333333333333,44.04666666666667,82.41333333333334,8.9,25.12
ad87a9f82ee7fb99ddfd4f63e8065925e8411b9e904cd6d4729de5cdee217fa8,24/12/2024,2019.333333,0.4466666666666242,36.61333333333334,22.14,34.186666666666675,77.19333333333334,10.48,28.52
352a2a92802487c32fa051f18f0fd7c53ef4b517d562a78369c7f8c679c6ac60,5/01/2017,1837,1.199999999999818,35.36,24.56,41.42,76.32000000000001,8.5,20.06
352a2a92802487c32fa051f18f0fd7c53ef4b517d562a78369c7f8c679c6ac60,20/01/2017,1837,3.8333333333332726,36.23333333333333,23.78666666666667,38.580000000000005,77.24000000000001,9.326666667,23.613333333333333
352a2a92802487c32fa051f18f0fd7c53ef4b517d562a78369c7f8c679c6ac60,4/02/2017,1554.666667,0.9133333333332606,37.88666666666667,24.540000000000003,35.75333333333334,75.6,10.026666666666667,24.76666666666667
352a2a92802487c32fa051f18f0fd7c53ef4b517d562a78369c7f8c679c6ac60,19/02/2017,1006.666667,0.2066666666666302,39.36,24.24666666666667,27.766666666666666,64.36666666666666,10.646666666666668,25.226666666666667
352a2a92802487c32fa051f18f0fd7c53ef4b517d562a78369c7f8c679c6ac60,6/03/2017,1060,0.9799999999999272,35.86666666666667,20.546666666666667,31.026666666666667,75.55333333333334,8.706666666666667,21.466666666666672
352a2a92802487c32fa051f18f0fd7c53ef4b517d562a78369c7f8c679c6ac60,21/03/2017,1034,0.3799999999999575,36.373333333333335,20.19333333333333,29.52,72.73333333333333,8.466666666666667,20.886666666666667
352a2a92802487c32fa051f18f0fd7c53ef4b517d562a78369c7f8c679c6ac60,5/04/2017,1099,0.026666667,33.88666666666667,18.466666666666665,32.63333333333333,79.44666666666667,7.266666666666667,19.39333333333333
352a2a92802487c32fa051f18f0fd7c53ef4b517d562a78369c7f8c679c6ac60,20/04/2017,933,0,31.280000000000005,13.726666666666668,26.85333333333333,77.42666666666668,6.38,20.24
352a2a92802487c32fa051f18f0fd7c53ef4b517d562a78369c7f8c679c6ac60,5/05/2017,890.333333,0.04,28.78666666666667,13.9,32.1,79.64666666666668,5.306666666666668,16.233333333333334
352a2a92802487c32fa051f18f0fd7c53ef4b517d562a78369c7f8c679c6ac60,20/05/2017,971,0.3466666666666242,27.08,11.406666666666666,34.88666666666666,87.1,4.366666666666666,14.42
352a2a92802487c32fa051f18f0fd7c53ef4b517d562a78369c7f8c679c6ac60,4/06/2017,771,0,26.4,8.813333333333334,27.90666666666667,82.32666666666667,4.3133333333333335,15.48
352a2a92802487c32fa051f18f0fd7c53ef4b517d562a78369c7f8c679c6ac60,19/06/2017,881,0,23.53333333333333,5.626666666666666,30.433333333333334,92.37333333333332,3.426666666666667,14.9
352a2a92802487c32fa051f18f0fd7c53ef4b517d562a78369c7f8c679c6ac60,4/07/2017,1058.333333,0.2933333333333091,24.96,8.413333333333334,33.32666666666667,89.77333333333334,3.48,13.32
352a2a92802487c32fa051f18f0fd7c53ef4b517d562a78369c7f8c679c6ac60,19/07/2017,1342.333333,1.0266666666665818,24.526666666666667,9.946666666666667,38.2,89.48666666666666,3.333333333333333,13.193333333333332
352a2a92802487c32fa051f18f0fd7c53ef4b517d562a78369c7f8c679c6ac60,3/08/2017,1115,0,26.266666666666666,6.6466666666666665,22.53333333333334,76.56,4.220000000000001,17.21333333333333
352a2a92802487c32fa051f18f0fd7c53ef4b517d562a78369c7f8c679c6ac60,18/08/2017,1074,0,27.82,6.113333333333334,17.773333333333333,69.25333333333334,5.353333333333334,19.26
352a2a92802487c32fa051f18f0fd7c53ef4b517d562a78369c7f8c679c6ac60,2/09/2017,981.333333,0,25.76,5.913333333333333,15.460000000000004,54.86000000000001,5.3933333333333335,21.06
352a2a92802487c32fa051f18f0fd7c53ef4b517d562a78369c7f8c679c6ac60,17/09/2017,903.333333,0,28.026666666666667,8.24,16.226666666666667,56.82666666666668,6.726666666666668,22.58
352a2a92802487c32fa051f18f0fd7c53ef4b517d562a78369c7f8c679c6ac60,2/10/2017,943,0.053333333,34.53333333333333,15.660000000000002,18.76,55.18,8.853333333333333,21.826666666666668
352a2a92802487c32fa051f18f0fd7c53ef4b517d562a78369c7f8c679c6ac60,17/10/2017,1002,2.039999999999903,33.9,19.746666666666663,34.67333333333333,77.88666666666667,7.833333333333334,20.76
352a2a92802487c32fa051f18f0fd7c53ef4b517d562a78369c7f8c679c6ac60,1/11/2017,1125.333333,1.673333333333206,32.13333333333334,16.82,30.78666666666667,73.83333333333334,7.986666666666666,22.933333333333337
352a2a92802487c32fa051f18f0fd7c53ef4b517d562a78369c7f8c679c6ac60,16/11/2017,1144.666667,0.2933333333332787,33.34,18.21333333333333,26.66,63.98,9.36,24.32
352a2a92802487c32fa051f18f0fd7c53ef4b517d562a78369c7f8c679c6ac60,1/12/2017,1190,0.566666667,34.06666666666667,20.486666666666668,32.153333333333336,71.24000000000001,9.093333333333334,22.986666666666668
352a2a92802487c32fa051f18f0fd7c53ef4b517d562a78369c7f8c679c6ac60,16/12/2017,1167.333333,0.633333333,36.11333333333334,20.2,23.46,57.54666666666667,11.153333333333334,27.34666666666667
352a2a92802487c32fa051f18f0fd7c53ef4b517d562a78369c7f8c679c6ac60,31/12/2017,1157,0.4266666666665817,39.86000000000001,25.113333333333337,24.293333333333337,56.06666666666668,11.946666666666667,26.35333333333333
352a2a92802487c32fa051f18f0fd7c53ef4b517d562a78369c7f8c679c6ac60,15/01/2018,1153,0.1,39.32,24.746666666666663,23.12666666666667,52.54666666666667,11.7,26.14
352a2a92802487c32fa051f18f0fd7c53ef4b517d562a78369c7f8c679c6ac60,30/01/2018,1131.333333,0.4266666666666424,38.35333333333334,24.486666666666668,25.593333333333337,56.49333333333333,10.926666666666668,23.913333333333338
352a2a92802487c32fa051f18f0fd7c53ef4b517d562a78369c7f8c679c6ac60,14/02/2018,1024.333333,1.4066666666666603,37.61333333333333,22.22,26.33333333333333,60.52,10.42,23.6
352a2a92802487c32fa051f18f0fd7c53ef4b517d562a78369c7f8c679c6ac60,1/03/2018,995.666667,0.3999999999999696,38.13333333333334,23.37333333333333,31.44666666666667,71.39333333333335,9.793333333333331,22.266666666666666
352a2a92802487c32fa051f18f0fd7c53ef4b517d562a78369c7f8c679c6ac60,16/03/2018,910.333333,7.073333333333267,30.88666666666667,20.03333333333334,47.67333333333333,86.35333333333334,6.193333333333333,16.76
352a2a92802487c32fa051f18f0fd7c53ef4b517d562a78369c7f8c679c6ac60,31/03/2018,1309.333333,2.1733333333332667,33.67333333333333,19.64,38.46000000000001,86.65333333333334,7.453333333333334,20.28
352a2a92802487c32fa051f18f0fd7c53ef4b517d562a78369c7f8c679c6ac60,15/04/2018,1718,0.04,32.32666666666667,18.166666666666668,35.720000000000006,82.16666666666667,6.3,18.75333333333333
352a2a92802487c32fa051f18f0fd7c53ef4b517d562a78369c7f8c679c6ac60,30/04/2018,1488.666667,0,30.62,13.866666666666667,29.420000000000005,80.38000000000001,6.013333333333334,18.65333333333333
352a2a92802487c32fa051f18f0fd7c53ef4b517d562a78369c7f8c679c6ac60,15/05/2018,1348.333333,0,27.05333333333333,10.406666666666666,29.040000000000006,82.01333333333334,4.613333333333334,16.586666666666666
352a2a92802487c32fa051f18f0fd7c53ef4b517d562a78369c7f8c679c6ac60,30/05/2018,967,0,25.22,8.5,27.94,79.96666666666667,4.286666666666666,15.446666666666664
352a2a92802487c32fa051f18f0fd7c53ef4b517d562a78369c7f8c679c6ac60,14/06/2018,1041,0.006666667,23.35333333333334,6.4,28.566666666666663,82.79333333333334,3.4733333333333336,14.413333333333334
352a2a92802487c32fa051f18f0fd7c53ef4b517d562a78369c7f8c679c6ac60,29/06/2018,976,0.006666667,21.966666666666672,5.486666666666667,32.086666666666666,88.01333333333334,3.2133333333333334,13.140000000000002
352a2a92802487c32fa051f18f0fd7c53ef4b517d562a78369c7f8c679c6ac60,14/07/2018,996.333333,0.04,22.73333333333333,5.986666666666666,32.373333333333335,89.56,3.333333333333334,14.673333333333334
352a2a92802487c32fa051f18f0fd7c53ef4b517d562a78369c7f8c679c6ac60,29/07/2018,887.333333,0.033333333,24.83333333333333,5.186666666666667,22.253333333333337,74.03999999999999,3.8666666666666663,16.14
352a2a92802487c32fa051f18f0fd7c53ef4b517d562a78369c7f8c679c6ac60,13/08/2018,761,0,24.39333333333333,5.42,21.513333333333332,71.56666666666666,4.540000000000001,18.146666666666665
352a2a92802487c32fa051f18f0fd7c53ef4b517d562a78369c7f8c679c6ac60,28/08/2018,718.666667,0.013333333,25.04666666666667,4.193333333333334,19,67.68666666666667,4.8933333333333335,20.660000000000004
352a2a92802487c32fa051f18f0fd7c53ef4b517d562a78369c7f8c679c6ac60,12/09/2018,673,0,27.973333333333336,10.12,21.49333333333333,63.406666666666666,6.253333333333333,20.96
352a2a92802487c32fa051f18f0fd7c53ef4b517d562a78369c7f8c679c6ac60,27/09/2018,664.333333,0,29.73333333333333,12.053333333333336,20.360000000000003,60.64666666666667,7.0600000000000005,23.493333333333336
352a2a92802487c32fa051f18f0fd7c53ef4b517d562a78369c7f8c679c6ac60,12/10/2018,636,0,32.62666666666667,16.173333333333332,23.933333333333334,64.18666666666667,8.246666666666666,22.68
352a2a92802487c32fa051f18f0fd7c53ef4b517d562a78369c7f8c679c6ac60,27/10/2018,719,2.179999999999897,35.74,19.64666666666667,28.22,71.46000000000001,9.106666666666667,23.89333333333333
352a2a92802487c32fa051f18f0fd7c53ef4b517d562a78369c7f8c679c6ac60,11/11/2018,893,0.08,36.18,20.993333333333336,23.53333333333334,56.32000000000001,10.32,25.44
352a2a92802487c32fa051f18f0fd7c53ef4b517d562a78369c7f8c679c6ac60,26/11/2018,806,0.7133333333332909,34.76,20,26.28666666666667,56.873333333333335,9.84,25.22
352a2a92802487c32fa051f18f0fd7c53ef4b517d562a78369c7f8c679c6ac60,11/12/2018,539.666667,0,36.68,20.6,20.2,49.48,11.42,27.40666666666667
352a2a92802487c32fa051f18f0fd7c53ef4b517d562a78369c7f8c679c6ac60,26/12/2018,486,1.2466666666666242,37.82000000000001,22.993333333333336,23.76,53.8,11.66,24.586666666666662
352a2a92802487c32fa051f18f0fd7c53ef4b517d562a78369c7f8c679c6ac60,10/01/2019,504.333333,0.2866666666666485,38.14,24.62,25.280000000000005,54.540000000000006,11.373333333333337,25.9
352a2a92802487c32fa051f18f0fd7c53ef4b517d562a78369c7f8c679c6ac60,25/01/2019,523,0.026666667,39.64,24.89333333333333,24.466666666666665,56.39333333333334,11.78,26.71333333333333
352a2a92802487c32fa051f18f0fd7c53ef4b517d562a78369c7f8c679c6ac60,9/02/2019,529,0.7533333333332545,34.50666666666667,23.71333333333333,36.24666666666667,66.42,8.280000000000001,16.533333333333335
352a2a92802487c32fa051f18f0fd7c53ef4b517d562a78369c7f8c679c6ac60,24/02/2019,810.666667,0.2733333333332666,38.53333333333333,21.52,18.96,48.4,11.24,26.953333333333333
352a2a92802487c32fa051f18f0fd7c53ef4b517d562a78369c7f8c679c6ac60,11/03/2019,829.666667,0.006666667,36.406666666666666,22.89333333333333,28.646666666666665,62.31333333333334,9.080000000000002,20.62
352a2a92802487c32fa051f18f0fd7c53ef4b517d562a78369c7f8c679c6ac60,26/03/2019,855.666667,7.306666667,36.44666666666667,23.100000000000005,34.5,70.86,8.233333333333334,20.173333333333336
352a2a92802487c32fa051f18f0fd7c53ef4b517d562a78369c7f8c679c6ac60,10/04/2019,772.333333,9.046666666666594,28.53333333333333,17.273333333333333,44.013333333333335,82.54,5.526666666666667,18.36
352a2a92802487c32fa051f18f0fd7c53ef4b517d562a78369c7f8c679c6ac60,25/04/2019,1048,0.006666667,28.30666666666667,16.073333333333334,41.95333333333334,85.45333333333335,5.213333333333334,16.580000000000002
352a2a92802487c32fa051f18f0fd7c53ef4b517d562a78369c7f8c679c6ac60,10/05/2019,1196.666667,0.733333333,24.866666666666667,12.660000000000002,45.56666666666667,91.29333333333332,4.08,15.286666666666669
352a2a92802487c32fa051f18f0fd7c53ef4b517d562a78369c7f8c679c6ac60,25/05/2019,1331.333333,0,25.706666666666667,10.933333333333334,39.59333333333334,95.96,4.006666666666667,14.313333333333334
352a2a92802487c32fa051f18f0fd7c53ef4b517d562a78369c7f8c679c6ac60,9/06/2019,1138.333333,0.006666667,20.613333333333337,5.3133333333333335,35.306666666666665,90.57333333333334,3.3000000000000003,12.486666666666668
352a2a92802487c32fa051f18f0fd7c53ef4b517d562a78369c7f8c679c6ac60,24/06/2019,1157,0,22.39333333333333,5.673333333333334,32.440000000000005,89.83333333333333,3.253333333333333,14.593333333333334
352a2a92802487c32fa051f18f0fd7c53ef4b517d562a78369c7f8c679c6ac60,9/07/2019,1015,0.1666666666666363,23.346666666666668,9.8,41.22666666666667,90.45333333333332,3.140000000000001,11.186666666666667
352a2a92802487c32fa051f18f0fd7c53ef4b517d562a78369c7f8c679c6ac60,24/07/2019,997,0,22.71333333333333,4.24,30.08,92.02666666666669,3.4000000000000004,15.98
352a2a92802487c32fa051f18f0fd7c53ef4b517d562a78369c7f8c679c6ac60,8/08/2019,985.666667,0.013333333,25.15333333333333,7.38,24.99333333333333,76.08,4.16,14.613333333333337
352a2a92802487c32fa051f18f0fd7c53ef4b517d562a78369c7f8c679c6ac60,23/08/2019,913,0,23.586666666666662,5.24,23.633333333333336,77.52000000000001,4.5200000000000005,19.24666666666667
352a2a92802487c32fa051f18f0fd7c53ef4b517d562a78369c7f8c679c6ac60,7/09/2019,837.333333,0,28.2,8.74,18.60666666666667,58.10666666666668,6.1000000000000005,21.113333333333337
352a2a92802487c32fa051f18f0fd7c53ef4b517d562a78369c7f8c679c6ac60,22/09/2019,662.666667,0,28.926666666666662,8.586666666666668,17.1,58.67333333333333,7.013333333333334,23.26
352a2a92802487c32fa051f18f0fd7c53ef4b517d562a78369c7f8c679c6ac60,7/10/2019,560.666667,0,32.21333333333333,15.76,21.71333333333333,58.53333333333333,8.026666666666667,22.513333333333332
352a2a92802487c32fa051f18f0fd7c53ef4b517d562a78369c7f8c679c6ac60,22/10/2019,488,0,34.04666666666667,15.153333333333334,13.786666666666669,41.27333333333333,9.626666666666669,25.133333333333333
352a2a92802487c32fa051f18f0fd7c53ef4b517d562a78369c7f8c679c6ac60,6/11/2019,543.666667,4.806666667,31.020000000000003,18.433333333333334,32.24,64.21333333333334,8.033333333333333,21.80666666666667
352a2a92802487c32fa051f18f0fd7c53ef4b517d562a78369c7f8c679c6ac60,21/11/2019,643.333333,0,35.32,16.253333333333334,15.753333333333334,48.28666666666667,11,29.62
352a2a92802487c32fa051f18f0fd7c53ef4b517d562a78369c7f8c679c6ac60,6/12/2019,640.333333,0.4066666666666302,36.66,20.506666666666668,20.87333333333333,50.99333333333333,11.04,26.800000000000004
352a2a92802487c32fa051f18f0fd7c53ef4b517d562a78369c7f8c679c6ac60,21/12/2019,636.333333,0,40.38666666666667,22.513333333333332,15.133333333333333,40.77333333333333,13.193333333333332,28.89333333333333
352a2a92802487c32fa051f18f0fd7c53ef4b517d562a78369c7f8c679c6ac60,5/01/2020,629,0.02,40.04666666666667,24.94666666666667,22.013333333333332,51.4,12.42,27.506666666666668
352a2a92802487c32fa051f18f0fd7c53ef4b517d562a78369c7f8c679c6ac60,20/01/2020,707,1.2399999999999334,38.16,24.32,27.973333333333336,62.06666666666667,10.68,25.133333333333333
352a2a92802487c32fa051f18f0fd7c53ef4b517d562a78369c7f8c679c6ac60,4/02/2020,752.666667,5.346666666666594,34.86666666666667,23.92,42.833333333333336,77.89333333333335,8.360000000000001,19.34
352a2a92802487c32fa051f18f0fd7c53ef4b517d562a78369c7f8c679c6ac60,19/02/2020,738,2.479999999999897,36.88,22.89333333333333,36.333333333333336,80.49333333333334,9.2,24.48
352a2a92802487c32fa051f18f0fd7c53ef4b517d562a78369c7f8c679c6ac60,5/03/2020,814,11.133333333333212,33.49333333333333,22.65333333333333,46.38666666666667,85.04,7.246666666666667,19.44
352a2a92802487c32fa051f18f0fd7c53ef4b517d562a78369c7f8c679c6ac60,20/03/2020,1908,1.433333333333303,31.026666666666664,17.446666666666665,39.726666666666674,88.09333333333333,7.1866666666666665,21.92666666666667
352a2a92802487c32fa051f18f0fd7c53ef4b517d562a78369c7f8c679c6ac60,4/04/2020,2194.333333,0.4799999999999879,33.506666666666675,19.793333333333337,36.27333333333333,81.08,7.193333333333333,19.646666666666665
352a2a92802487c32fa051f18f0fd7c53ef4b517d562a78369c7f8c679c6ac60,19/04/2020,2005,0,31.286666666666665,15.573333333333334,29.433333333333337,75.32666666666665,6.266666666666668,19.58666666666667
352a2a92802487c32fa051f18f0fd7c53ef4b517d562a78369c7f8c679c6ac60,4/05/2020,1499.666667,0.006666667,29.040000000000003,12.893333333333334,29.89333333333333,77.42,5.613333333333333,17.94
352a2a92802487c32fa051f18f0fd7c53ef4b517d562a78369c7f8c679c6ac60,19/05/2020,1383,0,26.64666666666667,11.273333333333335,29.773333333333333,76.74000000000001,4.46,15.88
352a2a92802487c32fa051f18f0fd7c53ef4b517d562a78369c7f8c679c6ac60,3/06/2020,1370.666667,0.8599999999999455,21.02,7.9333333333333345,42.333333333333336,89.9,3.313333333333333,12.853333333333332
352a2a92802487c32fa051f18f0fd7c53ef4b517d562a78369c7f8c679c6ac60,18/06/2020,1056.666667,0.1199999999999818,24.89333333333333,8.76,33.72666666666667,90.98666666666666,3.4533333333333336,14.213333333333336
352a2a92802487c32fa051f18f0fd7c53ef4b517d562a78369c7f8c679c6ac60,3/07/2020,1031.666667,0.006666667,23.3,6.326666666666667,33.79333333333334,96.66666666666669,3.3000000000000003,13.873333333333337
352a2a92802487c32fa051f18f0fd7c53ef4b517d562a78369c7f8c679c6ac60,18/07/2020,1094,0,21.633333333333336,4.506666666666666,32.653333333333336,94.88666666666668,3.26,14.726666666666668
352a2a92802487c32fa051f18f0fd7c53ef4b517d562a78369c7f8c679c6ac60,2/08/2020,883.333333,0,23.246666666666663,5.366666666666666,29.60666666666667,90,3.58,15.640000000000002
352a2a92802487c32fa051f18f0fd7c53ef4b517d562a78369c7f8c679c6ac60,17/08/2020,783,1.6866666666666486,24.493333333333336,8.366666666666667,35.373333333333335,90.72,4.286666666666667,16.693333333333335
352a2a92802487c32fa051f18f0fd7c53ef4b517d562a78369c7f8c679c6ac60,1/09/2020,785.666667,0,25.39333333333333,6.540000000000001,21.233333333333334,69.96666666666667,5.066666666666666,20.68666666666667
352a2a92802487c32fa051f18f0fd7c53ef4b517d562a78369c7f8c679c6ac60,16/09/2020,794.333333,0,29.846666666666668,14.28,30.05333333333333,77.96000000000001,6.473333333333334,20.88
352a2a92802487c32fa051f18f0fd7c53ef4b517d562a78369c7f8c679c6ac60,1/10/2020,776,2.113333333333291,28.75333333333333,14.653333333333334,29.8,67.09333333333333,6.5,20.15333333333333
352a2a92802487c32fa051f18f0fd7c53ef4b517d562a78369c7f8c679c6ac60,16/10/2020,632,0.5999999999999394,31.500000000000004,16.693333333333335,27.660000000000004,66.69333333333334,8.073333333333334,23.980000000000004
352a2a92802487c32fa051f18f0fd7c53ef4b517d562a78369c7f8c679c6ac60,31/10/2020,485.333333,0.3199999999999515,32.406666666666666,15.006666666666668,23.74666666666667,65.02666666666667,8.513333333333334,24.3
352a2a92802487c32fa051f18f0fd7c53ef4b517d562a78369c7f8c679c6ac60,15/11/2020,507.333333,0.6866666666666484,35.126666666666665,17.873333333333335,23.34,60.11333333333334,10.253333333333334,27.44666666666667
352a2a92802487c32fa051f18f0fd7c53ef4b517d562a78369c7f8c679c6ac60,30/11/2020,573.333333,0.033333333,39.080000000000005,24.146666666666665,21.106666666666666,48.68666666666668,11.813333333333334,28.773333333333333
352a2a92802487c32fa051f18f0fd7c53ef4b517d562a78369c7f8c679c6ac60,15/12/2020,623.666667,0.7333333333332727,37.48666666666667,23.360000000000003,23.94,52.92,11.313333333333334,25.973333333333336
352a2a92802487c32fa051f18f0fd7c53ef4b517d562a78369c7f8c679c6ac60,30/12/2020,605,1.8266666666665816,34.74666666666667,23.100000000000005,39.81333333333334,74.86,9.253333333333334,19.84
352a2a92802487c32fa051f18f0fd7c53ef4b517d562a78369c7f8c679c6ac60,14/01/2021,1530.333333,4.226666666666521,33.086666666666666,21.326666666666664,45.24666666666667,88.89333333333335,8.000000000000002,21
352a2a92802487c32fa051f18f0fd7c53ef4b517d562a78369c7f8c679c6ac60,29/01/2021,1572.333333,0.6799999999999575,37.02666666666666,22.920000000000005,27.78,62.11333333333334,10.593333333333334,25.360000000000003
352a2a92802487c32fa051f18f0fd7c53ef4b517d562a78369c7f8c679c6ac60,13/02/2021,1298.333333,2.513333333,36.726666666666674,23.733333333333334,34.913333333333334,73.01333333333334,9.086666666666668,21.55333333333333
352a2a92802487c32fa051f18f0fd7c53ef4b517d562a78369c7f8c679c6ac60,28/02/2021,875.333333,1.966666666666606,35.89333333333333,21.78666666666667,33.986666666666665,75.64666666666668,8.813333333333334,21.866666666666667
352a2a92802487c32fa051f18f0fd7c53ef4b517d562a78369c7f8c679c6ac60,15/03/2021,822.333333,2.233333333333273,34.82000000000001,20.80666666666667,34.406666666666666,73.5,7.913333333333333,21.953333333333333
352a2a92802487c32fa051f18f0fd7c53ef4b517d562a78369c7f8c679c6ac60,30/03/2021,1120.333333,3.0799999999999272,31.08,19.146666666666665,43.8,86.16000000000001,6.453333333333334,17.746666666666666
352a2a92802487c32fa051f18f0fd7c53ef4b517d562a78369c7f8c679c6ac60,14/04/2021,1692,1.4533333333333152,29.980000000000004,15.713333333333331,36.48666666666667,83.86666666666666,5.88,19.013333333333332
352a2a92802487c32fa051f18f0fd7c53ef4b517d562a78369c7f8c679c6ac60,29/04/2021,1577.333333,0.026666667,28.793333333333333,12.74,27.88666666666667,74.79333333333332,5.793333333333334,17.473333333333336
352a2a92802487c32fa051f18f0fd7c53ef4b517d562a78369c7f8c679c6ac60,14/05/2021,1863,0.04,27.586666666666662,11.473333333333334,32.580000000000005,87.33333333333334,4.6,16.766666666666666
352a2a92802487c32fa051f18f0fd7c53ef4b517d562a78369c7f8c679c6ac60,29/05/2021,1299,0,24.473333333333336,8.053333333333335,28.706666666666667,80.88000000000001,4.220000000000001,15.6
352a2a92802487c32fa051f18f0fd7c53ef4b517d562a78369c7f8c679c6ac60,13/06/2021,1184.333333,0.093333333,22.64666666666667,5.98,33.940000000000005,91.71333333333334,3.353333333333333,13.233333333333333
352a2a92802487c32fa051f18f0fd7c53ef4b517d562a78369c7f8c679c6ac60,28/06/2021,1505.666667,1.2933333333332788,21.366666666666667,6.746666666666667,40.45333333333333,92.74,3.026666666666667,11.453333333333337
352a2a92802487c32fa051f18f0fd7c53ef4b517d562a78369c7f8c679c6ac60,13/07/2021,1309.333333,1.3199999999999212,20.966666666666672,6.5,41.866666666666674,97.54,2.960000000000001,13.733333333333336
352a2a92802487c32fa051f18f0fd7c53ef4b517d562a78369c7f8c679c6ac60,28/07/2021,987.333333,0,23.146666666666665,5.573333333333334,31.07333333333333,90.68666666666668,3.4400000000000004,15.1
352a2a92802487c32fa051f18f0fd7c53ef4b517d562a78369c7f8c679c6ac60,12/08/2021,846.333333,0.08,25.480000000000004,8.873333333333333,31.006666666666668,87.15333333333335,4.320000000000001,16.66
352a2a92802487c32fa051f18f0fd7c53ef4b517d562a78369c7f8c679c6ac60,27/08/2021,786.333333,0.3466666666666545,25.60666666666667,9.12,27.133333333333333,76.44,4.653333333333333,18.913333333333338
352a2a92802487c32fa051f18f0fd7c53ef4b517d562a78369c7f8c679c6ac60,11/09/2021,696,0,27.886666666666667,10.52,27.313333333333336,76.36666666666669,5.853333333333334,19.58
352a2a92802487c32fa051f18f0fd7c53ef4b517d562a78369c7f8c679c6ac60,26/09/2021,617.666667,0,29.540000000000003,11.646666666666668,19.473333333333336,58.553333333333335,7.12,23.18
352a2a92802487c32fa051f18f0fd7c53ef4b517d562a78369c7f8c679c6ac60,11/10/2021,537.666667,0.2799999999999878,31.89333333333333,15.693333333333335,28.05333333333333,67.88000000000001,7.820000000000001,21.540000000000003
352a2a92802487c32fa051f18f0fd7c53ef4b517d562a78369c7f8c679c6ac60,26/10/2021,505.666667,0.2199999999999514,34.04666666666667,15.24,20.62,61.02666666666667,9.073333333333332,24.07333333333333
352a2a92802487c32fa051f18f0fd7c53ef4b517d562a78369c7f8c679c6ac60,10/11/2021,665,4.953333333333194,33.50666666666667,21.046666666666667,37.58,76.90000000000002,8.093333333333334,21.75333333333333
352a2a92802487c32fa051f18f0fd7c53ef4b517d562a78369c7f8c679c6ac60,25/11/2021,1495,4.853333333333255,29.73333333333333,17.213333333333335,37.48,75.76666666666667,8.033333333333333,23.813333333333336
352a2a92802487c32fa051f18f0fd7c53ef4b517d562a78369c7f8c679c6ac60,10/12/2021,1764.666667,5.673333333333236,32.45333333333333,19.300000000000004,41.24,86.75333333333333,8.726666666666667,24
352a2a92802487c32fa051f18f0fd7c53ef4b517d562a78369c7f8c679c6ac60,25/12/2021,1791.333333,0.2199999999999211,36.49333333333334,20.773333333333333,29.87333333333333,74.05333333333333,10.733333333333333,27.593333333333337
352a2a92802487c32fa051f18f0fd7c53ef4b517d562a78369c7f8c679c6ac60,9/01/2022,1339,1.0599999999999454,38.25333333333333,21.64,27.973333333333336,70.89333333333335,11.086666666666668,26.540000000000003
352a2a92802487c32fa051f18f0fd7c53ef4b517d562a78369c7f8c679c6ac60,24/01/2022,1018,6.153333333333224,37.58666666666667,24.35333333333333,33.14666666666667,68.8,10.04,21.55333333333333
352a2a92802487c32fa051f18f0fd7c53ef4b517d562a78369c7f8c679c6ac60,8/02/2022,984,5.126666666666552,33.04,21.113333333333337,43.37333333333333,84.56,7.686666666666666,20.14
352a2a92802487c32fa051f18f0fd7c53ef4b517d562a78369c7f8c679c6ac60,23/02/2022,1732,1.7399999999999334,36.41333333333333,21.28666666666667,31.44666666666667,75.36,9.26,25.71333333333333
352a2a92802487c32fa051f18f0fd7c53ef4b517d562a78369c7f8c679c6ac60,10/03/2022,1237,0.02,37.14666666666667,20.35333333333333,27.26,71.43333333333334,9.386666666666668,22.973333333333336
352a2a92802487c32fa051f18f0fd7c53ef4b517d562a78369c7f8c679c6ac60,25/03/2022,920.666667,2.333333333333333,35.160000000000004,20.10666666666667,31.58,75.64666666666668,8.126666666666667,22.646666666666665
352a2a92802487c32fa051f18f0fd7c53ef4b517d562a78369c7f8c679c6ac60,9/04/2022,1073,3.939999999999873,31.980000000000004,17.953333333333333,38.78666666666667,87.28666666666668,6.293333333333334,19.44
352a2a92802487c32fa051f18f0fd7c53ef4b517d562a78369c7f8c679c6ac60,24/04/2022,1396,0.033333333,31.10666666666667,16.726666666666667,35.19333333333334,81.48,5.946666666666667,17.74666666666667
352a2a92802487c32fa051f18f0fd7c53ef4b517d562a78369c7f8c679c6ac60,9/05/2022,2116,6.313333333,25.6,16.113333333333333,51.88,90.25333333333332,3.793333333333334,11.62
352a2a92802487c32fa051f18f0fd7c53ef4b517d562a78369c7f8c679c6ac60,24/05/2022,1980.333333,3.233333333333273,24.19333333333333,14.886666666666668,57.85333333333333,97.65333333333336,3.2533333333333334,11.073333333333332
352a2a92802487c32fa051f18f0fd7c53ef4b517d562a78369c7f8c679c6ac60,8/06/2022,2354.666667,0.2199999999999818,21.660000000000004,9.393333333333334,47.48,94.14666666666668,3.08,11.186666666666667
352a2a92802487c32fa051f18f0fd7c53ef4b517d562a78369c7f8c679c6ac60,23/06/2022,1809.333333,0,21.40666666666667,4.24,37.02,98.28,3.1133333333333337,14.080000000000002
352a2a92802487c32fa051f18f0fd7c53ef4b517d562a78369c7f8c679c6ac60,8/07/2022,1627,1.8999999999999695,18.91333333333333,6.553333333333334,51.76666666666667,98.92000000000002,2.6,11.06
352a2a92802487c32fa051f18f0fd7c53ef4b517d562a78369c7f8c679c6ac60,23/07/2022,1486.666667,1.1733333333333271,20.226666666666667,3.64,39.1,99.09333333333332,2.9933333333333336,15.206666666666669
352a2a92802487c32fa051f18f0fd7c53ef4b517d562a78369c7f8c679c6ac60,7/08/2022,1456,0.426666667,23.22666666666667,8.953333333333335,42.653333333333336,97.43333333333334,3.433333333333333,14.793333333333331
352a2a92802487c32fa051f18f0fd7c53ef4b517d562a78369c7f8c679c6ac60,22/08/2022,1346,0.026666667,22.92,5.1066666666666665,32.03333333333333,94.96666666666668,4.153333333333333,17.453333333333333
352a2a92802487c32fa051f18f0fd7c53ef4b517d562a78369c7f8c679c6ac60,6/09/2022,1544.333333,4.466666666666606,22.84,9.773333333333332,43.53333333333333,91.26,4.066666666666666,17.3
352a2a92802487c32fa051f18f0fd7c53ef4b517d562a78369c7f8c679c6ac60,21/09/2022,1920.333333,1.913333333333291,26.10666666666667,11.86,37.6,86.83333333333333,5.42,18.53333333333334
352a2a92802487c32fa051f18f0fd7c53ef4b517d562a78369c7f8c679c6ac60,6/10/2022,1948,0.7399999999999636,27.74,12.913333333333334,36.67333333333333,88.48,6.073333333333334,20.34
352a2a92802487c32fa051f18f0fd7c53ef4b517d562a78369c7f8c679c6ac60,21/10/2022,1936.666667,3.633333333333242,28.72666666666667,16.226666666666667,45.13333333333333,92.23333333333332,6.3,19.10666666666667
352a2a92802487c32fa051f18f0fd7c53ef4b517d562a78369c7f8c679c6ac60,5/11/2022,2007.333333,0.533333333,31.040000000000003,14.946666666666667,28.26666666666667,73.44666666666667,8.38,24.56666666666667
352a2a92802487c32fa051f18f0fd7c53ef4b517d562a78369c7f8c679c6ac60,20/11/2022,2022.666667,0.4733333333332666,32.43333333333333,17.533333333333335,29.7,71.48666666666666,8.866666666666669,22.72
352a2a92802487c32fa051f18f0fd7c53ef4b517d562a78369c7f8c679c6ac60,5/12/2022,1928.333333,0.2399999999999029,32.74666666666667,18.113333333333333,27.860000000000003,65.89333333333335,8.906666666666666,22.60666666666667
352a2a92802487c32fa051f18f0fd7c53ef4b517d562a78369c7f8c679c6ac60,20/12/2022,1349,1.6933333333332787,35.17333333333333,19.69333333333333,26.133333333333333,61.84,10.493333333333336,26.42666666666667
352a2a92802487c32fa051f18f0fd7c53ef4b517d562a78369c7f8c679c6ac60,4/01/2023,1049,1.3533333333332849,34.559999999999995,21.69333333333333,35.92,73.50000000000001,9.466666666666669,21.133333333333333
352a2a92802487c32fa051f18f0fd7c53ef4b517d562a78369c7f8c679c6ac60,19/01/2023,1316.333333,5.853333333333224,31.920000000000005,20.84666666666667,48.56666666666667,88.86,7.34,20.72666666666667
352a2a92802487c32fa051f18f0fd7c53ef4b517d562a78369c7f8c679c6ac60,3/02/2023,2482.666667,1.9799999999998663,34.68,22.7,43.23333333333333,86.20666666666666,8.393333333333334,25.513333333333332
352a2a92802487c32fa051f18f0fd7c53ef4b517d562a78369c7f8c679c6ac60,18/02/2023,2070,1.559999999999976,34.64666666666667,20.280000000000005,35.42666666666666,77.18,8.493333333333334,23.26666666666667
352a2a92802487c32fa051f18f0fd7c53ef4b517d562a78369c7f8c679c6ac60,5/03/2023,2117.333333,0.1599999999999454,35.79333333333333,21.246666666666663,32.5,75.82666666666667,8.653333333333334,22.913333333333338
352a2a92802487c32fa051f18f0fd7c53ef4b517d562a78369c7f8c679c6ac60,20/03/2023,2092,5.206666667,32.81333333333333,20.15333333333333,48.52,93.42666666666668,6.506666666666667,19.08
352a2a92802487c32fa051f18f0fd7c53ef4b517d562a78369c7f8c679c6ac60,4/04/2023,2102.333333,0.026666667,33.1,18.586666666666662,34.826666666666675,81.79333333333334,7.086666666666668,20.60666666666667
352a2a92802487c32fa051f18f0fd7c53ef4b517d562a78369c7f8c679c6ac60,19/04/2023,1664.333333,0.1399999999999636,32.00000000000001,13.840000000000002,28.453333333333337,80.24,6.306666666666668,18.03333333333333
352a2a92802487c32fa051f18f0fd7c53ef4b517d562a78369c7f8c679c6ac60,4/05/2023,1677.333333,0.2,28.30666666666667,12.6,34.866666666666674,88.9,5.073333333333334,16.37333333333333
352a2a92802487c32fa051f18f0fd7c53ef4b517d562a78369c7f8c679c6ac60,19/05/2023,1778.666667,0.013333333,25.22,8.006666666666668,30.833333333333336,88.6,4.28,16.32
352a2a92802487c32fa051f18f0fd7c53ef4b517d562a78369c7f8c679c6ac60,3/06/2023,1530.666667,0,24.26,4.2,25.59333333333333,89.6,4.140000000000001,15.66
352a2a92802487c32fa051f18f0fd7c53ef4b517d562a78369c7f8c679c6ac60,18/06/2023,1567.666667,0.08,25.68,9.713333333333331,34.36666666666667,90.74666666666668,3.5,14.146666666666668
352a2a92802487c32fa051f18f0fd7c53ef4b517d562a78369c7f8c679c6ac60,3/07/2023,1545.333333,0.3599999999999757,23.933333333333337,9.68,34.726666666666674,76.06,3.5,12.746666666666668
352a2a92802487c32fa051f18f0fd7c53ef4b517d562a78369c7f8c679c6ac60,18/07/2023,1516.666667,2.4866666666666486,22.506666666666668,7.053333333333333,40.553333333333335,97.04,3.12,14.6
352a2a92802487c32fa051f18f0fd7c53ef4b517d562a78369c7f8c679c6ac60,2/08/2023,1896.333333,0.006666667,24.57333333333333,8.413333333333334,32.653333333333336,88.84,3.693333333333334,16.093333333333334
352a2a92802487c32fa051f18f0fd7c53ef4b517d562a78369c7f8c679c6ac60,17/08/2023,2015.666667,0,27.540000000000003,8.44,26.106666666666676,83.69333333333333,4.94,17.98
352a2a92802487c32fa051f18f0fd7c53ef4b517d562a78369c7f8c679c6ac60,1/09/2023,1740,0,27.74,8.626666666666667,25.42,82.56666666666668,5.173333333333334,19.44666666666667
352a2a92802487c32fa051f18f0fd7c53ef4b517d562a78369c7f8c679c6ac60,16/09/2023,1548.666667,0,29.74,10.853333333333332,20.486666666666668,67.30666666666666,6.933333333333334,21.366666666666667
352a2a92802487c32fa051f18f0fd7c53ef4b517d562a78369c7f8c679c6ac60,1/10/2023,1203.666667,0,32.166666666666664,14.286666666666669,24.14666666666667,71.12000000000002,7.52,23.24
352a2a92802487c32fa051f18f0fd7c53ef4b517d562a78369c7f8c679c6ac60,16/10/2023,1039.666667,0,32.17333333333333,15.060000000000002,23.006666666666664,62.47333333333334,8.360000000000001,24.493333333333336
352a2a92802487c32fa051f18f0fd7c53ef4b517d562a78369c7f8c679c6ac60,31/10/2023,1000.666667,0.233333333,34.66,16.64666666666667,18.3,52.96,9.606666666666666,26.860000000000003
352a2a92802487c32fa051f18f0fd7c53ef4b517d562a78369c7f8c679c6ac60,15/11/2023,1134.666667,1.6533333333333151,35.980000000000004,20.473333333333336,26.37333333333333,62.680000000000014,10.240000000000002,27.473333333333336
352a2a92802487c32fa051f18f0fd7c53ef4b517d562a78369c7f8c679c6ac60,30/11/2023,1125,5.326666666666552,32.300000000000004,20.7,42.49333333333334,79.61333333333333,7.760000000000001,21.24
352a2a92802487c32fa051f18f0fd7c53ef4b517d562a78369c7f8c679c6ac60,15/12/2023,1515,0.1266666666666424,36.873333333333335,21.44666666666667,30.433333333333334,74.35333333333334,10.793333333333331,29.44
352a2a92802487c32fa051f18f0fd7c53ef4b517d562a78369c7f8c679c6ac60,30/12/2023,1579,3.2066666666665395,37.73333333333333,20.826666666666668,29.613333333333337,74.10666666666667,10.926666666666668,28.08
352a2a92802487c32fa051f18f0fd7c53ef4b517d562a78369c7f8c679c6ac60,14/01/2024,1459.666667,2.539999999999903,36.873333333333335,23.02,37.94000000000001,82.58000000000001,9.300000000000002,24.92666666666667
352a2a92802487c32fa051f18f0fd7c53ef4b517d562a78369c7f8c679c6ac60,29/01/2024,1522.666667,3.619999999999952,37.68666666666668,25.266666666666666,40.06666666666668,80.06,9.406666666666666,24.953333333333333
352a2a92802487c32fa051f18f0fd7c53ef4b517d562a78369c7f8c679c6ac60,13/02/2024,1718.666667,2.9333333333332727,36.52666666666666,23.52,39.64666666666667,82.68666666666668,8.706666666666667,24.006666666666668
352a2a92802487c32fa051f18f0fd7c53ef4b517d562a78369c7f8c679c6ac60,28/02/2024,2430,3.139999999999933,33.8,21.96,47.36,93.4,7.293333333333334,22.433333333333334
352a2a92802487c32fa051f18f0fd7c53ef4b517d562a78369c7f8c679c6ac60,14/03/2024,2220.666667,0,35.593333333333334,20.71333333333333,33.85333333333333,80.24666666666667,8.366666666666667,24.66666666666667
352a2a92802487c32fa051f18f0fd7c53ef4b517d562a78369c7f8c679c6ac60,29/03/2024,2279,6.093333333333248,32.653333333333336,21.9,48.13333333333333,85.00000000000001,6.3533333333333335,16.613333333333333
352a2a92802487c32fa051f18f0fd7c53ef4b517d562a78369c7f8c679c6ac60,13/04/2024,2418,7.059999999999976,28.68,15.973333333333334,44.85333333333334,92.64666666666668,5.373333333333334,19.18
352a2a92802487c32fa051f18f0fd7c53ef4b517d562a78369c7f8c679c6ac60,28/04/2024,2387.333333,0.1199999999999818,28.74,13.793333333333331,37.34,91.09333333333332,5.433333333333334,18.88
352a2a92802487c32fa051f18f0fd7c53ef4b517d562a78369c7f8c679c6ac60,13/05/2024,2465.666667,0.7466666666666242,27.84,13.653333333333334,42.013333333333335,96.86,4.34,16.30666666666667
352a2a92802487c32fa051f18f0fd7c53ef4b517d562a78369c7f8c679c6ac60,28/05/2024,2563.666667,0,25.72666666666667,8.666666666666666,33.95333333333333,96.15333333333336,4.1866666666666665,15.533333333333331
352a2a92802487c32fa051f18f0fd7c53ef4b517d562a78369c7f8c679c6ac60,12/06/2024,2567.666667,0.7533333333333151,22.52,6.306666666666668,40.52,98.18666666666668,3.193333333333334,13.913333333333334
352a2a92802487c32fa051f18f0fd7c53ef4b517d562a78369c7f8c679c6ac60,27/06/2024,2623.666667,0.073333333,23.19333333333333,4.920000000000001,31.773333333333333,93.98,3.326666666666667,13.86
352a2a92802487c32fa051f18f0fd7c53ef4b517d562a78369c7f8c679c6ac60,12/07/2024,2163.666667,0.5733333333332666,23.726666666666667,9.54,46.406666666666666,99.00666666666666,2.993333333333333,13.153333333333334
352a2a92802487c32fa051f18f0fd7c53ef4b517d562a78369c7f8c679c6ac60,27/07/2024,2381.333333,0.2733333333333272,21.453333333333337,3.933333333333333,33.81333333333334,96.06,3.2066666666666674,14.926666666666668
352a2a92802487c32fa051f18f0fd7c53ef4b517d562a78369c7f8c679c6ac60,11/08/2024,2590.333333,0.2466666666666242,23.646666666666665,6.133333333333335,32.86,90.52666666666669,3.886666666666667,15.986666666666668
352a2a92802487c32fa051f18f0fd7c53ef4b517d562a78369c7f8c679c6ac60,26/08/2024,2276.333333,0.2799999999999878,29.333333333333336,10.92,32.60666666666667,91.03333333333332,5.053333333333333,18.673333333333336
352a2a92802487c32fa051f18f0fd7c53ef4b517d562a78369c7f8c679c6ac60,10/09/2024,1988.666667,0,32.373333333333335,13.033333333333331,24.633333333333336,79.38000000000001,6.820000000000001,20.91333333333333
352a2a92802487c32fa051f18f0fd7c53ef4b517d562a78369c7f8c679c6ac60,25/09/2024,1971.666667,0,29.753333333333337,11.673333333333336,20.36,60.11333333333334,7.0600000000000005,22.39333333333333
352a2a92802487c32fa051f18f0fd7c53ef4b517d562a78369c7f8c679c6ac60,10/10/2024,1922.333333,1.0266666666666424,32.260000000000005,14.886666666666668,26.76,74,7.813333333333333,23.12666666666667
352a2a92802487c32fa051f18f0fd7c53ef4b517d562a78369c7f8c679c6ac60,25/10/2024,1857,0,35.059999999999995,19.12,26.37333333333333,66.95333333333333,8.98,24.90666666666667
352a2a92802487c32fa051f18f0fd7c53ef4b517d562a78369c7f8c679c6ac60,9/11/2024,2240.333333,0.4599999999999757,37.620000000000005,20.33333333333333,20.83333333333333,55.586666666666666,10.76,26.953333333333333
352a2a92802487c32fa051f18f0fd7c53ef4b517d562a78369c7f8c679c6ac60,24/11/2024,2313,4.906666666666539,34.306666666666665,21.56,38.81333333333334,79.30666666666667,8.506666666666666,22.72666666666667
352a2a92802487c32fa051f18f0fd7c53ef4b517d562a78369c7f8c679c6ac60,9/12/2024,2167,2.8933333333332483,34.326666666666675,22.860000000000003,44.013333333333335,82.70666666666668,8.833333333333336,25.05333333333333
352a2a92802487c32fa051f18f0fd7c53ef4b517d562a78369c7f8c679c6ac60,24/12/2024,2054.666667,0.2666666666666363,36.42,21.933333333333334,34.513333333333335,78.01333333333334,10.32,28.12
ec69095b93c4aae8d9142122118cbab81e7cfd2f5c30f140d1f15540113ad426,4/02/2017,846,1.5199999999999514,37.96000000000001,24.57333333333333,35.413333333333334,74.87999999999998,10.026666666666667,24.83333333333333
ec69095b93c4aae8d9142122118cbab81e7cfd2f5c30f140d1f15540113ad426,19/02/2017,793.333333,0.5599999999999757,39.55333333333333,24.57333333333333,27.326666666666664,62.64666666666667,10.806666666666668,25.03333333333333
ec69095b93c4aae8d9142122118cbab81e7cfd2f5c30f140d1f15540113ad426,6/03/2017,777,1.3999999999999695,36.17333333333333,21.2,30.833333333333336,73.52666666666667,8.813333333333334,21.200000000000003
ec69095b93c4aae8d9142122118cbab81e7cfd2f5c30f140d1f15540113ad426,21/03/2017,781.666667,0.6333333333332727,36.81333333333334,20.73333333333333,28.933333333333334,70.32666666666667,8.66,20.9
ec69095b93c4aae8d9142122118cbab81e7cfd2f5c30f140d1f15540113ad426,5/04/2017,764,0.073333333,34.266666666666666,18.966666666666672,31.44,75.59333333333332,7.480000000000001,19.57333333333333
ec69095b93c4aae8d9142122118cbab81e7cfd2f5c30f140d1f15540113ad426,20/04/2017,758,0,31.593333333333337,14.26666666666667,26.68666666666667,75.52000000000001,6.5,20.42666666666667
ec69095b93c4aae8d9142122118cbab81e7cfd2f5c30f140d1f15540113ad426,5/05/2017,721.333333,0.006666667,29.25333333333333,14.566666666666666,31.59333333333334,77.10666666666665,5.473333333333334,16.473333333333336
ec69095b93c4aae8d9142122118cbab81e7cfd2f5c30f140d1f15540113ad426,20/05/2017,654,0.5666666666666363,27.506666666666668,11.993333333333334,34.50666666666667,85.10666666666667,4.46,14.653333333333334
ec69095b93c4aae8d9142122118cbab81e7cfd2f5c30f140d1f15540113ad426,4/06/2017,715,0,26.933333333333337,9.6,27.040000000000003,78.46666666666667,4.46,15.580000000000002
ec69095b93c4aae8d9142122118cbab81e7cfd2f5c30f140d1f15540113ad426,19/06/2017,737.666667,0,24.02,6.233333333333333,29.753333333333337,89.36,3.553333333333333,15.2
ec69095b93c4aae8d9142122118cbab81e7cfd2f5c30f140d1f15540113ad426,4/07/2017,796.666667,0.093333333,25.38,8.860000000000001,33.04,89.06,3.5733333333333337,13.5
ec69095b93c4aae8d9142122118cbab81e7cfd2f5c30f140d1f15540113ad426,19/07/2017,874.666667,1.206666667,25.15333333333334,10.76666666666667,37.46666666666668,87.65333333333334,3.4866666666666664,13.340000000000002
ec69095b93c4aae8d9142122118cbab81e7cfd2f5c30f140d1f15540113ad426,3/08/2017,765,0,26.6,7.233333333333333,22.22666666666667,73.84,4.333333333333333,17.426666666666666
ec69095b93c4aae8d9142122118cbab81e7cfd2f5c30f140d1f15540113ad426,18/08/2017,665.666667,0,28.180000000000003,6.640000000000001,17.186666666666667,65.86666666666666,5.426666666666667,19.473333333333333
ec69095b93c4aae8d9142122118cbab81e7cfd2f5c30f140d1f15540113ad426,2/09/2017,641.666667,0,26.313333333333333,6.926666666666667,14.906666666666668,51.10000000000001,5.5,21.160000000000004
ec69095b93c4aae8d9142122118cbab81e7cfd2f5c30f140d1f15540113ad426,17/09/2017,614.666667,0,28.60666666666667,8.953333333333335,15.886666666666668,54.68,6.8933333333333335,22.75333333333333
ec69095b93c4aae8d9142122118cbab81e7cfd2f5c30f140d1f15540113ad426,2/10/2017,610,0.02,35.03333333333334,15.92,17.80666666666667,53.92,8.96,22.08
ec69095b93c4aae8d9142122118cbab81e7cfd2f5c30f140d1f15540113ad426,17/10/2017,661.666667,1.4999999999999394,34.373333333333335,20.22,32.973333333333336,74.28666666666666,8.22,20.88
ec69095b93c4aae8d9142122118cbab81e7cfd2f5c30f140d1f15540113ad426,1/11/2017,753.333333,2.066666666666576,32.42,17.279999999999998,30.10666666666667,71.53333333333335,8.16,23.006666666666668
ec69095b93c4aae8d9142122118cbab81e7cfd2f5c30f140d1f15540113ad426,16/11/2017,836,0.2999999999999393,33.70666666666667,18.87333333333333,26.433333333333334,62.56666666666668,9.433333333333334,24.300000000000004
ec69095b93c4aae8d9142122118cbab81e7cfd2f5c30f140d1f15540113ad426,1/12/2017,878,0.1466666666665635,34.50666666666667,20.84,31.473333333333336,69.97333333333334,9.306666666666668,23.066666666666663
ec69095b93c4aae8d9142122118cbab81e7cfd2f5c30f140d1f15540113ad426,16/12/2017,847.666667,0.3399999999999636,36.66666666666666,20.85333333333333,22.38,54.26666666666667,11.32,27.266666666666666
ec69095b93c4aae8d9142122118cbab81e7cfd2f5c30f140d1f15540113ad426,31/12/2017,857,0.7066666666665999,40.12666666666667,25.300000000000004,23.953333333333337,55.38,12.066666666666666,26.320000000000004
ec69095b93c4aae8d9142122118cbab81e7cfd2f5c30f140d1f15540113ad426,15/01/2018,857.666667,0.3133333333332909,39.65333333333333,25.086666666666662,22.92,52.09333333333334,11.746666666666666,25.9
ec69095b93c4aae8d9142122118cbab81e7cfd2f5c30f140d1f15540113ad426,30/01/2018,764,0.3199999999999818,38.49333333333334,24.80666666666667,25.686666666666667,56.153333333333336,10.886666666666668,23.586666666666662
ec69095b93c4aae8d9142122118cbab81e7cfd2f5c30f140d1f15540113ad426,14/02/2018,976.666667,2.139999999999994,38.02,22.84666666666667,25.75333333333333,58.34,10.62,23.780000000000005
ec69095b93c4aae8d9142122118cbab81e7cfd2f5c30f140d1f15540113ad426,1/03/2018,1083,0.053333333,38.44666666666667,23.89333333333333,31.366666666666667,70.05333333333333,9.893333333333334,22.25333333333333
ec69095b93c4aae8d9142122118cbab81e7cfd2f5c30f140d1f15540113ad426,16/03/2018,848,7.886666666666588,31.1,20.526666666666667,47.46000000000001,84.33333333333334,6.353333333333334,16.553333333333335
ec69095b93c4aae8d9142122118cbab81e7cfd2f5c30f140d1f15540113ad426,31/03/2018,1060,0.9933333333333092,33.70666666666667,19.92,39.05333333333333,86.55333333333333,7.52,20.093333333333337
ec69095b93c4aae8d9142122118cbab81e7cfd2f5c30f140d1f15540113ad426,15/04/2018,1316.666667,0.5799999999999879,32.68666666666667,18.686666666666667,35.53333333333333,80.75333333333334,6.4,18.64
ec69095b93c4aae8d9142122118cbab81e7cfd2f5c30f140d1f15540113ad426,30/04/2018,1317.333333,0,31.19333333333333,14.560000000000002,27.566666666666663,74.28,6.260000000000001,18.73333333333333
ec69095b93c4aae8d9142122118cbab81e7cfd2f5c30f140d1f15540113ad426,15/05/2018,1261.666667,0,27.56666666666667,11.153333333333334,28.16666666666667,78.26,4.760000000000001,16.720000000000002
ec69095b93c4aae8d9142122118cbab81e7cfd2f5c30f140d1f15540113ad426,30/05/2018,1318,0,25.73333333333333,9.466666666666669,27.80666666666667,77.70666666666668,4.426666666666667,15.473333333333333
ec69095b93c4aae8d9142122118cbab81e7cfd2f5c30f140d1f15540113ad426,14/06/2018,1390,0.073333333,23.793333333333337,7.02,28.473333333333336,80.61333333333333,3.58,14.546666666666669
ec69095b93c4aae8d9142122118cbab81e7cfd2f5c30f140d1f15540113ad426,29/06/2018,1356.333333,0.046666667,22.5,6.273333333333334,31.380000000000003,85.34666666666666,3.3666666666666667,13.3
ec69095b93c4aae8d9142122118cbab81e7cfd2f5c30f140d1f15540113ad426,14/07/2018,1204.333333,0.006666667,23.480000000000004,6.666666666666667,30.966666666666665,86.03333333333333,3.5200000000000005,14.860000000000005
ec69095b93c4aae8d9142122118cbab81e7cfd2f5c30f140d1f15540113ad426,29/07/2018,1043.333333,0.1066666666665999,25.3,5.586666666666668,22.026666666666667,73.57333333333334,4.006666666666667,16.273333333333333
ec69095b93c4aae8d9142122118cbab81e7cfd2f5c30f140d1f15540113ad426,13/08/2018,999.333333,0,24.88666666666667,6.066666666666666,20.886666666666667,68.88000000000001,4.66,18.293333333333337
ec69095b93c4aae8d9142122118cbab81e7cfd2f5c30f140d1f15540113ad426,28/08/2018,1033,0.1266666666666424,25.56,4.739999999999999,17.78666666666667,63.98,5.006666666666667,20.826666666666664
ec69095b93c4aae8d9142122118cbab81e7cfd2f5c30f140d1f15540113ad426,12/09/2018,1030.333333,0,28.466666666666672,10.626666666666669,21.040000000000003,61.60666666666667,6.3933333333333335,21.15333333333333
ec69095b93c4aae8d9142122118cbab81e7cfd2f5c30f140d1f15540113ad426,27/09/2018,1016.333333,0,30.16,12.853333333333332,20.566666666666663,59.53333333333333,7.180000000000001,23.506666666666668
ec69095b93c4aae8d9142122118cbab81e7cfd2f5c30f140d1f15540113ad426,12/10/2018,941.333333,0,33.12,16.886666666666667,23.02,60.553333333333335,8.5,22.880000000000003
ec69095b93c4aae8d9142122118cbab81e7cfd2f5c30f140d1f15540113ad426,27/10/2018,816,1.3599999999998849,36.11333333333334,20.3,28.06,69.63333333333334,9.313333333333334,23.87333333333333
ec69095b93c4aae8d9142122118cbab81e7cfd2f5c30f140d1f15540113ad426,11/11/2018,599.333333,0.046666667,36.66,21.586666666666662,23.086666666666662,54.726666666666674,10.493333333333334,25.473333333333336
ec69095b93c4aae8d9142122118cbab81e7cfd2f5c30f140d1f15540113ad426,26/11/2018,604.333333,2.1933333333332183,35.093333333333334,20.53333333333333,26.05333333333333,55.14666666666667,9.953333333333337,25.186666666666667
ec69095b93c4aae8d9142122118cbab81e7cfd2f5c30f140d1f15540113ad426,11/12/2018,647.333333,0,37.120000000000005,21.160000000000004,19.72,47.91333333333333,11.546666666666669,27.273333333333333
ec69095b93c4aae8d9142122118cbab81e7cfd2f5c30f140d1f15540113ad426,26/12/2018,641.666667,0.3666666666666363,38.24,23.526666666666667,23.360000000000003,52.29333333333334,11.746666666666666,24.44
ec69095b93c4aae8d9142122118cbab81e7cfd2f5c30f140d1f15540113ad426,10/01/2019,584.666667,0.2266666666666424,38.38666666666666,24.94,25,53.62666666666667,11.433333333333335,25.813333333333336
ec69095b93c4aae8d9142122118cbab81e7cfd2f5c30f140d1f15540113ad426,25/01/2019,676.666667,0.08,39.70000000000001,25.006666666666668,24.813333333333336,56.91333333333333,11.686666666666667,26.613333333333337
ec69095b93c4aae8d9142122118cbab81e7cfd2f5c30f140d1f15540113ad426,9/02/2019,565,1.3533333333332245,34.42666666666666,23.64,37.28,68.3,8.206666666666667,15.866666666666667
ec69095b93c4aae8d9142122118cbab81e7cfd2f5c30f140d1f15540113ad426,24/02/2019,538.666667,0.7533333333332545,38.88666666666667,22.23333333333333,19.326666666666668,47.94666666666667,11.340000000000002,26.84
ec69095b93c4aae8d9142122118cbab81e7cfd2f5c30f140d1f15540113ad426,11/03/2019,529,0.04,36.58666666666667,23.24666666666667,29.133333333333333,62.77333333333333,9.133333333333333,20.453333333333333
ec69095b93c4aae8d9142122118cbab81e7cfd2f5c30f140d1f15540113ad426,26/03/2019,530.333333,1.6333333333332425,36.92666666666666,23.56,34.68,71.07333333333334,8.433333333333334,20.160000000000004
ec69095b93c4aae8d9142122118cbab81e7cfd2f5c30f140d1f15540113ad426,10/04/2019,697.666667,12.879999999999988,28.860000000000003,17.766666666666666,44.28,82.18,5.633333333333334,18.386666666666667
ec69095b93c4aae8d9142122118cbab81e7cfd2f5c30f140d1f15540113ad426,25/04/2019,1036.666667,0,28.53333333333333,16.506666666666668,42.07333333333334,84.88000000000001,5.260000000000001,16.64666666666667
ec69095b93c4aae8d9142122118cbab81e7cfd2f5c30f140d1f15540113ad426,10/05/2019,1232.333333,1.0399999999999332,25.346666666666668,13.126666666666669,44.766666666666666,90.48,4.206666666666667,15.36
ec69095b93c4aae8d9142122118cbab81e7cfd2f5c30f140d1f15540113ad426,25/05/2019,1212,0,26.12,11.593333333333334,38.96000000000001,94.12666666666668,4.1466666666666665,14.58
ec69095b93c4aae8d9142122118cbab81e7cfd2f5c30f140d1f15540113ad426,9/06/2019,1175.333333,0.08,21.133333333333336,6.173333333333334,34.60666666666667,87.41333333333334,3.426666666666667,12.633333333333336
ec69095b93c4aae8d9142122118cbab81e7cfd2f5c30f140d1f15540113ad426,24/06/2019,1105.333333,0.006666667,22.826666666666664,6.540000000000001,32.20666666666667,86.93333333333334,3.3800000000000003,14.873333333333331
ec69095b93c4aae8d9142122118cbab81e7cfd2f5c30f140d1f15540113ad426,9/07/2019,1063,0.1466666666665939,23.660000000000004,10.506666666666668,41.5,88.86,3.22,11.3
ec69095b93c4aae8d9142122118cbab81e7cfd2f5c30f140d1f15540113ad426,24/07/2019,809,0,23.113333333333337,5.026666666666667,30.206666666666667,89.48,3.533333333333333,16.186666666666667
ec69095b93c4aae8d9142122118cbab81e7cfd2f5c30f140d1f15540113ad426,8/08/2019,782.333333,0.013333333,25.5,8.213333333333335,24.62,72.44666666666667,4.266666666666667,14.713333333333336
ec69095b93c4aae8d9142122118cbab81e7cfd2f5c30f140d1f15540113ad426,23/08/2019,846.333333,0,24.04666666666667,5.840000000000001,22.73333333333333,73.29333333333334,4.6066666666666665,19.46
ec69095b93c4aae8d9142122118cbab81e7cfd2f5c30f140d1f15540113ad426,7/09/2019,890.333333,0,28.62,9.5,17.753333333333334,53.41333333333333,6.253333333333334,21.326666666666668
ec69095b93c4aae8d9142122118cbab81e7cfd2f5c30f140d1f15540113ad426,22/09/2019,790.333333,0,29.360000000000003,9.013333333333334,16.8,57.17333333333333,7.126666666666667,23.41333333333333
ec69095b93c4aae8d9142122118cbab81e7cfd2f5c30f140d1f15540113ad426,7/10/2019,787.666667,0,32.68,16.6,18.953333333333333,49.5,8.366666666666667,22.56666666666667
ec69095b93c4aae8d9142122118cbab81e7cfd2f5c30f140d1f15540113ad426,22/10/2019,796.666667,0,34.580000000000005,15.98,12.78,37.39333333333333,9.9,25.22
ec69095b93c4aae8d9142122118cbab81e7cfd2f5c30f140d1f15540113ad426,6/11/2019,762,7.666666666666606,31.473333333333336,18.87333333333333,31.64,63.41333333333333,8.32,21.8
ec69095b93c4aae8d9142122118cbab81e7cfd2f5c30f140d1f15540113ad426,21/11/2019,936.333333,0,35.61333333333334,17.053333333333335,14.920000000000003,44.20666666666667,11.04,29.513333333333332
ec69095b93c4aae8d9142122118cbab81e7cfd2f5c30f140d1f15540113ad426,6/12/2019,970.333333,0.06,37.03333333333333,20.980000000000004,20.226666666666667,49.09333333333334,11.26,26.65333333333333
ec69095b93c4aae8d9142122118cbab81e7cfd2f5c30f140d1f15540113ad426,21/12/2019,968.333333,0,40.61333333333334,22.860000000000003,15.253333333333334,40.48666666666667,13.246666666666668,28.9
ec69095b93c4aae8d9142122118cbab81e7cfd2f5c30f140d1f15540113ad426,5/01/2020,887.333333,0,40.16,25.226666666666667,22.07333333333333,51.14,12.406666666666668,27.493333333333336
ec69095b93c4aae8d9142122118cbab81e7cfd2f5c30f140d1f15540113ad426,20/01/2020,855,2.2799999999998968,38.40666666666667,24.680000000000003,28.19333333333333,62.3,10.626666666666669,25.006666666666668
ec69095b93c4aae8d9142122118cbab81e7cfd2f5c30f140d1f15540113ad426,4/02/2020,952.666667,4.253333333333255,34.56666666666667,24.06,44.84000000000001,78.99333333333334,8.166666666666666,19.186666666666667
ec69095b93c4aae8d9142122118cbab81e7cfd2f5c30f140d1f15540113ad426,19/02/2020,1185,3.446666666666594,37.46666666666667,23.266666666666666,35.32666666666667,78.84,9.306666666666668,24.65333333333334
ec69095b93c4aae8d9142122118cbab81e7cfd2f5c30f140d1f15540113ad426,5/03/2020,1276.333333,9.246666666666563,33.78,23.14666666666667,46.766666666666666,84.92,7.326666666666667,19.5
ec69095b93c4aae8d9142122118cbab81e7cfd2f5c30f140d1f15540113ad426,20/03/2020,2099.666667,1.966666666666606,31.4,18.1,39.24666666666667,85.43333333333335,7.326666666666667,22.23333333333333
ec69095b93c4aae8d9142122118cbab81e7cfd2f5c30f140d1f15540113ad426,4/04/2020,2008,0.1666666666666363,33.93333333333334,20.226666666666667,35.63333333333333,79.56,7.373333333333334,19.84
ec69095b93c4aae8d9142122118cbab81e7cfd2f5c30f140d1f15540113ad426,19/04/2020,1743.666667,0,31.913333333333338,16.44,28.19333333333333,70.61333333333333,6.473333333333334,19.83333333333333
ec69095b93c4aae8d9142122118cbab81e7cfd2f5c30f140d1f15540113ad426,4/05/2020,1458.333333,0,29.506666666666668,13.746666666666666,28.78666666666667,72.56,5.7733333333333325,18.326666666666664
ec69095b93c4aae8d9142122118cbab81e7cfd2f5c30f140d1f15540113ad426,19/05/2020,1395,0,27.16,12.300000000000002,28.706666666666667,71.16666666666667,4.633333333333334,15.92
ec69095b93c4aae8d9142122118cbab81e7cfd2f5c30f140d1f15540113ad426,3/06/2020,1352,0.9933333333333092,21.433333333333337,8.6,41.32000000000001,86.48666666666666,3.4600000000000004,13.12
ec69095b93c4aae8d9142122118cbab81e7cfd2f5c30f140d1f15540113ad426,18/06/2020,1351.666667,0.053333333,25.39333333333333,9.953333333333337,32.78,84.98666666666668,3.6,14.4
ec69095b93c4aae8d9142122118cbab81e7cfd2f5c30f140d1f15540113ad426,3/07/2020,1147,0.006666667,23.753333333333337,7.106666666666667,32.653333333333336,92.21333333333334,3.4266666666666667,14.18
ec69095b93c4aae8d9142122118cbab81e7cfd2f5c30f140d1f15540113ad426,18/07/2020,1121.666667,0.013333333,22.21333333333333,5.193333333333333,30.986666666666668,91.08,3.433333333333333,15.033333333333331
ec69095b93c4aae8d9142122118cbab81e7cfd2f5c30f140d1f15540113ad426,2/08/2020,992.333333,0,23.73333333333333,6.033333333333333,28.600000000000005,86.94,3.726666666666667,15.88
ec69095b93c4aae8d9142122118cbab81e7cfd2f5c30f140d1f15540113ad426,17/08/2020,914,1.3866666666666485,25.02,8.860000000000001,34.12,88.92666666666668,4.406666666666667,17.053333333333335
ec69095b93c4aae8d9142122118cbab81e7cfd2f5c30f140d1f15540113ad426,1/09/2020,884.333333,0,26.01333333333333,7.406666666666666,19.773333333333333,63.766666666666666,5.206666666666667,20.90666666666667
ec69095b93c4aae8d9142122118cbab81e7cfd2f5c30f140d1f15540113ad426,16/09/2020,874.666667,0,30.26666666666667,15.000000000000002,28.60666666666667,72.61333333333333,6.666666666666667,21.093333333333337
ec69095b93c4aae8d9142122118cbab81e7cfd2f5c30f140d1f15540113ad426,1/10/2020,1079.666667,3.2,29.133333333333333,15.326666666666666,29.69333333333333,65.48,6.620000000000001,20.34
ec69095b93c4aae8d9142122118cbab81e7cfd2f5c30f140d1f15540113ad426,16/10/2020,1220,0.5399999999999636,31.966666666666672,17.259999999999998,26.74666666666667,63.98666666666667,8.28,24.14666666666667
ec69095b93c4aae8d9142122118cbab81e7cfd2f5c30f140d1f15540113ad426,31/10/2020,1153.333333,0.5133333333332909,33.03333333333333,15.493333333333334,22.24666666666667,60.473333333333336,8.82,24.76
ec69095b93c4aae8d9142122118cbab81e7cfd2f5c30f140d1f15540113ad426,15/11/2020,973.666667,0.4466666666666545,35.7,18.540000000000003,21.906666666666663,55.35333333333334,10.473333333333334,27.566666666666663
ec69095b93c4aae8d9142122118cbab81e7cfd2f5c30f140d1f15540113ad426,30/11/2020,977,0,39.373333333333335,24.3,20.540000000000003,47.81333333333334,11.893333333333334,28.733333333333334
ec69095b93c4aae8d9142122118cbab81e7cfd2f5c30f140d1f15540113ad426,15/12/2020,946.333333,0.6933333333332484,37.99333333333334,23.613333333333337,22.75333333333333,50.65333333333333,11.553333333333336,26.1
ec69095b93c4aae8d9142122118cbab81e7cfd2f5c30f140d1f15540113ad426,30/12/2020,932.333333,3.4933333333332786,34.88,23.44,41.04,75.42000000000002,9.166666666666666,19.7
ec69095b93c4aae8d9142122118cbab81e7cfd2f5c30f140d1f15540113ad426,14/01/2021,1398.666667,3.1066666666665395,33.053333333333335,21.613333333333333,45.88666666666667,88.61999999999999,8.066666666666666,21.08
ec69095b93c4aae8d9142122118cbab81e7cfd2f5c30f140d1f15540113ad426,29/01/2021,1291.666667,0.5199999999999515,37.42666666666667,23.24,27.380000000000003,61.42,10.593333333333335,25.600000000000005
ec69095b93c4aae8d9142122118cbab81e7cfd2f5c30f140d1f15540113ad426,13/02/2021,1112.666667,1.206666667,37.14666666666667,24.006666666666668,34.53333333333333,72.76666666666667,9.18,21.846666666666668
ec69095b93c4aae8d9142122118cbab81e7cfd2f5c30f140d1f15540113ad426,28/02/2021,1005.666667,2.0066666666665696,36.333333333333336,22.266666666666666,33.74666666666667,74.66000000000001,9.06,21.826666666666668
ec69095b93c4aae8d9142122118cbab81e7cfd2f5c30f140d1f15540113ad426,15/03/2021,1005.333333,1.0533333333332544,35.32000000000001,21.453333333333337,33.43333333333333,70.91333333333334,8.16,22.146666666666665
ec69095b93c4aae8d9142122118cbab81e7cfd2f5c30f140d1f15540113ad426,30/03/2021,1214,2.959999999999915,31.673333333333336,19.806666666666665,42.193333333333335,82.74666666666668,6.74,18.08
ec69095b93c4aae8d9142122118cbab81e7cfd2f5c30f140d1f15540113ad426,14/04/2021,1242.666667,3.2599999999999456,30.366666666666667,16.46,36.42,81.83333333333333,5.966666666666667,19.146666666666665
ec69095b93c4aae8d9142122118cbab81e7cfd2f5c30f140d1f15540113ad426,29/04/2021,1310,0.006666667,29.24666666666667,13.6,27.96,72.8,5.886666666666668,17.69333333333333
ec69095b93c4aae8d9142122118cbab81e7cfd2f5c30f140d1f15540113ad426,14/05/2021,1143.666667,0.2,28.093333333333337,12.06,31.60666666666667,84.61333333333333,4.806666666666668,17.113333333333333
ec69095b93c4aae8d9142122118cbab81e7cfd2f5c30f140d1f15540113ad426,29/05/2021,973,0,25.040000000000003,9.14,27.660000000000004,74.71333333333334,4.400000000000001,15.78
ec69095b93c4aae8d9142122118cbab81e7cfd2f5c30f140d1f15540113ad426,13/06/2021,923,0.133333333,23.226666666666667,6.6000000000000005,32,86.71333333333334,3.533333333333333,13.706666666666669
ec69095b93c4aae8d9142122118cbab81e7cfd2f5c30f140d1f15540113ad426,28/06/2021,796,1.126666666666612,21.953333333333333,7.526666666666667,38.766666666666666,89.08,3.193333333333334,11.686666666666667
ec69095b93c4aae8d9142122118cbab81e7cfd2f5c30f140d1f15540113ad426,13/07/2021,846.666667,1.4133333333332605,21.473333333333336,7.2,40.766666666666666,94.76,3.106666666666667,14.046666666666663
ec69095b93c4aae8d9142122118cbab81e7cfd2f5c30f140d1f15540113ad426,28/07/2021,819,0,23.75333333333333,5.753333333333333,29.453333333333333,88.33333333333334,3.62,15.613333333333337
ec69095b93c4aae8d9142122118cbab81e7cfd2f5c30f140d1f15540113ad426,12/08/2021,690,0.046666667,26.03333333333334,9.433333333333334,29.86666666666667,83.58666666666666,4.446666666666667,17.006666666666668
ec69095b93c4aae8d9142122118cbab81e7cfd2f5c30f140d1f15540113ad426,27/08/2021,779,0.6866666666666484,26.133333333333333,9.766666666666667,26.146666666666665,72.96000000000001,4.813333333333334,19.1
ec69095b93c4aae8d9142122118cbab81e7cfd2f5c30f140d1f15540113ad426,11/09/2021,894.666667,0,28.34,11.36,26.64,71.70666666666668,6.02,19.780000000000005
ec69095b93c4aae8d9142122118cbab81e7cfd2f5c30f140d1f15540113ad426,26/09/2021,838.333333,0.033333333,30.120000000000005,12.46,18.866666666666667,55.91333333333333,7.286666666666667,23.3
ec69095b93c4aae8d9142122118cbab81e7cfd2f5c30f140d1f15540113ad426,11/10/2021,869.333333,0.566666667,32.40666666666667,16.293333333333333,27.05333333333333,63.85333333333334,8.040000000000001,21.86666666666667
ec69095b93c4aae8d9142122118cbab81e7cfd2f5c30f140d1f15540113ad426,26/10/2021,869,0.2999999999999697,34.74,15.673333333333336,19.60666666666667,58.54,9.353333333333332,24.266666666666666
ec69095b93c4aae8d9142122118cbab81e7cfd2f5c30f140d1f15540113ad426,10/11/2021,733.333333,4.886666666666527,33.873333333333335,21.486666666666668,37.260000000000005,75.74000000000001,8.386666666666667,21.686666666666667
ec69095b93c4aae8d9142122118cbab81e7cfd2f5c30f140d1f15540113ad426,25/11/2021,939.333333,5.793333333333249,30.113333333333333,17.553333333333335,36.88666666666667,74.62666666666668,8.1,24.10666666666667
ec69095b93c4aae8d9142122118cbab81e7cfd2f5c30f140d1f15540113ad426,10/12/2021,1327,5.519999999999952,32.74666666666667,19.71333333333333,40.49333333333334,84.24666666666667,8.866666666666667,24.113333333333337
ec69095b93c4aae8d9142122118cbab81e7cfd2f5c30f140d1f15540113ad426,25/12/2021,1372.666667,0.7266666666666121,36.88666666666666,21.093333333333337,29.78666666666667,73.94,10.78,27.6
ec69095b93c4aae8d9142122118cbab81e7cfd2f5c30f140d1f15540113ad426,9/01/2022,1432,1.5733333333332666,38.653333333333336,21.966666666666665,27.35333333333333,69.36,11.246666666666668,26.526666666666667
ec69095b93c4aae8d9142122118cbab81e7cfd2f5c30f140d1f15540113ad426,24/01/2022,1148,2.0933333333332182,38.07333333333334,24.7,32.24666666666667,67.32666666666667,10.173333333333334,21.660000000000004
ec69095b93c4aae8d9142122118cbab81e7cfd2f5c30f140d1f15540113ad426,8/02/2022,1245.666667,5.593333333333218,33.14,21.38,43.8,84.26,7.64,20.16666666666667
ec69095b93c4aae8d9142122118cbab81e7cfd2f5c30f140d1f15540113ad426,23/02/2022,1155,1.0133333333332908,36.806666666666665,21.613333333333337,31.18,74.94000000000001,9.36,25.75333333333333
ec69095b93c4aae8d9142122118cbab81e7cfd2f5c30f140d1f15540113ad426,10/03/2022,1109.333333,0,37.74666666666667,20.946666666666665,25.633333333333333,67.00000000000001,9.646666666666668,23.30666666666667
ec69095b93c4aae8d9142122118cbab81e7cfd2f5c30f140d1f15540113ad426,25/03/2022,1069,0.933333333,35.693333333333335,20.633333333333336,30.56,72.88666666666668,8.360000000000001,22.84
ec69095b93c4aae8d9142122118cbab81e7cfd2f5c30f140d1f15540113ad426,9/04/2022,1126.333333,2.239999999999903,32.6,18.42,37.48666666666667,85.06,6.48,19.92
ec69095b93c4aae8d9142122118cbab81e7cfd2f5c30f140d1f15540113ad426,24/04/2022,1212.333333,0.1733333333333272,31.65333333333333,17.560000000000002,34.053333333333335,77.3,6.08,17.88
ec69095b93c4aae8d9142122118cbab81e7cfd2f5c30f140d1f15540113ad426,9/05/2022,1148,9.139999999999931,26.04666666666667,16.633333333333336,51.56000000000001,89.52666666666667,3.966666666666667,11.88
ec69095b93c4aae8d9142122118cbab81e7cfd2f5c30f140d1f15540113ad426,24/05/2022,1456,4.9466666666665935,24.71333333333333,15.273333333333332,56.82666666666668,96.38,3.4266666666666667,11.613333333333337
ec69095b93c4aae8d9142122118cbab81e7cfd2f5c30f140d1f15540113ad426,8/06/2022,1809.666667,0.2533333333332848,22.24666666666667,9.853333333333332,46.32666666666667,93.58666666666666,3.22,11.626666666666669
ec69095b93c4aae8d9142122118cbab81e7cfd2f5c30f140d1f15540113ad426,23/06/2022,1704,0,21.813333333333333,5.006666666666666,36.54666666666667,97.08,3.226666666666667,14.32666666666667
ec69095b93c4aae8d9142122118cbab81e7cfd2f5c30f140d1f15540113ad426,8/07/2022,1689,1.7599999999999454,19.36666666666667,7.066666666666667,51.29333333333334,98.26,2.7,11.353333333333332
ec69095b93c4aae8d9142122118cbab81e7cfd2f5c30f140d1f15540113ad426,23/07/2022,1460,1.2733333333333272,20.646666666666665,3.9533333333333336,39.03333333333333,99.43333333333334,3.12,15.693333333333332
ec69095b93c4aae8d9142122118cbab81e7cfd2f5c30f140d1f15540113ad426,7/08/2022,1598,0.2933333333333091,23.813333333333336,9.36,41.64,97.1,3.58,15.206666666666669
ec69095b93c4aae8d9142122118cbab81e7cfd2f5c30f140d1f15540113ad426,22/08/2022,1387.333333,0.02,23.33333333333333,5.566666666666666,30.793333333333337,92.42666666666668,4.26,17.813333333333333
ec69095b93c4aae8d9142122118cbab81e7cfd2f5c30f140d1f15540113ad426,6/09/2022,1547.333333,4.186666666666588,23.30666666666667,10.306666666666668,42.35333333333334,88.85333333333332,4.213333333333334,17.453333333333333
ec69095b93c4aae8d9142122118cbab81e7cfd2f5c30f140d1f15540113ad426,21/09/2022,1249.333333,3.4733333333332665,26.53333333333333,12.213333333333331,37.080000000000005,86.10000000000001,5.58,19.133333333333333
ec69095b93c4aae8d9142122118cbab81e7cfd2f5c30f140d1f15540113ad426,6/10/2022,1231,0.933333333,28.14666666666667,13.406666666666668,36.59333333333334,87.78,6.260000000000001,20.566666666666663
ec69095b93c4aae8d9142122118cbab81e7cfd2f5c30f140d1f15540113ad426,21/10/2022,1277.333333,3.899999999999909,29.18,16.68,44.88,91.48666666666666,6.486666666666667,19.433333333333337
ec69095b93c4aae8d9142122118cbab81e7cfd2f5c30f140d1f15540113ad426,5/11/2022,1109.666667,0.6399999999999636,31.480000000000004,15.506666666666666,27.65333333333333,70.84666666666666,8.533333333333333,24.92666666666667
ec69095b93c4aae8d9142122118cbab81e7cfd2f5c30f140d1f15540113ad426,20/11/2022,1048,0.3133333333333212,32.9,17.893333333333334,29.53333333333334,71.03333333333333,8.853333333333333,22.87333333333333
ec69095b93c4aae8d9142122118cbab81e7cfd2f5c30f140d1f15540113ad426,5/12/2022,985.666667,0.6266666666665212,33.25333333333334,18.65333333333333,27.186666666666667,63.90666666666667,9.080000000000002,22.64666666666667
ec69095b93c4aae8d9142122118cbab81e7cfd2f5c30f140d1f15540113ad426,20/12/2022,843,1.5199999999999212,35.79333333333333,20.346666666666668,25.80666666666667,60.80666666666668,10.666666666666666,26.466666666666665
ec69095b93c4aae8d9142122118cbab81e7cfd2f5c30f140d1f15540113ad426,4/01/2023,834.333333,1.8933333333332485,34.59333333333334,21.74,36.21333333333334,73.40000000000002,9.506666666666668,21.166666666666668
ec69095b93c4aae8d9142122118cbab81e7cfd2f5c30f140d1f15540113ad426,19/01/2023,889,6.599999999999879,31.753333333333337,21.026666666666667,50.18,88.49333333333333,7.246666666666668,19.89333333333333
ec69095b93c4aae8d9142122118cbab81e7cfd2f5c30f140d1f15540113ad426,3/02/2023,1063.333333,0.9666666666665454,34.9,22.966666666666665,42.77333333333333,85.15333333333335,8.593333333333334,26.733333333333334
ec69095b93c4aae8d9142122118cbab81e7cfd2f5c30f140d1f15540113ad426,18/02/2023,1059.333333,2.6066666666666305,34.74666666666667,20.58,35.11333333333334,75.02666666666667,8.54,23.366666666666667
ec69095b93c4aae8d9142122118cbab81e7cfd2f5c30f140d1f15540113ad426,5/03/2023,1382,0.2399999999999636,36.06,21.413333333333338,31.6,74.00666666666666,8.806666666666667,23.466666666666665
ec69095b93c4aae8d9142122118cbab81e7cfd2f5c30f140d1f15540113ad426,20/03/2023,1469,5.999999999999909,32.75333333333334,20.466666666666672,49.2,93.23333333333336,6.533333333333333,19.026666666666667
ec69095b93c4aae8d9142122118cbab81e7cfd2f5c30f140d1f15540113ad426,4/04/2023,1515.666667,0.006666667,33.27333333333333,18.9,34.85333333333334,81.14,7.186666666666667,20.953333333333333
ec69095b93c4aae8d9142122118cbab81e7cfd2f5c30f140d1f15540113ad426,19/04/2023,1528.333333,0.093333333,32.473333333333336,14.126666666666669,27.90666666666667,79.48666666666668,6.446666666666667,18.133333333333336
ec69095b93c4aae8d9142122118cbab81e7cfd2f5c30f140d1f15540113ad426,4/05/2023,1381.666667,0.193333333,29.026666666666664,13.053333333333336,33.63333333333333,86.7,5.286666666666666,16.6
ec69095b93c4aae8d9142122118cbab81e7cfd2f5c30f140d1f15540113ad426,19/05/2023,1174.333333,0,25.94666666666667,8.566666666666666,28.68,84.01333333333334,4.513333333333334,16.34
ec69095b93c4aae8d9142122118cbab81e7cfd2f5c30f140d1f15540113ad426,3/06/2023,934.333333,0,24.83333333333333,4.906666666666667,23.966666666666672,84.72,4.306666666666668,15.606666666666667
ec69095b93c4aae8d9142122118cbab81e7cfd2f5c30f140d1f15540113ad426,18/06/2023,969,0.2066666666666606,26.23333333333333,10.32,33.38,88.26,3.646666666666667,14.453333333333337
ec69095b93c4aae8d9142122118cbab81e7cfd2f5c30f140d1f15540113ad426,3/07/2023,920.333333,0.393333333,24.52,10.646666666666668,33.559999999999995,71.65333333333334,3.64,12.88
ec69095b93c4aae8d9142122118cbab81e7cfd2f5c30f140d1f15540113ad426,18/07/2023,814.666667,2.4066666666666303,22.99333333333333,7.753333333333334,40.28,95.49333333333334,3.246666666666667,14.493333333333334
ec69095b93c4aae8d9142122118cbab81e7cfd2f5c30f140d1f15540113ad426,2/08/2023,838,0.133333333,24.980000000000004,9.086666666666668,32.54,86.54666666666667,3.786666666666667,16.220000000000002
ec69095b93c4aae8d9142122118cbab81e7cfd2f5c30f140d1f15540113ad426,17/08/2023,870.333333,0,27.773333333333333,8.733333333333333,25.90666666666667,83.49333333333334,5,18.166666666666668
ec69095b93c4aae8d9142122118cbab81e7cfd2f5c30f140d1f15540113ad426,1/09/2023,759.333333,0,28.226666666666667,9.14,23.28666666666667,75.22000000000001,5.320000000000001,19.38
ec69095b93c4aae8d9142122118cbab81e7cfd2f5c30f140d1f15540113ad426,16/09/2023,767.666667,0,30.25333333333333,11.353333333333332,19.160000000000004,63.373333333333335,7.140000000000001,21.39333333333333
ec69095b93c4aae8d9142122118cbab81e7cfd2f5c30f140d1f15540113ad426,1/10/2023,844,0,32.526666666666664,14.7,23.706666666666667,70.11333333333333,7.633333333333334,23.19333333333333
ec69095b93c4aae8d9142122118cbab81e7cfd2f5c30f140d1f15540113ad426,16/10/2023,1028,0.006666667,32.806666666666665,15.773333333333335,21.68,58.433333333333344,8.713333333333335,24.87333333333333
ec69095b93c4aae8d9142122118cbab81e7cfd2f5c30f140d1f15540113ad426,31/10/2023,936.666667,0.033333333,35.14666666666667,17.253333333333334,18.14,51.92,9.82,26.980000000000004
ec69095b93c4aae8d9142122118cbab81e7cfd2f5c30f140d1f15540113ad426,15/11/2023,981,1.3599999999999757,36.45333333333334,20.62666666666667,26.26,63.620000000000005,10.393333333333334,28.14
ec69095b93c4aae8d9142122118cbab81e7cfd2f5c30f140d1f15540113ad426,30/11/2023,806.333333,4.539999999999903,32.66,21.22666666666667,41.68666666666668,77.79333333333334,7.866666666666668,20.82
ec69095b93c4aae8d9142122118cbab81e7cfd2f5c30f140d1f15540113ad426,15/12/2023,1086.333333,0.1999999999999696,37.266666666666666,21.75333333333333,30.100000000000005,73.74000000000001,10.9,29.49333333333333
ec69095b93c4aae8d9142122118cbab81e7cfd2f5c30f140d1f15540113ad426,30/12/2023,1059,1.6933333333332483,38.053333333333335,21.113333333333333,29.19333333333333,72.68666666666668,11.013333333333334,27.833333333333336
ec69095b93c4aae8d9142122118cbab81e7cfd2f5c30f140d1f15540113ad426,14/01/2024,1118.333333,4.479999999999866,37.120000000000005,23.253333333333337,37.75333333333334,82.15333333333335,9.46,26.040000000000003
ec69095b93c4aae8d9142122118cbab81e7cfd2f5c30f140d1f15540113ad426,29/01/2024,1137.666667,2.546666666666594,38.03333333333333,25.85333333333334,39.44666666666667,77.50666666666667,9.580000000000002,25.473333333333336
ec69095b93c4aae8d9142122118cbab81e7cfd2f5c30f140d1f15540113ad426,13/02/2024,1293,4.526666666666612,37.12,23.926666666666662,38.72666666666667,81.44666666666667,8.92,24.5
ec69095b93c4aae8d9142122118cbab81e7cfd2f5c30f140d1f15540113ad426,28/02/2024,1464,2.6266666666665817,33.8,22.333333333333336,47.57333333333334,91.83333333333331,7.280000000000001,22.54666666666667
ec69095b93c4aae8d9142122118cbab81e7cfd2f5c30f140d1f15540113ad426,14/03/2024,1508.333333,0,35.95333333333334,21.040000000000003,33.36666666666667,79.01333333333334,8.5,24.633333333333333
ec69095b93c4aae8d9142122118cbab81e7cfd2f5c30f140d1f15540113ad426,29/03/2024,1621,4.339999999999933,33.39333333333334,22.58666666666667,46.06,82.18666666666668,6.713333333333334,17.486666666666668
ec69095b93c4aae8d9142122118cbab81e7cfd2f5c30f140d1f15540113ad426,13/04/2024,1793.666667,3.8066666666666302,29.233333333333334,16.346666666666668,43.84,91.20666666666666,5.52,19.35333333333333
ec69095b93c4aae8d9142122118cbab81e7cfd2f5c30f140d1f15540113ad426,28/04/2024,1773,0.006666667,29.246666666666663,14.333333333333336,35.9,88.07333333333334,5.620000000000001,19.166666666666668
ec69095b93c4aae8d9142122118cbab81e7cfd2f5c30f140d1f15540113ad426,13/05/2024,1778.333333,0.3999999999999696,28.613333333333337,14.273333333333332,40.16666666666666,94.75333333333332,4.5600000000000005,16.686666666666667
ec69095b93c4aae8d9142122118cbab81e7cfd2f5c30f140d1f15540113ad426,28/05/2024,1922.666667,0,26.293333333333337,9.426666667,32.480000000000004,92.80666666666669,4.326666666666667,15.553333333333336
ec69095b93c4aae8d9142122118cbab81e7cfd2f5c30f140d1f15540113ad426,12/06/2024,1746,0.5599999999999757,23.166666666666668,6.640000000000001,39.22666666666667,97.49333333333334,3.3466666666666667,14.093333333333334
ec69095b93c4aae8d9142122118cbab81e7cfd2f5c30f140d1f15540113ad426,27/06/2024,1632,0.026666667,23.8,5.5600000000000005,30.5,90.96,3.48,13.766666666666667
ec69095b93c4aae8d9142122118cbab81e7cfd2f5c30f140d1f15540113ad426,12/07/2024,1153.333333,0.466666667,24.46,10.166666666666668,44.93333333333333,97.99333333333334,3.1733333333333333,13.433333333333334
ec69095b93c4aae8d9142122118cbab81e7cfd2f5c30f140d1f15540113ad426,27/07/2024,820,0.046666667,22.006666666666668,4.306666666666668,31.94666666666667,93.87333333333336,3.3800000000000003,15.22
ec69095b93c4aae8d9142122118cbab81e7cfd2f5c30f140d1f15540113ad426,11/08/2024,835.666667,0.5133333333332909,24.293333333333337,6.753333333333333,31.28,86.30666666666666,4.0600000000000005,16.400000000000002
ec69095b93c4aae8d9142122118cbab81e7cfd2f5c30f140d1f15540113ad426,26/08/2024,833.333333,1.1999999999999698,29.69333333333333,11.186666666666667,31.85333333333333,90.51333333333334,5.113333333333333,18.83333333333333
ec69095b93c4aae8d9142122118cbab81e7cfd2f5c30f140d1f15540113ad426,10/09/2024,808.333333,0,32.766666666666666,13.433333333333334,24.01333333333333,77.10666666666667,6.953333333333334,21.07333333333333
ec69095b93c4aae8d9142122118cbab81e7cfd2f5c30f140d1f15540113ad426,25/09/2024,793.333333,0,30.280000000000005,12.433333333333335,19.273333333333333,55.81333333333334,7.266666666666667,22.613333333333337
ec69095b93c4aae8d9142122118cbab81e7cfd2f5c30f140d1f15540113ad426,10/10/2024,798,1.733333333333303,32.81333333333334,15.54,25.49333333333333,69.8,8.106666666666667,23.486666666666668
ec69095b93c4aae8d9142122118cbab81e7cfd2f5c30f140d1f15540113ad426,25/10/2024,897.666667,0,35.626666666666665,19.773333333333333,25.226666666666667,63.69333333333334,9.346666666666668,25.480000000000004
ec69095b93c4aae8d9142122118cbab81e7cfd2f5c30f140d1f15540113ad426,9/11/2024,907,1.0933333333332789,38.06000000000001,20.78666666666667,20.57333333333333,54.81333333333334,10.953333333333337,27.4
ec69095b93c4aae8d9142122118cbab81e7cfd2f5c30f140d1f15540113ad426,24/11/2024,922.666667,3.9666666666665455,34.919999999999995,22.03333333333333,36.91333333333333,76.08,8.866666666666667,23.53333333333333
ec69095b93c4aae8d9142122118cbab81e7cfd2f5c30f140d1f15540113ad426,9/12/2024,903.666667,2.9933333333332786,34.720000000000006,23.1,42.126666666666665,80.20666666666666,9.073333333333334,25.380000000000003
ec69095b93c4aae8d9142122118cbab81e7cfd2f5c30f140d1f15540113ad426,24/12/2024,801.666667,0.4866666666666182,37.053333333333335,22.466666666666665,33.10666666666666,74.72666666666667,10.433333333333335,27.07333333333333
cabef0e85bd2e0922159406f5ad08e17006d466c83d785d06fa7f2c8555acc44,5/01/2017,1429,2.1399999999998727,35.68000000000001,24.74,40.36,74.9,8.72,20.32
cabef0e85bd2e0922159406f5ad08e17006d466c83d785d06fa7f2c8555acc44,20/01/2017,1429,3.3599999999999453,36.49333333333333,24.053333333333335,37.91333333333333,75.95333333333335,9.44,23.546666666666667
cabef0e85bd2e0922159406f5ad08e17006d466c83d785d06fa7f2c8555acc44,4/02/2017,1353.666667,0.4999999999999697,38.18666666666668,24.83333333333333,35.14,74.17333333333335,10.286666666666669,24.75333333333333
cabef0e85bd2e0922159406f5ad08e17006d466c83d785d06fa7f2c8555acc44,19/02/2017,1215.666667,0.033333333,39.50666666666667,24.42,26.89333333333333,62.18666666666668,11.006666666666666,25.293333333333337
cabef0e85bd2e0922159406f5ad08e17006d466c83d785d06fa7f2c8555acc44,6/03/2017,1238.666667,0.7999999999999393,35.980000000000004,20.780000000000005,30.200000000000003,72.98,8.940000000000001,21.513333333333332
cabef0e85bd2e0922159406f5ad08e17006d466c83d785d06fa7f2c8555acc44,21/03/2017,1303.333333,0.4466666666666242,36.44666666666667,20.28,28.8,70.96666666666667,8.686666666666667,20.96
cabef0e85bd2e0922159406f5ad08e17006d466c83d785d06fa7f2c8555acc44,5/04/2017,1350,0.02,34.053333333333335,18.71333333333333,31.84,77.03333333333333,7.466666666666667,19.55333333333333
cabef0e85bd2e0922159406f5ad08e17006d466c83d785d06fa7f2c8555acc44,20/04/2017,1281.333333,0,31.35333333333333,13.966666666666669,26.24666666666667,74.83333333333333,6.526666666666667,20.186666666666667
cabef0e85bd2e0922159406f5ad08e17006d466c83d785d06fa7f2c8555acc44,5/05/2017,1218.333333,0.086666667,28.76,14.133333333333333,31.8,77.61999999999999,5.3933333333333335,16.146666666666665
cabef0e85bd2e0922159406f5ad08e17006d466c83d785d06fa7f2c8555acc44,20/05/2017,1161,0.3466666666666545,27.12,11.5,34.20666666666667,85.44666666666669,4.46,14.453333333333337
cabef0e85bd2e0922159406f5ad08e17006d466c83d785d06fa7f2c8555acc44,4/06/2017,1287,0,26.273333333333333,8.926666666666668,28.000000000000004,81.87333333333332,4.366666666666666,15.493333333333334
cabef0e85bd2e0922159406f5ad08e17006d466c83d785d06fa7f2c8555acc44,19/06/2017,1261,0,23.44,5.8133333333333335,30.486666666666668,91.68666666666668,3.44,14.9
cabef0e85bd2e0922159406f5ad08e17006d466c83d785d06fa7f2c8555acc44,4/07/2017,1197.666667,0.2999999999999697,24.90666666666667,8.513333333333334,33.06,88.51333333333334,3.5200000000000005,13.313333333333334
cabef0e85bd2e0922159406f5ad08e17006d466c83d785d06fa7f2c8555acc44,19/07/2017,1198,0.946666667,24.366666666666667,9.813333333333334,37.74666666666667,89.16,3.373333333333333,13.18
cabef0e85bd2e0922159406f5ad08e17006d466c83d785d06fa7f2c8555acc44,3/08/2017,1114,0,26.19333333333333,6.726666666666668,22.19333333333333,74.96000000000001,4.266666666666667,17.18
cabef0e85bd2e0922159406f5ad08e17006d466c83d785d06fa7f2c8555acc44,18/08/2017,1095,0,27.75333333333333,6.239999999999999,17.773333333333333,68.66666666666667,5.353333333333334,19.24
cabef0e85bd2e0922159406f5ad08e17006d466c83d785d06fa7f2c8555acc44,2/09/2017,1081,0,25.64,6.013333333333334,15.28,53.32,5.4,21.006666666666668
cabef0e85bd2e0922159406f5ad08e17006d466c83d785d06fa7f2c8555acc44,17/09/2017,1051.333333,0,27.90666666666667,8.346666666666668,16.14666666666667,55.66,6.786666666666667,22.58
cabef0e85bd2e0922159406f5ad08e17006d466c83d785d06fa7f2c8555acc44,2/10/2017,1069,0.1199999999999818,34.526666666666664,15.746666666666668,18.42666666666667,53.32666666666668,8.946666666666667,21.773333333333333
cabef0e85bd2e0922159406f5ad08e17006d466c83d785d06fa7f2c8555acc44,17/10/2017,1044.666667,1.6133333333332909,33.92,19.793333333333333,34.14,76.65333333333334,7.973333333333334,20.74666666666667
cabef0e85bd2e0922159406f5ad08e17006d466c83d785d06fa7f2c8555acc44,1/11/2017,1000,1.3266666666665818,32.17333333333333,16.893333333333334,30.32,72.4,8.120000000000001,22.953333333333337
cabef0e85bd2e0922159406f5ad08e17006d466c83d785d06fa7f2c8555acc44,16/11/2017,931.333333,0.2933333333332787,33.42,18.35333333333333,26.173333333333336,62.3,9.446666666666667,24.313333333333333
cabef0e85bd2e0922159406f5ad08e17006d466c83d785d06fa7f2c8555acc44,1/12/2017,883,0.4933333333332788,34.3,20.64,31.57333333333333,70.13333333333334,9.266666666666667,23
cabef0e85bd2e0922159406f5ad08e17006d466c83d785d06fa7f2c8555acc44,16/12/2017,867.333333,0.8399999999999637,36.26,20.433333333333337,22.566666666666663,54.833333333333336,11.28,27.433333333333337
cabef0e85bd2e0922159406f5ad08e17006d466c83d785d06fa7f2c8555acc44,31/12/2017,861.333333,0.3599999999999454,40.086666666666666,25.41333333333333,23.8,54.52666666666667,12.126666666666669,26.386666666666667
cabef0e85bd2e0922159406f5ad08e17006d466c83d785d06fa7f2c8555acc44,15/01/2018,854.333333,0.013333333,39.49333333333334,25.02,22.53333333333334,50.8,11.953333333333337,26.186666666666667
cabef0e85bd2e0922159406f5ad08e17006d466c83d785d06fa7f2c8555acc44,30/01/2018,838,0.093333333,38.56666666666667,24.76,24.85333333333333,54.57333333333334,11.226666666666668,24.006666666666668
cabef0e85bd2e0922159406f5ad08e17006d466c83d785d06fa7f2c8555acc44,14/02/2018,787.666667,1.3,37.78,22.506666666666668,25.71333333333333,58.56666666666667,10.78,23.65333333333333
cabef0e85bd2e0922159406f5ad08e17006d466c83d785d06fa7f2c8555acc44,1/03/2018,779,0.2466666666666242,38.36,23.58,30.526666666666674,69.28666666666668,10.12,22.36666666666667
cabef0e85bd2e0922159406f5ad08e17006d466c83d785d06fa7f2c8555acc44,16/03/2018,860.333333,5.993333333333279,30.933333333333334,20.21333333333333,47.68666666666668,85.26666666666667,6.333333333333333,16.660000000000004
cabef0e85bd2e0922159406f5ad08e17006d466c83d785d06fa7f2c8555acc44,31/03/2018,1211,2.159999999999945,33.77333333333333,19.9,37.74000000000001,84.10666666666667,7.626666666666667,20.386666666666667
cabef0e85bd2e0922159406f5ad08e17006d466c83d785d06fa7f2c8555acc44,15/04/2018,1423.666667,0.02,32.440000000000005,18.35333333333333,35.220000000000006,80.54666666666667,6.406666666666667,18.90666666666667
cabef0e85bd2e0922159406f5ad08e17006d466c83d785d06fa7f2c8555acc44,30/04/2018,1374,0,30.646666666666665,14.106666666666666,29.246666666666663,78.98,6.133333333333334,18.646666666666665
cabef0e85bd2e0922159406f5ad08e17006d466c83d785d06fa7f2c8555acc44,15/05/2018,1316.666667,0,26.993333333333336,10.56,28.986666666666668,81.06666666666666,4.706666666666667,16.56
cabef0e85bd2e0922159406f5ad08e17006d466c83d785d06fa7f2c8555acc44,30/05/2018,1323,0,25.186666666666667,8.68,27.74,78.69333333333334,4.3933333333333335,15.453333333333337
cabef0e85bd2e0922159406f5ad08e17006d466c83d785d06fa7f2c8555acc44,14/06/2018,1313,0,23.32,6.5600000000000005,28.433333333333337,81.64666666666668,3.546666666666667,14.36
cabef0e85bd2e0922159406f5ad08e17006d466c83d785d06fa7f2c8555acc44,29/06/2018,1269.666667,0,21.913333333333338,5.553333333333332,31.85333333333333,87.42,3.246666666666667,13.126666666666669
cabef0e85bd2e0922159406f5ad08e17006d466c83d785d06fa7f2c8555acc44,14/07/2018,1322.333333,0.013333333,22.586666666666662,6.06,32.34,89.06666666666666,3.3400000000000003,14.693333333333335
cabef0e85bd2e0922159406f5ad08e17006d466c83d785d06fa7f2c8555acc44,29/07/2018,1207.333333,0.013333333,24.78666666666667,5.2733333333333325,21.766666666666666,71.98666666666668,3.92,16.12
cabef0e85bd2e0922159406f5ad08e17006d466c83d785d06fa7f2c8555acc44,13/08/2018,1072.666667,0,24.32,5.473333333333333,21.233333333333334,70.17333333333335,4.5600000000000005,18.15333333333333
cabef0e85bd2e0922159406f5ad08e17006d466c83d785d06fa7f2c8555acc44,28/08/2018,1002.666667,0.013333333,25.000000000000004,4.3133333333333335,18.65333333333333,66.32000000000001,4.9,20.60666666666667
cabef0e85bd2e0922159406f5ad08e17006d466c83d785d06fa7f2c8555acc44,12/09/2018,955,0,27.886666666666667,10.153333333333334,21.486666666666668,62.96000000000001,6.246666666666667,20.953333333333333
cabef0e85bd2e0922159406f5ad08e17006d466c83d785d06fa7f2c8555acc44,27/09/2018,927,0,29.75333333333333,11.986666666666668,19.62,59.02,7.146666666666667,23.446666666666665
cabef0e85bd2e0922159406f5ad08e17006d466c83d785d06fa7f2c8555acc44,12/10/2018,859,0,32.62666666666667,16.253333333333334,23.41333333333333,62.43333333333333,8.346666666666668,22.700000000000003
cabef0e85bd2e0922159406f5ad08e17006d466c83d785d06fa7f2c8555acc44,27/10/2018,772.333333,2.066666666666606,35.86666666666667,19.69333333333333,27.58,70.15333333333335,9.206666666666669,23.933333333333334
cabef0e85bd2e0922159406f5ad08e17006d466c83d785d06fa7f2c8555acc44,11/11/2018,701.333333,0.04,36.27333333333333,21.133333333333336,22.926666666666662,54.82000000000001,10.48,25.466666666666672
cabef0e85bd2e0922159406f5ad08e17006d466c83d785d06fa7f2c8555acc44,26/11/2018,690,0.1133333333332908,34.81333333333334,20.14,26.053333333333335,56.120000000000005,9.966666666666669,25.25333333333333
cabef0e85bd2e0922159406f5ad08e17006d466c83d785d06fa7f2c8555acc44,11/12/2018,682.333333,0,36.7,20.8,19.89333333333333,48.16666666666666,11.54,27.5
cabef0e85bd2e0922159406f5ad08e17006d466c83d785d06fa7f2c8555acc44,26/12/2018,701.666667,1.619999999999982,37.92,23.1,23.22666666666667,52.52666666666667,11.806666666666668,24.780000000000005
cabef0e85bd2e0922159406f5ad08e17006d466c83d785d06fa7f2c8555acc44,10/01/2019,714.333333,0.5933333333333091,38.373333333333335,24.9,24.880000000000003,53.473333333333336,11.633333333333333,25.99333333333333
cabef0e85bd2e0922159406f5ad08e17006d466c83d785d06fa7f2c8555acc44,25/01/2019,720.666667,0.04,39.873333333333335,25.273333333333333,23.933333333333337,54.56666666666667,12.073333333333334,26.733333333333334
cabef0e85bd2e0922159406f5ad08e17006d466c83d785d06fa7f2c8555acc44,9/02/2019,690.333333,0.9666666666665756,34.56000000000001,23.73333333333333,36.26666666666667,66.51333333333334,8.473333333333334,16.646666666666665
cabef0e85bd2e0922159406f5ad08e17006d466c83d785d06fa7f2c8555acc44,24/02/2019,636,0.3199999999999515,38.49333333333333,21.54666666666667,18.500000000000004,47.24666666666667,11.44,27
cabef0e85bd2e0922159406f5ad08e17006d466c83d785d06fa7f2c8555acc44,11/03/2019,636.666667,0.006666667,36.56000000000001,23.03333333333333,28.08,61.06000000000001,9.3,20.74
cabef0e85bd2e0922159406f5ad08e17006d466c83d785d06fa7f2c8555acc44,26/03/2019,646.333333,8.546666666666594,36.52666666666666,23.12666666666667,33.96666666666667,69.51333333333334,8.46,20.166666666666668
cabef0e85bd2e0922159406f5ad08e17006d466c83d785d06fa7f2c8555acc44,10/04/2019,813.666667,8.313333333333292,28.506666666666668,17.373333333333335,43.72,81.27333333333333,5.573333333333334,18.386666666666667
cabef0e85bd2e0922159406f5ad08e17006d466c83d785d06fa7f2c8555acc44,25/04/2019,1257,0.006666667,28.35333333333333,16.26,41.31333333333334,83.4,5.293333333333334,16.60666666666667
cabef0e85bd2e0922159406f5ad08e17006d466c83d785d06fa7f2c8555acc44,10/05/2019,1619.333333,0.4866666666666182,24.833333333333336,12.733333333333333,45.16666666666667,90.37333333333336,4.126666666666667,15.240000000000002
cabef0e85bd2e0922159406f5ad08e17006d466c83d785d06fa7f2c8555acc44,25/05/2019,1782.333333,0,25.72,11.113333333333332,39.2,95.28666666666666,4.08,14.32666666666667
cabef0e85bd2e0922159406f5ad08e17006d466c83d785d06fa7f2c8555acc44,9/06/2019,1631.333333,0,20.546666666666667,5.386666666666667,35.46,90.42000000000002,3.3200000000000003,12.5
cabef0e85bd2e0922159406f5ad08e17006d466c83d785d06fa7f2c8555acc44,24/06/2019,1493.333333,0,22.300000000000004,5.733333333333333,32.440000000000005,89.57333333333332,3.28,14.566666666666666
cabef0e85bd2e0922159406f5ad08e17006d466c83d785d06fa7f2c8555acc44,9/07/2019,1443,0.3733333333332969,23.293333333333333,9.96,41.06666666666668,89.46000000000001,3.146666666666667,11.213333333333336
cabef0e85bd2e0922159406f5ad08e17006d466c83d785d06fa7f2c8555acc44,24/07/2019,1362.666667,0,22.700000000000003,4.3133333333333335,29.686666666666667,91.48666666666666,3.4266666666666667,15.966666666666669
cabef0e85bd2e0922159406f5ad08e17006d466c83d785d06fa7f2c8555acc44,8/08/2019,1360,0.006666667,25.086666666666662,7.46,24.526666666666667,74.23333333333335,4.2,14.62
cabef0e85bd2e0922159406f5ad08e17006d466c83d785d06fa7f2c8555acc44,23/08/2019,1395.333333,0,23.53333333333333,5.286666666666666,23.466666666666665,76.86666666666666,4.506666666666666,19.180000000000003
cabef0e85bd2e0922159406f5ad08e17006d466c83d785d06fa7f2c8555acc44,7/09/2019,1426,0,28.16666666666667,8.733333333333333,18.05333333333333,56.36666666666667,6.173333333333334,21.1
cabef0e85bd2e0922159406f5ad08e17006d466c83d785d06fa7f2c8555acc44,22/09/2019,1331,0,28.94,8.706666666666667,16.76,57.120000000000005,7.086666666666668,23.24
cabef0e85bd2e0922159406f5ad08e17006d466c83d785d06fa7f2c8555acc44,7/10/2019,1272,0,32.22666666666667,15.866666666666667,20.51333333333333,55,8.166666666666666,22.58
cabef0e85bd2e0922159406f5ad08e17006d466c83d785d06fa7f2c8555acc44,22/10/2019,1162.333333,0,34.02,15.220000000000002,12.986666666666666,38.68666666666668,9.753333333333334,25.18
cabef0e85bd2e0922159406f5ad08e17006d466c83d785d06fa7f2c8555acc44,6/11/2019,1047,4.679999999999927,31.013333333333332,18.46,31.75333333333333,63.03333333333333,8.000000000000002,21.72666666666667
cabef0e85bd2e0922159406f5ad08e17006d466c83d785d06fa7f2c8555acc44,21/11/2019,962.333333,0,35.3,16.366666666666667,14.966666666666669,45.52,11.16,29.66
cabef0e85bd2e0922159406f5ad08e17006d466c83d785d06fa7f2c8555acc44,6/12/2019,908.666667,0.2133333333332908,36.75333333333334,20.66666666666667,20.386666666666667,49.60666666666667,11.126666666666669,26.753333333333337
cabef0e85bd2e0922159406f5ad08e17006d466c83d785d06fa7f2c8555acc44,21/12/2019,845,0,40.50666666666667,22.773333333333333,14.38,38.38666666666667,13.413333333333334,28.953333333333333
cabef0e85bd2e0922159406f5ad08e17006d466c83d785d06fa7f2c8555acc44,5/01/2020,782.666667,0.006666667,40.31333333333334,25.25333333333333,21.22666666666667,49.28,12.653333333333334,27.526666666666667
cabef0e85bd2e0922159406f5ad08e17006d466c83d785d06fa7f2c8555acc44,20/01/2020,774.666667,1.279999999999897,38.373333333333335,24.56,27.22666666666667,60.34666666666667,10.96,25.246666666666663
cabef0e85bd2e0922159406f5ad08e17006d466c83d785d06fa7f2c8555acc44,4/02/2020,812.333333,4.626666666666582,35.059999999999995,24.08,41.906666666666666,76.38666666666668,8.606666666666667,19.37333333333333
cabef0e85bd2e0922159406f5ad08e17006d466c83d785d06fa7f2c8555acc44,19/02/2020,824,1.7999999999999696,37.06,23.03333333333334,35.333333333333336,78.44666666666667,9.513333333333334,24.593333333333337
cabef0e85bd2e0922159406f5ad08e17006d466c83d785d06fa7f2c8555acc44,5/03/2020,880.666667,11.193333333333278,33.54666666666667,22.72666666666667,45.63333333333334,83.26,7.473333333333334,19.446666666666665
cabef0e85bd2e0922159406f5ad08e17006d466c83d785d06fa7f2c8555acc44,20/03/2020,1263.333333,0.8133333333333213,31.086666666666662,17.673333333333336,39.06,85.75333333333333,7.293333333333334,22.06
cabef0e85bd2e0922159406f5ad08e17006d466c83d785d06fa7f2c8555acc44,4/04/2020,1259.666667,0.233333333,33.50666666666667,19.980000000000004,35.9,79.12666666666668,7.300000000000001,19.62
cabef0e85bd2e0922159406f5ad08e17006d466c83d785d06fa7f2c8555acc44,19/04/2020,1283,0,31.21333333333333,15.68,29.026666666666667,73.48666666666666,6.3533333333333335,19.54666666666667
cabef0e85bd2e0922159406f5ad08e17006d466c83d785d06fa7f2c8555acc44,4/05/2020,1098.666667,0.006666667,29.006666666666668,13.000000000000002,29.500000000000004,75.85999999999999,5.713333333333335,17.860000000000003
cabef0e85bd2e0922159406f5ad08e17006d466c83d785d06fa7f2c8555acc44,19/05/2020,1151.666667,0,26.58,11.433333333333334,29.51333333333333,75,4.553333333333334,15.9
cabef0e85bd2e0922159406f5ad08e17006d466c83d785d06fa7f2c8555acc44,3/06/2020,1087.666667,0.9333333333332728,20.953333333333333,7.96,42.24,89.50666666666667,3.3600000000000003,12.813333333333334
cabef0e85bd2e0922159406f5ad08e17006d466c83d785d06fa7f2c8555acc44,18/06/2020,978,0.3266666666666424,24.813333333333336,8.786666666666667,33.31333333333334,90.06666666666666,3.5,14.253333333333334
cabef0e85bd2e0922159406f5ad08e17006d466c83d785d06fa7f2c8555acc44,3/07/2020,896,0.006666667,23.24,6.400000000000001,33.35333333333333,95.48,3.3466666666666667,13.88
cabef0e85bd2e0922159406f5ad08e17006d466c83d785d06fa7f2c8555acc44,18/07/2020,928.666667,0,21.52,4.6,32.72,94.27333333333334,3.26,14.666666666666668
cabef0e85bd2e0922159406f5ad08e17006d466c83d785d06fa7f2c8555acc44,2/08/2020,862,0,23.21333333333333,5.506666666666667,29.34666666666667,89.03333333333333,3.5866666666666664,15.653333333333334
cabef0e85bd2e0922159406f5ad08e17006d466c83d785d06fa7f2c8555acc44,17/08/2020,857.333333,1.6599999999999755,24.433333333333337,8.393333333333334,35.18,89.59333333333333,4.293333333333334,16.573333333333334
cabef0e85bd2e0922159406f5ad08e17006d466c83d785d06fa7f2c8555acc44,1/09/2020,807.333333,0,25.32,6.693333333333333,20.846666666666668,67.60666666666667,5.073333333333333,20.65333333333333
cabef0e85bd2e0922159406f5ad08e17006d466c83d785d06fa7f2c8555acc44,16/09/2020,757.666667,0,29.913333333333338,14.373333333333331,28.953333333333337,74.78666666666668,6.606666666666667,20.92
cabef0e85bd2e0922159406f5ad08e17006d466c83d785d06fa7f2c8555acc44,1/10/2020,775.666667,1.9333333333332727,28.726666666666667,14.68,29.540000000000003,66.04666666666667,6.533333333333333,20.14666666666667
cabef0e85bd2e0922159406f5ad08e17006d466c83d785d06fa7f2c8555acc44,16/10/2020,773.333333,0.2599999999999757,31.526666666666667,16.753333333333334,27.02,65.09333333333333,8.18,23.946666666666665
cabef0e85bd2e0922159406f5ad08e17006d466c83d785d06fa7f2c8555acc44,31/10/2020,735.666667,0.3799999999999575,32.29333333333334,15.066666666666666,23.28666666666667,63.13333333333334,8.533333333333333,24.3
cabef0e85bd2e0922159406f5ad08e17006d466c83d785d06fa7f2c8555acc44,15/11/2020,638,0.9133333333333212,35.226666666666674,17.96,22.626666666666665,58.11333333333334,10.413333333333334,27.540000000000003
cabef0e85bd2e0922159406f5ad08e17006d466c83d785d06fa7f2c8555acc44,30/11/2020,655.666667,0.02,39.28,24.4,20.620000000000005,47.38,12,28.826666666666668
cabef0e85bd2e0922159406f5ad08e17006d466c83d785d06fa7f2c8555acc44,15/12/2020,602.666667,0.6999999999999393,37.57333333333334,23.52,23.54666666666667,51.82666666666667,11.466666666666669,26.03333333333334
cabef0e85bd2e0922159406f5ad08e17006d466c83d785d06fa7f2c8555acc44,30/12/2020,575.666667,1.5533333333332544,34.85333333333334,23.12,39.27333333333333,74.33333333333333,9.426666666666668,19.806666666666665
cabef0e85bd2e0922159406f5ad08e17006d466c83d785d06fa7f2c8555acc44,14/01/2021,908,4.553333333333224,33.28,21.46,44.52666666666667,87.78666666666668,8.206666666666667,21.16666666666667
cabef0e85bd2e0922159406f5ad08e17006d466c83d785d06fa7f2c8555acc44,29/01/2021,1046.666667,0.5866666666666182,37.13333333333333,23.086666666666662,27.08,60.28,10.74,25.293333333333333
cabef0e85bd2e0922159406f5ad08e17006d466c83d785d06fa7f2c8555acc44,13/02/2021,840.666667,3.2133333333332303,36.88666666666667,23.9,34.38,71.86,9.326666667,21.48666666666667
cabef0e85bd2e0922159406f5ad08e17006d466c83d785d06fa7f2c8555acc44,28/02/2021,765.666667,1.6333333333332425,36.080000000000005,21.933333333333334,33.07333333333334,73.7,9.2,22.06666666666667
cabef0e85bd2e0922159406f5ad08e17006d466c83d785d06fa7f2c8555acc44,15/03/2021,806.666667,2.2599999999998848,34.95333333333334,20.886666666666667,33.71333333333334,72.1,8.106666666666667,21.933333333333334
cabef0e85bd2e0922159406f5ad08e17006d466c83d785d06fa7f2c8555acc44,30/03/2021,856,3.346666666666564,31.160000000000004,19.180000000000003,43.07333333333334,85.13333333333334,6.620000000000001,17.78666666666667
cabef0e85bd2e0922159406f5ad08e17006d466c83d785d06fa7f2c8555acc44,14/04/2021,1008.666667,1.2333333333332728,30.03333333333334,15.86,35.78,82.06,5.973333333333334,19.05333333333333
cabef0e85bd2e0922159406f5ad08e17006d466c83d785d06fa7f2c8555acc44,29/04/2021,943.666667,0.02,28.773333333333333,12.893333333333334,26.953333333333333,71.86666666666666,5.886666666666667,17.526666666666667
cabef0e85bd2e0922159406f5ad08e17006d466c83d785d06fa7f2c8555acc44,14/05/2021,1028.666667,0.02,27.566666666666663,11.580000000000002,32.12666666666667,85.97333333333333,4.6800000000000015,16.74
cabef0e85bd2e0922159406f5ad08e17006d466c83d785d06fa7f2c8555acc44,29/05/2021,979,0,24.413333333333338,8.246666666666666,28.42666666666667,79.27333333333334,4.293333333333334,15.546666666666669
cabef0e85bd2e0922159406f5ad08e17006d466c83d785d06fa7f2c8555acc44,13/06/2021,953.333333,0.2133333333333212,22.553333333333335,6.146666666666667,34.11333333333333,90.79333333333334,3.3800000000000003,13.173333333333336
cabef0e85bd2e0922159406f5ad08e17006d466c83d785d06fa7f2c8555acc44,28/06/2021,877.666667,1.153333333333285,21.32,6.753333333333334,39.806666666666665,92.04,3.053333333333333,11.46
cabef0e85bd2e0922159406f5ad08e17006d466c83d785d06fa7f2c8555acc44,13/07/2021,819,1.2466666666666242,20.90666666666667,6.493333333333334,41.46000000000001,97.15333333333336,2.9533333333333336,13.753333333333334
cabef0e85bd2e0922159406f5ad08e17006d466c83d785d06fa7f2c8555acc44,28/07/2021,704.333333,0,23.07333333333333,5.700000000000001,31.006666666666668,90.12,3.473333333333334,14.973333333333333
cabef0e85bd2e0922159406f5ad08e17006d466c83d785d06fa7f2c8555acc44,12/08/2021,687.666667,0.1599999999999757,25.48,9,30.60666666666667,85.79333333333334,4.3533333333333335,16.64
cabef0e85bd2e0922159406f5ad08e17006d466c83d785d06fa7f2c8555acc44,27/08/2021,668.666667,0.1599999999999757,25.60666666666667,9.26,26.56,74.67333333333335,4.713333333333334,18.886666666666667
cabef0e85bd2e0922159406f5ad08e17006d466c83d785d06fa7f2c8555acc44,11/09/2021,630.666667,0,27.84666666666667,10.580000000000002,26.72666666666667,73.98666666666668,5.906666666666667,19.58
cabef0e85bd2e0922159406f5ad08e17006d466c83d785d06fa7f2c8555acc44,26/09/2021,601.333333,0,29.506666666666668,11.746666666666666,18.880000000000003,56.53333333333334,7.2,23.15333333333334
cabef0e85bd2e0922159406f5ad08e17006d466c83d785d06fa7f2c8555acc44,11/10/2021,589,0.3133333333333212,31.846666666666668,15.726666666666668,27.473333333333336,65.9,7.86,21.453333333333333
cabef0e85bd2e0922159406f5ad08e17006d466c83d785d06fa7f2c8555acc44,26/10/2021,572.333333,0.1333333333333333,33.95333333333333,15.366666666666667,20.14666666666667,58.81333333333334,9.126666666666669,24.15333333333333
cabef0e85bd2e0922159406f5ad08e17006d466c83d785d06fa7f2c8555acc44,10/11/2021,674.333333,5.9599999999998845,33.60666666666667,21.15333333333333,37.04666666666667,75.70666666666666,8.213333333333333,21.813333333333333
cabef0e85bd2e0922159406f5ad08e17006d466c83d785d06fa7f2c8555acc44,25/11/2021,1151.333333,4.593333333333279,29.72,17.253333333333334,37.24,74.94666666666667,8.040000000000001,23.813333333333336
cabef0e85bd2e0922159406f5ad08e17006d466c83d785d06fa7f2c8555acc44,10/12/2021,1608.666667,4.419999999999951,32.553333333333335,19.386666666666667,40.50000000000001,85.38666666666668,8.9,24.05333333333333
cabef0e85bd2e0922159406f5ad08e17006d466c83d785d06fa7f2c8555acc44,25/12/2021,1556,0.1133333333332908,36.66,21.040000000000003,29.10666666666667,71.46666666666667,10.88,27.62666666666667
cabef0e85bd2e0922159406f5ad08e17006d466c83d785d06fa7f2c8555acc44,9/01/2022,1481,0.7266666666666121,38.38,21.83333333333333,27.06,68.08,11.293333333333331,26.65333333333333
cabef0e85bd2e0922159406f5ad08e17006d466c83d785d06fa7f2c8555acc44,24/01/2022,1198.333333,7.973333333333206,37.75333333333333,24.54666666666667,32.620000000000005,67.36666666666666,10.286666666666669,21.5
cabef0e85bd2e0922159406f5ad08e17006d466c83d785d06fa7f2c8555acc44,8/02/2022,1160,6.453333333333285,33.013333333333335,21.22000000000001,43.1,83.47333333333334,7.96,20.18
cabef0e85bd2e0922159406f5ad08e17006d466c83d785d06fa7f2c8555acc44,23/02/2022,1722.666667,1.4066666666666303,36.56,21.493333333333336,30.74666666666667,73.35333333333334,9.693333333333335,25.766666666666666
cabef0e85bd2e0922159406f5ad08e17006d466c83d785d06fa7f2c8555acc44,10/03/2022,1674.666667,0.013333333,37.14,20.55333333333333,26.886666666666667,69.6,9.573333333333332,23.020000000000003
cabef0e85bd2e0922159406f5ad08e17006d466c83d785d06fa7f2c8555acc44,25/03/2022,1552,1.7866666666666484,35.326666666666675,20.346666666666668,30.8,73.32666666666667,8.346666666666668,22.65333333333333
cabef0e85bd2e0922159406f5ad08e17006d466c83d785d06fa7f2c8555acc44,9/04/2022,1610.333333,4.493333333333249,32.13333333333333,18.006666666666668,37.79333333333333,85.86666666666666,6.413333333333335,19.426666666666662
cabef0e85bd2e0922159406f5ad08e17006d466c83d785d06fa7f2c8555acc44,24/04/2022,1551.666667,0.02,31.17333333333334,16.913333333333334,34.46666666666667,79.08666666666667,6.053333333333333,17.780000000000005
cabef0e85bd2e0922159406f5ad08e17006d466c83d785d06fa7f2c8555acc44,9/05/2022,1674.333333,4.859999999999855,25.51333333333333,16.186666666666667,51.7,89.38666666666667,3.8466666666666662,11.606666666666667
cabef0e85bd2e0922159406f5ad08e17006d466c83d785d06fa7f2c8555acc44,24/05/2022,1757,2.8399999999999634,24.05333333333333,14.92,58.080000000000005,97.38666666666668,3.26,11.04
cabef0e85bd2e0922159406f5ad08e17006d466c83d785d06fa7f2c8555acc44,8/06/2022,1716.666667,0.4866666666666485,21.48666666666667,9.433333333333334,47.73333333333334,93.98666666666668,3.086666666666667,11.06
cabef0e85bd2e0922159406f5ad08e17006d466c83d785d06fa7f2c8555acc44,23/06/2022,1902.333333,0,21.266666666666666,4.333333333333333,37.04,98.26666666666668,3.1,14.026666666666667
cabef0e85bd2e0922159406f5ad08e17006d466c83d785d06fa7f2c8555acc44,8/07/2022,1526,1.679999999999988,18.90666666666667,6.66,51.153333333333336,98.34666666666666,2.606666666666667,11.053333333333333
cabef0e85bd2e0922159406f5ad08e17006d466c83d785d06fa7f2c8555acc44,23/07/2022,1472,1.2599999999999758,20.14,3.726666666666667,39.1,98.86,3.0000000000000004,15.140000000000002
cabef0e85bd2e0922159406f5ad08e17006d466c83d785d06fa7f2c8555acc44,7/08/2022,1367.333333,0.6266666666665818,23.166666666666668,9.06,42.42,97,3.44,14.72
cabef0e85bd2e0922159406f5ad08e17006d466c83d785d06fa7f2c8555acc44,22/08/2022,1369.666667,0.013333333,22.80666666666667,5.260000000000001,32.06666666666667,94.08,4.113333333333333,17.373333333333335
cabef0e85bd2e0922159406f5ad08e17006d466c83d785d06fa7f2c8555acc44,6/09/2022,1462,4.266666666666636,22.74,9.813333333333334,43.59333333333334,91.07333333333332,4.073333333333333,17.3
cabef0e85bd2e0922159406f5ad08e17006d466c83d785d06fa7f2c8555acc44,21/09/2022,1582.333333,1.8533333333332545,26.03333333333334,11.88,37.440000000000005,85.82666666666667,5.453333333333334,18.38
cabef0e85bd2e0922159406f5ad08e17006d466c83d785d06fa7f2c8555acc44,6/10/2022,1662.333333,0.8266666666666425,27.746666666666663,13.013333333333334,36.26,87.31333333333333,6.1800000000000015,20.34
cabef0e85bd2e0922159406f5ad08e17006d466c83d785d06fa7f2c8555acc44,21/10/2022,1621.333333,3.373333333333206,28.620000000000005,16.186666666666667,44.96666666666667,91.7,6.34,19.14
cabef0e85bd2e0922159406f5ad08e17006d466c83d785d06fa7f2c8555acc44,5/11/2022,1668.666667,0.6199999999999818,30.91333333333333,15.033333333333337,28.133333333333336,72.32,8.413333333333334,24.480000000000004
cabef0e85bd2e0922159406f5ad08e17006d466c83d785d06fa7f2c8555acc44,20/11/2022,1630.333333,0.7199999999999515,32.413333333333334,17.613333333333333,29.60666666666667,70.92666666666668,8.906666666666666,22.72666666666667
cabef0e85bd2e0922159406f5ad08e17006d466c83d785d06fa7f2c8555acc44,5/12/2022,1612.333333,0.1399999999999333,32.806666666666665,18.166666666666668,27.2,64.55333333333334,9.06,22.62
cabef0e85bd2e0922159406f5ad08e17006d466c83d785d06fa7f2c8555acc44,20/12/2022,1563,2.186666666666618,35.26,19.75333333333333,25.26,59.833333333333336,10.713333333333336,26.526666666666667
cabef0e85bd2e0922159406f5ad08e17006d466c83d785d06fa7f2c8555acc44,4/01/2023,1504.666667,1.5333333333332726,34.653333333333336,21.94666666666667,36.22666666666667,73.46666666666667,9.466666666666669,20.76
cabef0e85bd2e0922159406f5ad08e17006d466c83d785d06fa7f2c8555acc44,19/01/2023,1428,5.446666666666563,32.22,20.99333333333333,47.13333333333334,87.61333333333333,7.673333333333334,21.886666666666667
cabef0e85bd2e0922159406f5ad08e17006d466c83d785d06fa7f2c8555acc44,3/02/2023,1911.666667,2.053333333333224,34.84,22.800000000000004,42.440000000000005,84.80000000000001,8.56,25.30666666666667
cabef0e85bd2e0922159406f5ad08e17006d466c83d785d06fa7f2c8555acc44,18/02/2023,1887.333333,1.6466666666666243,34.666666666666664,20.346666666666668,34.620000000000005,74.98666666666666,8.680000000000001,23.05333333333333
cabef0e85bd2e0922159406f5ad08e17006d466c83d785d06fa7f2c8555acc44,5/03/2023,1738.666667,0.2,35.906666666666666,21.44,31.666666666666668,73.44000000000001,8.94,23.226666666666667
cabef0e85bd2e0922159406f5ad08e17006d466c83d785d06fa7f2c8555acc44,20/03/2023,1721,4.046666666666624,32.86,20.21333333333333,47.12,91.84,6.713333333333334,19.21333333333333
cabef0e85bd2e0922159406f5ad08e17006d466c83d785d06fa7f2c8555acc44,4/04/2023,1705.666667,0.02,33.153333333333336,18.69333333333333,33.75333333333334,79.38000000000001,7.213333333333335,20.15333333333333
cabef0e85bd2e0922159406f5ad08e17006d466c83d785d06fa7f2c8555acc44,19/04/2023,1645.666667,0.3199999999999515,31.89333333333333,13.906666666666668,27.84,78.11333333333333,6.386666666666667,17.92
cabef0e85bd2e0922159406f5ad08e17006d466c83d785d06fa7f2c8555acc44,4/05/2023,1490.666667,0.4533333333333151,28.25333333333333,12.786666666666669,34.4,86.36666666666666,5.193333333333333,16.62
cabef0e85bd2e0922159406f5ad08e17006d466c83d785d06fa7f2c8555acc44,19/05/2023,1531.666667,0,25.15333333333333,8.14,30.673333333333336,87.76666666666667,4.3533333333333335,16.386666666666667
cabef0e85bd2e0922159406f5ad08e17006d466c83d785d06fa7f2c8555acc44,3/06/2023,1361,0,24.200000000000003,4.346666666666667,25.333333333333336,88.61333333333336,4.193333333333333,15.633333333333333
cabef0e85bd2e0922159406f5ad08e17006d466c83d785d06fa7f2c8555acc44,18/06/2023,1412.666667,0.02,25.58,9.76,34.266666666666666,89.85333333333332,3.5200000000000005,14.026666666666667
cabef0e85bd2e0922159406f5ad08e17006d466c83d785d06fa7f2c8555acc44,3/07/2023,1357.333333,0.4533333333333151,23.680000000000003,9.653333333333334,34.760000000000005,75.18,3.5,12.593333333333334
cabef0e85bd2e0922159406f5ad08e17006d466c83d785d06fa7f2c8555acc44,18/07/2023,1390,2.2666666666666364,22.38,7.1466666666666665,40.806666666666665,96.76,3.1133333333333337,14.573333333333334
cabef0e85bd2e0922159406f5ad08e17006d466c83d785d06fa7f2c8555acc44,2/08/2023,1504,0,24.58,8.566666666666666,32.45333333333333,87.97333333333334,3.7000000000000006,16
cabef0e85bd2e0922159406f5ad08e17006d466c83d785d06fa7f2c8555acc44,17/08/2023,1507.333333,0,27.586666666666662,8.68,25.660000000000004,82.11999999999999,5,17.926666666666666
cabef0e85bd2e0922159406f5ad08e17006d466c83d785d06fa7f2c8555acc44,1/09/2023,1574,0,27.72666666666667,8.733333333333333,24.466666666666665,79.18666666666667,5.220000000000001,19.273333333333333
cabef0e85bd2e0922159406f5ad08e17006d466c83d785d06fa7f2c8555acc44,16/09/2023,1551.333333,0,29.7,10.893333333333334,19.52,64.54,7.0200000000000005,21.15333333333333
cabef0e85bd2e0922159406f5ad08e17006d466c83d785d06fa7f2c8555acc44,1/10/2023,1328,0,32.266666666666666,14.566666666666668,23.5,68.9,7.633333333333335,22.94
cabef0e85bd2e0922159406f5ad08e17006d466c83d785d06fa7f2c8555acc44,16/10/2023,1191,0,32.14,15.186666666666667,22.626666666666665,60.74000000000001,8.42,24.3
cabef0e85bd2e0922159406f5ad08e17006d466c83d785d06fa7f2c8555acc44,31/10/2023,1077.333333,0.6533333333333151,34.720000000000006,16.706666666666667,17.866666666666667,51.79333333333333,9.7,26.57333333333333
cabef0e85bd2e0922159406f5ad08e17006d466c83d785d06fa7f2c8555acc44,15/11/2023,987.333333,0.9399999999999636,36.20666666666667,20.56,25.78666666666667,61.86000000000001,10.413333333333334,27.413333333333338
cabef0e85bd2e0922159406f5ad08e17006d466c83d785d06fa7f2c8555acc44,30/11/2023,979.666667,4.573333333333206,32.52,20.826666666666664,42.38666666666666,80.4,7.786666666666666,20.78666666666667
cabef0e85bd2e0922159406f5ad08e17006d466c83d785d06fa7f2c8555acc44,15/12/2023,1107.333333,0.06,37.080000000000005,21.69333333333333,29.78666666666667,72.39333333333335,10.9,28.89333333333333
cabef0e85bd2e0922159406f5ad08e17006d466c83d785d06fa7f2c8555acc44,30/12/2023,1096,3.566666666666545,37.873333333333335,20.986666666666668,28.68,71.37333333333332,11.026666666666667,27.506666666666668
cabef0e85bd2e0922159406f5ad08e17006d466c83d785d06fa7f2c8555acc44,14/01/2024,989.666667,1.8199999999998608,36.940000000000005,23.24,37.88666666666666,81.46000000000001,9.553333333333336,25.773333333333333
cabef0e85bd2e0922159406f5ad08e17006d466c83d785d06fa7f2c8555acc44,29/01/2024,1059.333333,4.159999999999945,37.74,25.466666666666672,39.80666666666668,78.82666666666667,9.586666666666668,25.35333333333333
cabef0e85bd2e0922159406f5ad08e17006d466c83d785d06fa7f2c8555acc44,13/02/2024,1134.666667,2.619999999999952,36.57333333333334,23.76,39.35333333333333,81.10666666666667,8.873333333333335,23.860000000000003
cabef0e85bd2e0922159406f5ad08e17006d466c83d785d06fa7f2c8555acc44,28/02/2024,1468.666667,3.266666666666606,34.00666666666667,22.180000000000003,46.69333333333334,92.04666666666668,7.640000000000001,23.486666666666668
cabef0e85bd2e0922159406f5ad08e17006d466c83d785d06fa7f2c8555acc44,14/03/2024,1605.333333,0,35.686666666666675,21.05333333333333,33.486666666666665,78.15333333333335,8.52,24.293333333333337
cabef0e85bd2e0922159406f5ad08e17006d466c83d785d06fa7f2c8555acc44,29/03/2024,1732,7.246666666666564,32.56,22.053333333333335,48.473333333333336,84.32666666666667,6.446666666666668,16.76
cabef0e85bd2e0922159406f5ad08e17006d466c83d785d06fa7f2c8555acc44,13/04/2024,2016.333333,7.346666666666624,28.60666666666667,16.046666666666667,44.77333333333333,91.98,5.466666666666667,19.74666666666667
cabef0e85bd2e0922159406f5ad08e17006d466c83d785d06fa7f2c8555acc44,28/04/2024,2257.666667,0.1,28.706666666666667,13.88,36.79333333333334,89.82,5.506666666666667,18.966666666666665
cabef0e85bd2e0922159406f5ad08e17006d466c83d785d06fa7f2c8555acc44,13/05/2024,2306.333333,0.6066666666666303,27.746666666666663,13.766666666666667,41.873333333333335,96.05333333333334,4.38,16.153333333333332
cabef0e85bd2e0922159406f5ad08e17006d466c83d785d06fa7f2c8555acc44,28/05/2024,2335.333333,0,25.613333333333337,8.866666666666667,33.94666666666667,95.31333333333336,4.2,15.360000000000005
cabef0e85bd2e0922159406f5ad08e17006d466c83d785d06fa7f2c8555acc44,12/06/2024,1908.666667,0.7733333333333273,22.413333333333338,6.42,40.82000000000001,98.23333333333332,3.2,13.753333333333334
cabef0e85bd2e0922159406f5ad08e17006d466c83d785d06fa7f2c8555acc44,27/06/2024,2142,0.1466666666666545,23.040000000000003,5.066666666666666,31.966666666666665,93.44666666666669,3.3400000000000003,13.773333333333335
cabef0e85bd2e0922159406f5ad08e17006d466c83d785d06fa7f2c8555acc44,12/07/2024,1759.333333,0.4066666666666302,23.53333333333333,9.586666666666668,46.42666666666667,98.81333333333332,2.9933333333333336,12.986666666666668
cabef0e85bd2e0922159406f5ad08e17006d466c83d785d06fa7f2c8555acc44,27/07/2024,1121.333333,0.393333333,21.326666666666668,4.193333333333333,34.013333333333335,95.22666666666667,3.2066666666666666,14.846666666666668
cabef0e85bd2e0922159406f5ad08e17006d466c83d785d06fa7f2c8555acc44,11/08/2024,1065.666667,0.1199999999999514,23.480000000000004,6.2,32.96,89.77333333333334,3.873333333333334,15.913333333333332
cabef0e85bd2e0922159406f5ad08e17006d466c83d785d06fa7f2c8555acc44,26/08/2024,1121.333333,0.066666667,29.293333333333337,11.033333333333331,32.24666666666667,89.77333333333333,5.086666666666668,18.80666666666667
cabef0e85bd2e0922159406f5ad08e17006d466c83d785d06fa7f2c8555acc44,10/09/2024,1122.666667,0,32.4,13.260000000000002,24.04666666666667,76.53333333333335,6.926666666666667,20.926666666666662
cabef0e85bd2e0922159406f5ad08e17006d466c83d785d06fa7f2c8555acc44,25/09/2024,1090,0,29.746666666666663,11.706666666666669,20.02,58.75333333333334,7.12,22.34666666666667
cabef0e85bd2e0922159406f5ad08e17006d466c83d785d06fa7f2c8555acc44,10/10/2024,1163.333333,0.7999999999999393,32.25333333333334,15.060000000000002,26.26,72.2,7.96,23.613333333333337
cabef0e85bd2e0922159406f5ad08e17006d466c83d785d06fa7f2c8555acc44,25/10/2024,1324.666667,0,35.16,19.326666666666664,25.9,65.38666666666667,9.093333333333334,24.96
cabef0e85bd2e0922159406f5ad08e17006d466c83d785d06fa7f2c8555acc44,9/11/2024,1317.333333,0.2533333333333151,37.70666666666668,20.56666666666667,20.34666666666667,53.8,10.866666666666667,26.486666666666668
cabef0e85bd2e0922159406f5ad08e17006d466c83d785d06fa7f2c8555acc44,24/11/2024,1440,5.299999999999909,34.46666666666667,21.646666666666665,38.21333333333334,78.18000000000002,8.713333333333335,23.093333333333337
cabef0e85bd2e0922159406f5ad08e17006d466c83d785d06fa7f2c8555acc44,9/12/2024,1880.666667,3.186666666666588,34.38666666666666,23.000000000000004,44.06666666666667,82.32666666666665,8.913333333333334,25.380000000000003
cabef0e85bd2e0922159406f5ad08e17006d466c83d785d06fa7f2c8555acc44,24/12/2024,1743.666667,0.433333333,36.56000000000001,22.10666666666667,34.06666666666667,76.84,10.5,28.666666666666668
a649402b3679b6bc9ef3556484c74b3b212db6e121e11d14b530c877411de9a9,5/01/2017,1151,1.72,35.660000000000004,24.82,40.72,75.12,8.56,20.14
a649402b3679b6bc9ef3556484c74b3b212db6e121e11d14b530c877411de9a9,20/01/2017,1151,3.3533333333332545,36.50666666666667,24.07333333333333,38.08666666666667,76.22000000000001,9.42,23.540000000000003
a649402b3679b6bc9ef3556484c74b3b212db6e121e11d14b530c877411de9a9,4/02/2017,1175,0.6533333333333151,38.18666666666668,24.813333333333333,35.28666666666667,74.58,10.213333333333331,24.73333333333333
a649402b3679b6bc9ef3556484c74b3b212db6e121e11d14b530c877411de9a9,19/02/2017,1157.666667,0.1,39.59333333333333,24.480000000000004,27.15333333333334,62.833333333333336,10.94,25.226666666666667
a649402b3679b6bc9ef3556484c74b3b212db6e121e11d14b530c877411de9a9,6/03/2017,1158,0.8266666666666121,36.080000000000005,20.82,30.446666666666665,73.78666666666666,8.840000000000002,21.493333333333336
a649402b3679b6bc9ef3556484c74b3b212db6e121e11d14b530c877411de9a9,21/03/2017,1110,0.4466666666665939,36.580000000000005,20.380000000000003,28.96,71.40666666666668,8.653333333333334,20.913333333333338
a649402b3679b6bc9ef3556484c74b3b212db6e121e11d14b530c877411de9a9,5/04/2017,1288,0.02,34.166666666666664,18.76,32,77.66000000000001,7.420000000000001,19.526666666666667
a649402b3679b6bc9ef3556484c74b3b212db6e121e11d14b530c877411de9a9,20/04/2017,1215.333333,0,31.486666666666668,13.993333333333334,26.39333333333333,75.75333333333333,6.553333333333334,20.19333333333333
a649402b3679b6bc9ef3556484c74b3b212db6e121e11d14b530c877411de9a9,5/05/2017,1145,0.06,28.94666666666667,14.166666666666666,31.75333333333333,78.22666666666667,5.406666666666667,16.193333333333335
a649402b3679b6bc9ef3556484c74b3b212db6e121e11d14b530c877411de9a9,20/05/2017,1077,0.3533333333333151,27.273333333333333,11.56,34.28666666666667,85.95333333333335,4.453333333333333,14.46
a649402b3679b6bc9ef3556484c74b3b212db6e121e11d14b530c877411de9a9,4/06/2017,1169,0,26.506666666666668,8.986666666666668,27.78,81.9,4.373333333333333,15.513333333333334
a649402b3679b6bc9ef3556484c74b3b212db6e121e11d14b530c877411de9a9,19/06/2017,1161,0,23.64,5.8133333333333335,30.360000000000003,91.96,3.4533333333333336,14.946666666666667
a649402b3679b6bc9ef3556484c74b3b212db6e121e11d14b530c877411de9a9,4/07/2017,1107.333333,0.2733333333332969,25.1,8.546666666666669,32.980000000000004,88.95333333333333,3.5266666666666664,13.326666666666666
a649402b3679b6bc9ef3556484c74b3b212db6e121e11d14b530c877411de9a9,19/07/2017,1093.333333,0.9199999999999516,24.62,9.966666666666669,37.65333333333333,89.26,3.4,13.213333333333331
a649402b3679b6bc9ef3556484c74b3b212db6e121e11d14b530c877411de9a9,3/08/2017,1075,0,26.39333333333333,6.786666666666667,22.23333333333333,75.6,4.273333333333334,17.206666666666667
a649402b3679b6bc9ef3556484c74b3b212db6e121e11d14b530c877411de9a9,18/08/2017,1037.333333,0,27.96,6.293333333333334,17.733333333333334,69.02,5.373333333333334,19.28666666666667
a649402b3679b6bc9ef3556484c74b3b212db6e121e11d14b530c877411de9a9,2/09/2017,1034.666667,0,25.866666666666667,6.093333333333334,15.353333333333332,54.040000000000006,5.406666666666667,20.993333333333336
a649402b3679b6bc9ef3556484c74b3b212db6e121e11d14b530c877411de9a9,17/09/2017,1025.666667,0,28.15333333333333,8.426666666666668,16.18,56.34666666666667,6.819999999999999,22.64
a649402b3679b6bc9ef3556484c74b3b212db6e121e11d14b530c877411de9a9,2/10/2017,1048,0.093333333,34.70666666666667,15.806666666666668,18.466666666666665,54.086666666666666,8.96,21.793333333333337
a649402b3679b6bc9ef3556484c74b3b212db6e121e11d14b530c877411de9a9,17/10/2017,1035,1.7933333333332484,34.086666666666666,19.886666666666667,34.186666666666675,76.94666666666667,7.953333333333333,20.74
a649402b3679b6bc9ef3556484c74b3b212db6e121e11d14b530c877411de9a9,1/11/2017,1001.666667,1.4666666666665755,32.32,17.006666666666668,30.42,72.84666666666666,8.066666666666666,22.966666666666672
a649402b3679b6bc9ef3556484c74b3b212db6e121e11d14b530c877411de9a9,16/11/2017,981.333333,0.2799999999999272,33.52666666666667,18.426666666666662,26.35333333333333,62.940000000000005,9.406666666666668,24.313333333333333
a649402b3679b6bc9ef3556484c74b3b212db6e121e11d14b530c877411de9a9,1/12/2017,995,0.5133333333332303,34.35333333333334,20.680000000000003,31.706666666666667,70.54,9.146666666666668,23.000000000000004
a649402b3679b6bc9ef3556484c74b3b212db6e121e11d14b530c877411de9a9,16/12/2017,974.666667,0.7733333333332666,36.35333333333334,20.493333333333336,22.84,55.67333333333333,11.253333333333334,27.38
a649402b3679b6bc9ef3556484c74b3b212db6e121e11d14b530c877411de9a9,31/12/2017,944.666667,0.4399999999999636,40.13333333333334,25.433333333333334,23.953333333333333,54.96666666666668,12.173333333333336,26.300000000000004
a649402b3679b6bc9ef3556484c74b3b212db6e121e11d14b530c877411de9a9,15/01/2018,839.666667,0.04,39.56,25.05333333333333,22.706666666666667,51.31333333333334,11.913333333333332,26.126666666666665
a649402b3679b6bc9ef3556484c74b3b212db6e121e11d14b530c877411de9a9,30/01/2018,857.333333,0.1866666666666484,38.6,24.74666666666667,25.133333333333333,55.38,11.106666666666667,23.94
a649402b3679b6bc9ef3556484c74b3b212db6e121e11d14b530c877411de9a9,14/02/2018,639.333333,1.2533333333333152,37.86666666666667,22.546666666666667,25.88,59.16666666666666,10.666666666666666,23.64
a649402b3679b6bc9ef3556484c74b3b212db6e121e11d14b530c877411de9a9,1/03/2018,607.666667,0.2666666666666363,38.42666666666667,23.633333333333336,30.793333333333337,69.93333333333334,10.02,22.333333333333336
a649402b3679b6bc9ef3556484c74b3b212db6e121e11d14b530c877411de9a9,16/03/2018,655,6.493333333333279,31.053333333333335,20.273333333333333,47.540000000000006,85.51333333333334,6.2733333333333325,16.686666666666667
a649402b3679b6bc9ef3556484c74b3b212db6e121e11d14b530c877411de9a9,31/03/2018,1512.333333,2.139999999999964,33.88,19.933333333333334,37.92,84.87333333333335,7.593333333333334,20.273333333333333
a649402b3679b6bc9ef3556484c74b3b212db6e121e11d14b530c877411de9a9,15/04/2018,1772,0.033333333,32.553333333333335,18.39333333333333,35.29333333333334,81.11333333333333,6.426666666666667,18.80666666666667
a649402b3679b6bc9ef3556484c74b3b212db6e121e11d14b530c877411de9a9,30/04/2018,1447,0,30.813333333333336,14.153333333333334,29.160000000000004,79.24,6.153333333333334,18.64666666666667
a649402b3679b6bc9ef3556484c74b3b212db6e121e11d14b530c877411de9a9,15/05/2018,1335,0,27.206666666666667,10.62,28.84666666666667,81.30000000000001,4.726666666666668,16.580000000000002
a649402b3679b6bc9ef3556484c74b3b212db6e121e11d14b530c877411de9a9,30/05/2018,1337.333333,0,25.37333333333333,8.726666666666667,27.686666666666667,79.11333333333333,4.386666666666668,15.446666666666667
a649402b3679b6bc9ef3556484c74b3b212db6e121e11d14b530c877411de9a9,14/06/2018,1293.333333,0,23.513333333333332,6.613333333333333,28.39333333333333,82.06666666666666,3.5533333333333337,14.4
a649402b3679b6bc9ef3556484c74b3b212db6e121e11d14b530c877411de9a9,29/06/2018,1164.666667,0,22.12,5.633333333333334,31.773333333333333,87.56666666666666,3.273333333333333,13.113333333333337
a649402b3679b6bc9ef3556484c74b3b212db6e121e11d14b530c877411de9a9,14/07/2018,1088.666667,0.013333333,22.83333333333333,6.133333333333334,32.153333333333336,89.16666666666667,3.373333333333334,14.72
a649402b3679b6bc9ef3556484c74b3b212db6e121e11d14b530c877411de9a9,29/07/2018,994,0.013333333,25.006666666666668,5.320000000000001,21.84,72.94000000000001,3.926666666666667,16.12666666666667
a649402b3679b6bc9ef3556484c74b3b212db6e121e11d14b530c877411de9a9,13/08/2018,954.333333,0,24.53333333333333,5.546666666666667,21.26,70.78666666666668,4.573333333333334,18.16
a649402b3679b6bc9ef3556484c74b3b212db6e121e11d14b530c877411de9a9,28/08/2018,881.666667,0.013333333,25.2,4.36,18.66,66.82666666666667,4.913333333333333,20.633333333333336
a649402b3679b6bc9ef3556484c74b3b212db6e121e11d14b530c877411de9a9,12/09/2018,828,0,28.113333333333333,10.246666666666668,21.413333333333338,63.18,6.3133333333333335,20.933333333333334
a649402b3679b6bc9ef3556484c74b3b212db6e121e11d14b530c877411de9a9,27/09/2018,873,0,29.90666666666667,12.133333333333333,19.9,59.68,7.180000000000001,23.44
a649402b3679b6bc9ef3556484c74b3b212db6e121e11d14b530c877411de9a9,12/10/2018,833.666667,0,32.8,16.353333333333335,23.52,62.92666666666666,8.366666666666667,22.69333333333333
a649402b3679b6bc9ef3556484c74b3b212db6e121e11d14b530c877411de9a9,27/10/2018,781.666667,2.0133333333332604,35.96666666666667,19.813333333333336,27.773333333333333,70.5,9.166666666666666,23.886666666666667
a649402b3679b6bc9ef3556484c74b3b212db6e121e11d14b530c877411de9a9,11/11/2018,777.666667,0.06,36.373333333333335,21.226666666666667,23.133333333333333,55.26666666666667,10.466666666666669,25.40666666666667
a649402b3679b6bc9ef3556484c74b3b212db6e121e11d14b530c877411de9a9,26/11/2018,685,0.2733333333332969,34.940000000000005,20.21333333333333,26.100000000000005,56.333333333333336,9.906666666666668,25.21333333333333
a649402b3679b6bc9ef3556484c74b3b212db6e121e11d14b530c877411de9a9,11/12/2018,602.333333,0,36.84,20.85333333333333,19.980000000000004,48.63333333333334,11.526666666666667,27.41333333333333
a649402b3679b6bc9ef3556484c74b3b212db6e121e11d14b530c877411de9a9,26/12/2018,577,1.4133333333333211,38.02,23.19333333333333,23.41333333333333,52.92666666666666,11.806666666666668,24.62666666666667
a649402b3679b6bc9ef3556484c74b3b212db6e121e11d14b530c877411de9a9,10/01/2019,544.666667,0.4733333333332969,38.39333333333334,24.926666666666662,25.06,53.81333333333334,11.54,25.90666666666667
a649402b3679b6bc9ef3556484c74b3b212db6e121e11d14b530c877411de9a9,25/01/2019,528,0.046666667,39.88666666666667,25.21333333333333,24.186666666666667,55.38,11.96,26.706666666666667
a649402b3679b6bc9ef3556484c74b3b212db6e121e11d14b530c877411de9a9,9/02/2019,539.666667,0.9533333333332242,34.66,23.84,36.27333333333333,66.46000000000001,8.4,16.56
a649402b3679b6bc9ef3556484c74b3b212db6e121e11d14b530c877411de9a9,24/02/2019,731.666667,0.3533333333332848,38.64,21.686666666666667,18.706666666666667,47.71333333333334,11.393333333333334,26.9
a649402b3679b6bc9ef3556484c74b3b212db6e121e11d14b530c877411de9a9,11/03/2019,798.666667,0.006666667,36.62666666666667,23.093333333333337,28.32,61.58000000000001,9.24,20.613333333333333
a649402b3679b6bc9ef3556484c74b3b212db6e121e11d14b530c877411de9a9,26/03/2019,815.666667,7.846666666666594,36.64,23.246666666666663,34.12666666666667,69.97333333333333,8.353333333333333,20.200000000000003
a649402b3679b6bc9ef3556484c74b3b212db6e121e11d14b530c877411de9a9,10/04/2019,835.666667,8.326666666666581,28.686666666666667,17.44,43.64,81.71333333333334,5.573333333333334,18.366666666666667
a649402b3679b6bc9ef3556484c74b3b212db6e121e11d14b530c877411de9a9,25/04/2019,1263.333333,0.006666667,28.480000000000004,16.3,41.473333333333336,84.19333333333334,5.266666666666667,16.573333333333334
a649402b3679b6bc9ef3556484c74b3b212db6e121e11d14b530c877411de9a9,10/05/2019,1864.666667,0.4733333333332969,25.013333333333332,12.840000000000002,45.04,90.43333333333334,4.166666666666667,15.246666666666668
a649402b3679b6bc9ef3556484c74b3b212db6e121e11d14b530c877411de9a9,25/05/2019,1971,0,25.886666666666667,11.16,39.120000000000005,95.38000000000002,4.073333333333333,14.326666666666666
a649402b3679b6bc9ef3556484c74b3b212db6e121e11d14b530c877411de9a9,9/06/2019,1851.666667,0,20.773333333333333,5.493333333333334,35.120000000000005,90.16666666666669,3.3400000000000007,12.526666666666667
a649402b3679b6bc9ef3556484c74b3b212db6e121e11d14b530c877411de9a9,24/06/2019,1655.666667,0,22.51333333333333,5.826666666666667,32.306666666666665,89.69333333333334,3.3000000000000003,14.6
a649402b3679b6bc9ef3556484c74b3b212db6e121e11d14b530c877411de9a9,9/07/2019,1561,0.2399999999999636,23.48666666666667,10,40.96000000000001,89.82666666666665,3.18,11.2
a649402b3679b6bc9ef3556484c74b3b212db6e121e11d14b530c877411de9a9,24/07/2019,1255.666667,0,22.91333333333333,4.413333333333333,29.65333333333334,91.60666666666668,3.4733333333333336,16.006666666666668
a649402b3679b6bc9ef3556484c74b3b212db6e121e11d14b530c877411de9a9,8/08/2019,1204.666667,0.006666667,25.266666666666666,7.533333333333334,24.686666666666667,75.09333333333333,4.213333333333334,14.613333333333332
a649402b3679b6bc9ef3556484c74b3b212db6e121e11d14b530c877411de9a9,23/08/2019,1167.333333,0,23.74,5.373333333333333,23.35333333333333,76.79333333333334,4.533333333333333,19.2
a649402b3679b6bc9ef3556484c74b3b212db6e121e11d14b530c877411de9a9,7/09/2019,1156.333333,0,28.34,8.833333333333334,18.25333333333333,57.20666666666667,6.166666666666667,21.113333333333337
a649402b3679b6bc9ef3556484c74b3b212db6e121e11d14b530c877411de9a9,22/09/2019,1161,0,29.10666666666667,8.753333333333334,16.87333333333333,57.88666666666666,7.113333333333333,23.25333333333333
a649402b3679b6bc9ef3556484c74b3b212db6e121e11d14b530c877411de9a9,7/10/2019,1106,0,32.35333333333333,15.946666666666667,20.85333333333333,55.933333333333344,8.173333333333334,22.506666666666668
a649402b3679b6bc9ef3556484c74b3b212db6e121e11d14b530c877411de9a9,22/10/2019,1108.666667,0,34.17333333333333,15.346666666666668,13.226666666666668,39.41333333333333,9.7,25.14666666666667
a649402b3679b6bc9ef3556484c74b3b212db6e121e11d14b530c877411de9a9,6/11/2019,1055,4.746666666666564,31.16666666666667,18.540000000000003,31.86666666666667,63.42,8.046666666666669,21.72
a649402b3679b6bc9ef3556484c74b3b212db6e121e11d14b530c877411de9a9,21/11/2019,1021.666667,0,35.44666666666667,16.48,15.226666666666668,46.34,11.066666666666668,29.60666666666667
a649402b3679b6bc9ef3556484c74b3b212db6e121e11d14b530c877411de9a9,6/12/2019,997,0.2533333333332848,36.86000000000001,20.74,20.52,49.98666666666667,11.113333333333332,26.680000000000003
a649402b3679b6bc9ef3556484c74b3b212db6e121e11d14b530c877411de9a9,21/12/2019,961,0,40.586666666666666,22.8,14.68,39.34666666666667,13.38,28.87333333333333
a649402b3679b6bc9ef3556484c74b3b212db6e121e11d14b530c877411de9a9,5/01/2020,911.333333,0.006666667,40.30666666666668,25.25333333333333,21.526666666666664,49.98,12.613333333333337,27.406666666666663
a649402b3679b6bc9ef3556484c74b3b212db6e121e11d14b530c877411de9a9,20/01/2020,841.333333,1.2333333333332424,38.406666666666666,24.60666666666667,27.48666666666667,60.82000000000001,10.846666666666668,25.160000000000004
a649402b3679b6bc9ef3556484c74b3b212db6e121e11d14b530c877411de9a9,4/02/2020,962.666667,4.679999999999927,35.09333333333334,24.113333333333337,42.25333333333333,76.93333333333334,8.533333333333333,19.326666666666668
a649402b3679b6bc9ef3556484c74b3b212db6e121e11d14b530c877411de9a9,19/02/2020,1452,2.013333333,37.14,23.10666666666667,35.57333333333334,78.94000000000001,9.386666666666663,24.58
a649402b3679b6bc9ef3556484c74b3b212db6e121e11d14b530c877411de9a9,5/03/2020,1678.666667,10.99999999999988,33.653333333333336,22.826666666666668,45.82666666666667,83.78666666666666,7.4,19.46
a649402b3679b6bc9ef3556484c74b3b212db6e121e11d14b530c877411de9a9,20/03/2020,1928.666667,1.0533333333332848,31.226666666666667,17.726666666666667,39.10666666666667,86.33333333333333,7.266666666666667,22.02
a649402b3679b6bc9ef3556484c74b3b212db6e121e11d14b530c877411de9a9,4/04/2020,1734,0.3199999999999818,33.66666666666667,20.04666666666667,35.906666666666666,79.64666666666668,7.293333333333334,19.633333333333336
a649402b3679b6bc9ef3556484c74b3b212db6e121e11d14b530c877411de9a9,19/04/2020,1772,0,31.386666666666667,15.76666666666667,29.1,74.03333333333335,6.406666666666666,19.57333333333333
a649402b3679b6bc9ef3556484c74b3b212db6e121e11d14b530c877411de9a9,4/05/2020,1672.666667,0.006666667,29.206666666666667,13.1,29.53333333333333,76.22666666666667,5.78,17.913333333333338
a649402b3679b6bc9ef3556484c74b3b212db6e121e11d14b530c877411de9a9,19/05/2020,1609,0,26.793333333333337,11.5,29.44666666666667,75.48666666666668,4.566666666666666,15.886666666666668
a649402b3679b6bc9ef3556484c74b3b212db6e121e11d14b530c877411de9a9,3/06/2020,1575.666667,0.9066666666666304,21.15333333333333,8.073333333333334,42.00666666666668,89.36666666666669,3.386666666666667,12.893333333333334
a649402b3679b6bc9ef3556484c74b3b212db6e121e11d14b530c877411de9a9,18/06/2020,1541.333333,0.193333333,25.026666666666664,8.893333333333334,33.28666666666667,90.23333333333332,3.5133333333333336,14.28
a649402b3679b6bc9ef3556484c74b3b212db6e121e11d14b530c877411de9a9,3/07/2020,1386.333333,0.006666667,23.44666666666667,6.48,33.34,95.82,3.366666666666667,13.913333333333334
a649402b3679b6bc9ef3556484c74b3b212db6e121e11d14b530c877411de9a9,18/07/2020,1524.666667,0,21.74666666666667,4.673333333333333,32.56,94.52666666666669,3.28,14.726666666666668
a649402b3679b6bc9ef3556484c74b3b212db6e121e11d14b530c877411de9a9,2/08/2020,1290.333333,0,23.386666666666667,5.546666666666667,29.32,89.46666666666667,3.606666666666667,15.66
a649402b3679b6bc9ef3556484c74b3b212db6e121e11d14b530c877411de9a9,17/08/2020,1072,1.5999999999999697,24.64,8.5,35.07333333333334,90.04,4.3,16.666666666666668
a649402b3679b6bc9ef3556484c74b3b212db6e121e11d14b530c877411de9a9,1/09/2020,990.666667,0,25.540000000000003,6.760000000000001,20.96,68.57333333333334,5.066666666666666,20.71333333333333
a649402b3679b6bc9ef3556484c74b3b212db6e121e11d14b530c877411de9a9,16/09/2020,876.666667,0,30.06,14.46,29.2,75.71333333333334,6.586666666666668,20.92666666666667
a649402b3679b6bc9ef3556484c74b3b212db6e121e11d14b530c877411de9a9,1/10/2020,890.666667,1.9266666666665515,28.9,14.8,29.493333333333336,66.25333333333334,6.566666666666666,20.160000000000004
a649402b3679b6bc9ef3556484c74b3b212db6e121e11d14b530c877411de9a9,16/10/2020,857.666667,0.3599999999999454,31.673333333333336,16.853333333333335,27.21333333333333,65.64666666666668,8.18,23.966666666666665
a649402b3679b6bc9ef3556484c74b3b212db6e121e11d14b530c877411de9a9,31/10/2020,755.666667,0.3466666666666242,32.5,15.153333333333334,23.37333333333333,63.70666666666667,8.546666666666669,24.326666666666668
a649402b3679b6bc9ef3556484c74b3b212db6e121e11d14b530c877411de9a9,15/11/2020,580.333333,0.7733333333332969,35.34666666666667,18.066666666666663,22.773333333333333,58.58666666666667,10.3,27.52
a649402b3679b6bc9ef3556484c74b3b212db6e121e11d14b530c877411de9a9,30/11/2020,526.333333,0.026666667,39.35333333333334,24.4,20.72666666666667,47.84666666666667,11.9,28.793333333333337
a649402b3679b6bc9ef3556484c74b3b212db6e121e11d14b530c877411de9a9,15/12/2020,460.333333,0.6866666666666181,37.693333333333335,23.586666666666662,23.56,51.96000000000001,11.493333333333334,25.986666666666668
a649402b3679b6bc9ef3556484c74b3b212db6e121e11d14b530c877411de9a9,30/12/2020,463.333333,1.533333333333212,34.94666666666667,23.26,39.406666666666666,74.32666666666667,9.313333333333334,19.780000000000005
a649402b3679b6bc9ef3556484c74b3b212db6e121e11d14b530c877411de9a9,14/01/2021,1061.666667,4.126666666666521,33.32,21.52,44.70000000000001,88.02666666666667,8.206666666666667,21.126666666666665
a649402b3679b6bc9ef3556484c74b3b212db6e121e11d14b530c877411de9a9,29/01/2021,1138.333333,0.6266666666666121,37.24666666666666,23.133333333333333,27.26666666666667,60.95333333333334,10.693333333333332,25.32
a649402b3679b6bc9ef3556484c74b3b212db6e121e11d14b530c877411de9a9,13/02/2021,744,2.679999999999897,36.973333333333336,23.966666666666672,34.42666666666666,72.04,9.233333333333333,21.5
a649402b3679b6bc9ef3556484c74b3b212db6e121e11d14b530c877411de9a9,28/02/2021,655,1.6666666666665757,36.14,22.013333333333332,33.4,74.28,9,22.03333333333333
a649402b3679b6bc9ef3556484c74b3b212db6e121e11d14b530c877411de9a9,15/03/2021,652,2.286666666666588,35.059999999999995,21,33.84,72.37333333333335,8.040000000000001,21.966666666666665
a649402b3679b6bc9ef3556484c74b3b212db6e121e11d14b530c877411de9a9,30/03/2021,782.666667,3.319999999999921,31.3,19.313333333333333,43.18,85.28666666666666,6.573333333333334,17.813333333333336
a649402b3679b6bc9ef3556484c74b3b212db6e121e11d14b530c877411de9a9,14/04/2021,933.333333,1.4133333333332605,30.18666666666667,15.933333333333334,35.913333333333334,82.70666666666668,5.953333333333333,19.02
a649402b3679b6bc9ef3556484c74b3b212db6e121e11d14b530c877411de9a9,29/04/2021,989.333333,0.026666667,28.94666666666667,12.973333333333334,27.23333333333333,72.88000000000001,5.8933333333333335,17.506666666666668
a649402b3679b6bc9ef3556484c74b3b212db6e121e11d14b530c877411de9a9,14/05/2021,895.333333,0.033333333,27.733333333333334,11.64,32.21333333333334,86.55333333333334,4.686666666666667,16.793333333333337
a649402b3679b6bc9ef3556484c74b3b212db6e121e11d14b530c877411de9a9,29/05/2021,796,0,24.62,8.3,28.446666666666665,79.83333333333334,4.3133333333333335,15.573333333333332
a649402b3679b6bc9ef3556484c74b3b212db6e121e11d14b530c877411de9a9,13/06/2021,746.333333,0.1533333333333151,22.766666666666666,6.1866666666666665,33.84666666666667,91.21333333333334,3.393333333333333,13.246666666666668
a649402b3679b6bc9ef3556484c74b3b212db6e121e11d14b530c877411de9a9,28/06/2021,752.666667,1.1599999999999455,21.526666666666667,6.886666666666667,39.81333333333334,92.22666666666667,3.086666666666667,11.513333333333334
a649402b3679b6bc9ef3556484c74b3b212db6e121e11d14b530c877411de9a9,13/07/2021,905,1.1999999999999391,21.113333333333333,6.580000000000001,41.36666666666667,97.3,2.986666666666667,13.78
a649402b3679b6bc9ef3556484c74b3b212db6e121e11d14b530c877411de9a9,28/07/2021,861,0,23.30666666666667,5.739999999999999,30.773333333333333,90.2,3.4933333333333336,15.113333333333337
a649402b3679b6bc9ef3556484c74b3b212db6e121e11d14b530c877411de9a9,12/08/2021,805,0.1066666666666606,25.66666666666667,9.066666666666666,30.55333333333333,86.06666666666666,4.36,16.673333333333336
a649402b3679b6bc9ef3556484c74b3b212db6e121e11d14b530c877411de9a9,27/08/2021,755.333333,0.1999999999999696,25.793333333333333,9.32,26.686666666666667,75.32000000000001,4.720000000000001,18.89333333333333
a649402b3679b6bc9ef3556484c74b3b212db6e121e11d14b530c877411de9a9,11/09/2021,630,0,28.05333333333333,10.693333333333332,26.84,74.70000000000002,5.94,19.593333333333337
a649402b3679b6bc9ef3556484c74b3b212db6e121e11d14b530c877411de9a9,26/09/2021,573.666667,0,29.706666666666667,11.82,18.993333333333336,57.220000000000006,7.233333333333334,23.206666666666667
a649402b3679b6bc9ef3556484c74b3b212db6e121e11d14b530c877411de9a9,11/10/2021,571.666667,0.3199999999999515,32.04,15.84,27.546666666666667,66.39333333333335,7.886666666666668,21.540000000000003
a649402b3679b6bc9ef3556484c74b3b212db6e121e11d14b530c877411de9a9,26/10/2021,513.333333,0.1666666666666363,34.166666666666664,15.460000000000004,20.206666666666667,59.34666666666667,9.12,24.173333333333336
a649402b3679b6bc9ef3556484c74b3b212db6e121e11d14b530c877411de9a9,10/11/2021,444.666667,5.473333333333176,33.733333333333334,21.246666666666663,37.07333333333334,75.90666666666668,8.213333333333335,21.76
a649402b3679b6bc9ef3556484c74b3b212db6e121e11d14b530c877411de9a9,25/11/2021,1355.333333,4.593333333333279,29.87333333333333,17.380000000000003,37.24666666666667,75.12666666666668,8.013333333333334,23.86666666666667
a649402b3679b6bc9ef3556484c74b3b212db6e121e11d14b530c877411de9a9,10/12/2021,1767.333333,4.866666666666636,32.64666666666667,19.493333333333336,40.68666666666668,85.61333333333333,8.886666666666667,24.05333333333333
a649402b3679b6bc9ef3556484c74b3b212db6e121e11d14b530c877411de9a9,25/12/2021,1698.666667,0.166666667,36.74666666666667,21.046666666666667,29.326666666666664,72.4,10.886666666666668,27.586666666666662
a649402b3679b6bc9ef3556484c74b3b212db6e121e11d14b530c877411de9a9,9/01/2022,1489.666667,0.8533333333332849,38.473333333333336,21.880000000000003,27.326666666666664,68.99333333333334,11.253333333333334,26.600000000000005
a649402b3679b6bc9ef3556484c74b3b212db6e121e11d14b530c877411de9a9,24/01/2022,1047.666667,6.993333333333188,37.82666666666667,24.58,32.720000000000006,67.78666666666668,10.28,21.546666666666667
a649402b3679b6bc9ef3556484c74b3b212db6e121e11d14b530c877411de9a9,8/02/2022,1025.333333,5.899999999999879,33.16,21.3,43.18,83.79333333333334,7.8,20.21333333333333
a649402b3679b6bc9ef3556484c74b3b212db6e121e11d14b530c877411de9a9,23/02/2022,1940,1.3399999999999637,36.64666666666667,21.53333333333333,30.913333333333338,73.96666666666667,9.593333333333334,25.71333333333333
a649402b3679b6bc9ef3556484c74b3b212db6e121e11d14b530c877411de9a9,10/03/2022,1713.333333,0.02,37.3,20.613333333333337,26.933333333333334,70.08,9.546666666666669,23.03333333333333
a649402b3679b6bc9ef3556484c74b3b212db6e121e11d14b530c877411de9a9,25/03/2022,1296.333333,1.913333333333291,35.406666666666666,20.380000000000003,31.026666666666667,74.03999999999999,8.3,22.666666666666668
a649402b3679b6bc9ef3556484c74b3b212db6e121e11d14b530c877411de9a9,9/04/2022,1359.333333,4.246666666666533,32.24666666666667,18.10666666666667,37.973333333333336,86.11333333333333,6.446666666666667,19.480000000000004
a649402b3679b6bc9ef3556484c74b3b212db6e121e11d14b530c877411de9a9,24/04/2022,1607,0.033333333,31.33333333333333,17,34.48666666666667,79.56,6.113333333333333,17.773333333333333
a649402b3679b6bc9ef3556484c74b3b212db6e121e11d14b530c877411de9a9,9/05/2022,1818.666667,5.653333333333194,25.72666666666667,16.28,51.49333333333334,89.66000000000001,3.86,11.633333333333336
a649402b3679b6bc9ef3556484c74b3b212db6e121e11d14b530c877411de9a9,24/05/2022,2155.333333,2.906666667,24.28,15.006666666666666,57.66666666666666,97.26,3.3,11.08
a649402b3679b6bc9ef3556484c74b3b212db6e121e11d14b530c877411de9a9,8/06/2022,2138.333333,0.3199999999999818,21.733333333333334,9.526666666666667,47.33333333333334,93.98666666666666,3.113333333333333,11.193333333333335
a649402b3679b6bc9ef3556484c74b3b212db6e121e11d14b530c877411de9a9,23/06/2022,2263.666667,0,21.51333333333333,4.42,36.806666666666665,98.22,3.1266666666666665,14.046666666666663
a649402b3679b6bc9ef3556484c74b3b212db6e121e11d14b530c877411de9a9,8/07/2022,1698.333333,1.673333333333297,19.093333333333337,6.726666666666668,51.18666666666666,98.5,2.626666666666667,11.1
a649402b3679b6bc9ef3556484c74b3b212db6e121e11d14b530c877411de9a9,23/07/2022,1418,1.1666666666666363,20.346666666666668,3.793333333333334,38.94666666666667,98.96666666666668,3.006666666666667,15.213333333333331
a649402b3679b6bc9ef3556484c74b3b212db6e121e11d14b530c877411de9a9,7/08/2022,1317,0.5333333333332727,23.37333333333333,9.133333333333333,42.32000000000001,97.11333333333332,3.466666666666667,14.806666666666668
a649402b3679b6bc9ef3556484c74b3b212db6e121e11d14b530c877411de9a9,22/08/2022,1388.666667,0.02,23.013333333333332,5.306666666666668,31.89333333333333,94.39333333333336,4.1466666666666665,17.42666666666667
a649402b3679b6bc9ef3556484c74b3b212db6e121e11d14b530c877411de9a9,6/09/2022,1597.333333,4.206666666666631,22.953333333333333,9.913333333333334,43.29333333333334,90.93333333333334,4.08,17.32
a649402b3679b6bc9ef3556484c74b3b212db6e121e11d14b530c877411de9a9,21/09/2022,1840.666667,1.8533333333332849,26.23333333333333,11.966666666666669,37.4,86.40666666666668,5.48,18.51333333333333
a649402b3679b6bc9ef3556484c74b3b212db6e121e11d14b530c877411de9a9,6/10/2022,1931.333333,0.7666666666666363,27.9,13.106666666666667,36.34666666666667,87.72000000000001,6.186666666666667,20.36666666666667
a649402b3679b6bc9ef3556484c74b3b212db6e121e11d14b530c877411de9a9,21/10/2022,1839,3.3599999999998547,28.82,16.313333333333333,44.84,91.75333333333332,6.366666666666666,19.16
a649402b3679b6bc9ef3556484c74b3b212db6e121e11d14b530c877411de9a9,5/11/2022,1846.333333,0.5466666666666545,31.12666666666667,15.133333333333336,28.066666666666663,72.44000000000001,8.426666666666668,24.593333333333337
a649402b3679b6bc9ef3556484c74b3b212db6e121e11d14b530c877411de9a9,20/11/2022,1843,0.566666667,32.6,17.706666666666667,29.506666666666668,70.99333333333334,8.9,22.8
a649402b3679b6bc9ef3556484c74b3b212db6e121e11d14b530c877411de9a9,5/12/2022,1768.666667,0.1999999999998787,32.96,18.273333333333333,27.35333333333334,64.98,9.073333333333332,22.633333333333336
a649402b3679b6bc9ef3556484c74b3b212db6e121e11d14b530c877411de9a9,20/12/2022,1514.333333,1.9133333333332605,35.4,19.886666666666667,25.453333333333333,60.34666666666667,10.713333333333331,26.51333333333333
a649402b3679b6bc9ef3556484c74b3b212db6e121e11d14b530c877411de9a9,4/01/2023,1544.666667,1.4333333333332423,34.72666666666667,21.953333333333333,36.10666666666667,73.42666666666668,9.54,20.973333333333336
a649402b3679b6bc9ef3556484c74b3b212db6e121e11d14b530c877411de9a9,19/01/2023,1486.333333,5.566666666666546,32.20666666666667,21.046666666666667,47.65333333333333,87.86666666666666,7.6,21.633333333333333
a649402b3679b6bc9ef3556484c74b3b212db6e121e11d14b530c877411de9a9,3/02/2023,1868.333333,1.966666666666576,34.9,22.89333333333333,42.68,85.13333333333334,8.54,25.44
a649402b3679b6bc9ef3556484c74b3b212db6e121e11d14b530c877411de9a9,18/02/2023,1832.666667,1.559999999999976,34.78,20.42,34.85333333333334,75.70000000000002,8.653333333333334,23.280000000000005
a649402b3679b6bc9ef3556484c74b3b212db6e121e11d14b530c877411de9a9,5/03/2023,1824,0.2133333333332908,36.00666666666667,21.493333333333336,31.826666666666668,74.03333333333333,8.8,22.660000000000004
a649402b3679b6bc9ef3556484c74b3b212db6e121e11d14b530c877411de9a9,20/03/2023,1989.333333,4.393333333333279,32.94666666666667,20.30666666666667,47.58666666666667,92.5,6.633333333333334,19.21333333333333
a649402b3679b6bc9ef3556484c74b3b212db6e121e11d14b530c877411de9a9,4/04/2023,1996,0.02,33.266666666666666,18.76,34.059999999999995,80.14666666666668,7.1933333333333325,20.42666666666667
a649402b3679b6bc9ef3556484c74b3b212db6e121e11d14b530c877411de9a9,19/04/2023,1639.666667,0.2133333333332908,32.12666666666667,13.986666666666668,27.926666666666662,78.88666666666667,6.459999999999999,18.32
a649402b3679b6bc9ef3556484c74b3b212db6e121e11d14b530c877411de9a9,4/05/2023,1311.333333,0.3133333333333212,28.46,12.806666666666668,34.36000000000001,87.14000000000001,5.226666666666668,16.78
a649402b3679b6bc9ef3556484c74b3b212db6e121e11d14b530c877411de9a9,19/05/2023,1402.666667,0,25.37333333333333,8.193333333333333,30.513333333333332,87.96666666666667,4.386666666666667,16.580000000000002
a649402b3679b6bc9ef3556484c74b3b212db6e121e11d14b530c877411de9a9,3/06/2023,1170,0,24.40666666666667,4.413333333333333,25.22,88.62666666666668,4.206666666666667,15.76
a649402b3679b6bc9ef3556484c74b3b212db6e121e11d14b530c877411de9a9,18/06/2023,1263,0.033333333,25.806666666666665,9.86,34.13333333333333,90.09333333333332,3.54,14.16
a649402b3679b6bc9ef3556484c74b3b212db6e121e11d14b530c877411de9a9,3/07/2023,1234,0.393333333,23.966666666666672,9.786666666666669,34.49333333333334,75.20666666666666,3.5133333333333336,12.753333333333334
a649402b3679b6bc9ef3556484c74b3b212db6e121e11d14b530c877411de9a9,18/07/2023,1380.333333,2.2266666666666426,22.60666666666667,7.2266666666666675,40.513333333333335,96.82,3.146666666666667,14.62
a649402b3679b6bc9ef3556484c74b3b212db6e121e11d14b530c877411de9a9,2/08/2023,1731.666667,0.006666667,24.75333333333333,8.613333333333333,32.44666666666667,88.36666666666669,3.7266666666666666,15.966666666666669
a649402b3679b6bc9ef3556484c74b3b212db6e121e11d14b530c877411de9a9,17/08/2023,1688.666667,0,27.73333333333333,8.666666666666666,25.686666666666667,82.76666666666667,4.986666666666667,17.886666666666667
a649402b3679b6bc9ef3556484c74b3b212db6e121e11d14b530c877411de9a9,1/09/2023,1514.333333,0,27.89333333333333,8.780000000000001,24.65333333333333,80.34666666666666,5.22,19.293333333333337
a649402b3679b6bc9ef3556484c74b3b212db6e121e11d14b530c877411de9a9,16/09/2023,1351.666667,0,29.87333333333333,10.986666666666668,19.780000000000005,65.60000000000001,7.040000000000001,21.23333333333333
a649402b3679b6bc9ef3556484c74b3b212db6e121e11d14b530c877411de9a9,1/10/2023,1198,0,32.38,14.533333333333331,23.71333333333333,70,7.646666666666666,23.173333333333336
a649402b3679b6bc9ef3556484c74b3b212db6e121e11d14b530c877411de9a9,16/10/2023,1073,0,32.32,15.28,22.66,61.07333333333334,8.44,24.386666666666667
a649402b3679b6bc9ef3556484c74b3b212db6e121e11d14b530c877411de9a9,31/10/2023,944.333333,0.433333333,34.84666666666667,16.8,18.03333333333333,52.3,9.706666666666669,26.673333333333336
a649402b3679b6bc9ef3556484c74b3b212db6e121e11d14b530c877411de9a9,15/11/2023,903.666667,1.1266666666666425,36.24666666666667,20.62,25.993333333333336,62.25333333333333,10.373333333333331,27.686666666666667
a649402b3679b6bc9ef3556484c74b3b212db6e121e11d14b530c877411de9a9,30/11/2023,1038.333333,4.459999999999854,32.580000000000005,20.90666666666667,42.28,80.01333333333334,7.786666666666666,20.973333333333336
a649402b3679b6bc9ef3556484c74b3b212db6e121e11d14b530c877411de9a9,15/12/2023,1110.333333,0.08,37.14666666666667,21.74,29.90666666666667,72.79333333333334,10.92,29.05333333333333
a649402b3679b6bc9ef3556484c74b3b212db6e121e11d14b530c877411de9a9,30/12/2023,1117.666667,3.1799999999999278,37.96,21.046666666666667,28.933333333333334,72.14666666666668,11.1,28.006666666666668
a649402b3679b6bc9ef3556484c74b3b212db6e121e11d14b530c877411de9a9,14/01/2024,1339.333333,2.053333333333194,37.06000000000001,23.293333333333337,37.79333333333334,81.60000000000001,9.566666666666666,25.880000000000003
a649402b3679b6bc9ef3556484c74b3b212db6e121e11d14b530c877411de9a9,29/01/2024,1740,3.926666666666582,37.85333333333334,25.546666666666667,39.766666666666666,78.84666666666666,9.593333333333334,25.35333333333333
a649402b3679b6bc9ef3556484c74b3b212db6e121e11d14b530c877411de9a9,13/02/2024,1721.333333,2.759999999999915,36.693333333333335,23.780000000000005,39.35333333333334,81.5,8.806666666666667,23.613333333333333
a649402b3679b6bc9ef3556484c74b3b212db6e121e11d14b530c877411de9a9,28/02/2024,1905.666667,3.1266666666665817,34.040000000000006,22.22,46.84666666666667,92.31333333333332,7.566666666666666,23.24
a649402b3679b6bc9ef3556484c74b3b212db6e121e11d14b530c877411de9a9,14/03/2024,1764,0,35.79333333333333,21.040000000000003,33.53333333333333,78.76666666666667,8.473333333333334,24.36666666666667
a649402b3679b6bc9ef3556484c74b3b212db6e121e11d14b530c877411de9a9,29/03/2024,1626,6.826666666666612,32.76,22.133333333333333,48.11333333333333,84.33999999999999,6.406666666666667,16.500000000000004
a649402b3679b6bc9ef3556484c74b3b212db6e121e11d14b530c877411de9a9,13/04/2024,2221,6.899999999999969,28.780000000000005,16.12666666666667,44.66666666666667,92.08666666666667,5.446666666666667,19.466666666666665
a649402b3679b6bc9ef3556484c74b3b212db6e121e11d14b530c877411de9a9,28/04/2024,2311.666667,0.1066666666666606,28.87333333333333,13.946666666666664,36.86666666666667,90.31333333333336,5.52,18.946666666666665
a649402b3679b6bc9ef3556484c74b3b212db6e121e11d14b530c877411de9a9,13/05/2024,2375.666667,0.5799999999999575,27.966666666666665,13.840000000000002,41.66666666666666,96.28666666666666,4.406666666666666,16.366666666666667
a649402b3679b6bc9ef3556484c74b3b212db6e121e11d14b530c877411de9a9,28/05/2024,2495.333333,0,25.8,8.9,33.84666666666667,95.62666666666668,4.246666666666667,15.72
a649402b3679b6bc9ef3556484c74b3b212db6e121e11d14b530c877411de9a9,12/06/2024,2114,0.7799999999999879,22.620000000000005,6.493333333333334,40.580000000000005,98.26,3.2133333333333334,13.92
a649402b3679b6bc9ef3556484c74b3b212db6e121e11d14b530c877411de9a9,27/06/2024,2632.333333,0.1199999999999818,23.28,5.1,31.700000000000003,93.62000000000002,3.3666666666666667,14.08
a649402b3679b6bc9ef3556484c74b3b212db6e121e11d14b530c877411de9a9,12/07/2024,1805,0.4199999999999514,23.80666666666667,9.673333333333334,46.08666666666667,98.86666666666666,3.04,13.140000000000002
a649402b3679b6bc9ef3556484c74b3b212db6e121e11d14b530c877411de9a9,27/07/2024,1259.333333,0.3066666666666606,21.56666666666667,4.220000000000001,33.7,95.4,3.26,14.913333333333334
a649402b3679b6bc9ef3556484c74b3b212db6e121e11d14b530c877411de9a9,11/08/2024,1296.666667,0.1466666666666242,23.72,6.286666666666667,32.760000000000005,90.1,3.9,15.866666666666667
a649402b3679b6bc9ef3556484c74b3b212db6e121e11d14b530c877411de9a9,26/08/2024,1495,0.1533333333333151,29.473333333333336,11.093333333333334,32.31333333333334,90.38,5.08,18.68
a649402b3679b6bc9ef3556484c74b3b212db6e121e11d14b530c877411de9a9,10/09/2024,1476,0,32.57333333333334,13.28,24.173333333333336,77.59333333333333,6.933333333333334,20.793333333333337
a649402b3679b6bc9ef3556484c74b3b212db6e121e11d14b530c877411de9a9,25/09/2024,1321.333333,0,29.92,11.833333333333334,20.03333333333333,59.04666666666667,7.1466666666666665,22.34
a649402b3679b6bc9ef3556484c74b3b212db6e121e11d14b530c877411de9a9,10/10/2024,1177.333333,0.9066666666666304,32.440000000000005,15.133333333333333,26.25333333333333,72.54666666666667,7.96,23.480000000000004
a649402b3679b6bc9ef3556484c74b3b212db6e121e11d14b530c877411de9a9,25/10/2024,1095.333333,0,35.266666666666666,19.37333333333333,25.993333333333336,65.78666666666668,9.073333333333332,24.85333333333333
a649402b3679b6bc9ef3556484c74b3b212db6e121e11d14b530c877411de9a9,9/11/2024,1078.666667,0.3599999999999757,37.82666666666668,20.613333333333333,20.526666666666667,54.56,10.853333333333332,26.866666666666667
a649402b3679b6bc9ef3556484c74b3b212db6e121e11d14b530c877411de9a9,24/11/2024,1190.666667,4.986666666666527,34.54,21.74,38.306666666666665,78.36666666666666,8.633333333333333,22.92666666666667
a649402b3679b6bc9ef3556484c74b3b212db6e121e11d14b530c877411de9a9,9/12/2024,2278.333333,2.986666666666618,34.513333333333335,23.06666666666667,43.833333333333336,82.22666666666667,8.946666666666667,25.366666666666667
a649402b3679b6bc9ef3556484c74b3b212db6e121e11d14b530c877411de9a9,24/12/2024,1940.333333,0.3933333333332787,36.64,22.186666666666667,34.153333333333336,76.92,10.473333333333333,28.30666666666667
b993487b23eecfd37c2c8de5b2816bb7b8d0ff15c5bc0b572533a5a6bd7bf4ae,4/02/2017,1026,1.5199999999999514,37.96000000000001,24.57333333333333,35.413333333333334,74.87999999999998,10.026666666666667,24.83333333333333
b993487b23eecfd37c2c8de5b2816bb7b8d0ff15c5bc0b572533a5a6bd7bf4ae,19/02/2017,1016.666667,0.5599999999999757,39.55333333333333,24.57333333333333,27.326666666666664,62.64666666666667,10.806666666666668,25.03333333333333
b993487b23eecfd37c2c8de5b2816bb7b8d0ff15c5bc0b572533a5a6bd7bf4ae,6/03/2017,1022.333333,1.3999999999999695,36.17333333333333,21.2,30.833333333333336,73.52666666666667,8.813333333333334,21.200000000000003
b993487b23eecfd37c2c8de5b2816bb7b8d0ff15c5bc0b572533a5a6bd7bf4ae,21/03/2017,985,0.6333333333332727,36.81333333333334,20.73333333333333,28.933333333333334,70.32666666666667,8.66,20.9
b993487b23eecfd37c2c8de5b2816bb7b8d0ff15c5bc0b572533a5a6bd7bf4ae,5/04/2017,1002,0.073333333,34.266666666666666,18.966666666666672,31.44,75.59333333333332,7.480000000000001,19.57333333333333
b993487b23eecfd37c2c8de5b2816bb7b8d0ff15c5bc0b572533a5a6bd7bf4ae,20/04/2017,1030,0,31.593333333333337,14.26666666666667,26.68666666666667,75.52000000000001,6.5,20.42666666666667
b993487b23eecfd37c2c8de5b2816bb7b8d0ff15c5bc0b572533a5a6bd7bf4ae,5/05/2017,1130.333333,0.006666667,29.25333333333333,14.566666666666666,31.59333333333334,77.10666666666665,5.473333333333334,16.473333333333336
b993487b23eecfd37c2c8de5b2816bb7b8d0ff15c5bc0b572533a5a6bd7bf4ae,20/05/2017,1303,0.5666666666666363,27.506666666666668,11.993333333333334,34.50666666666667,85.10666666666667,4.46,14.653333333333334
b993487b23eecfd37c2c8de5b2816bb7b8d0ff15c5bc0b572533a5a6bd7bf4ae,4/06/2017,1186,0,26.933333333333337,9.6,27.040000000000003,78.46666666666667,4.46,15.580000000000002
b993487b23eecfd37c2c8de5b2816bb7b8d0ff15c5bc0b572533a5a6bd7bf4ae,19/06/2017,1104.666667,0,24.02,6.233333333333333,29.753333333333337,89.36,3.553333333333333,15.2
b993487b23eecfd37c2c8de5b2816bb7b8d0ff15c5bc0b572533a5a6bd7bf4ae,4/07/2017,993,0.093333333,25.38,8.860000000000001,33.04,89.06,3.5733333333333337,13.5
b993487b23eecfd37c2c8de5b2816bb7b8d0ff15c5bc0b572533a5a6bd7bf4ae,19/07/2017,919.666667,1.206666667,25.15333333333334,10.76666666666667,37.46666666666668,87.65333333333334,3.4866666666666664,13.340000000000002
b993487b23eecfd37c2c8de5b2816bb7b8d0ff15c5bc0b572533a5a6bd7bf4ae,3/08/2017,832,0,26.6,7.233333333333333,22.22666666666667,73.84,4.333333333333333,17.426666666666666
b993487b23eecfd37c2c8de5b2816bb7b8d0ff15c5bc0b572533a5a6bd7bf4ae,18/08/2017,797,0,28.180000000000003,6.640000000000001,17.186666666666667,65.86666666666666,5.426666666666667,19.473333333333333
b993487b23eecfd37c2c8de5b2816bb7b8d0ff15c5bc0b572533a5a6bd7bf4ae,2/09/2017,833,0,26.313333333333333,6.926666666666667,14.906666666666668,51.10000000000001,5.5,21.160000000000004
b993487b23eecfd37c2c8de5b2816bb7b8d0ff15c5bc0b572533a5a6bd7bf4ae,17/09/2017,854,0,28.60666666666667,8.953333333333335,15.886666666666668,54.68,6.8933333333333335,22.75333333333333
b993487b23eecfd37c2c8de5b2816bb7b8d0ff15c5bc0b572533a5a6bd7bf4ae,2/10/2017,867,0.02,35.03333333333334,15.92,17.80666666666667,53.92,8.96,22.08
b993487b23eecfd37c2c8de5b2816bb7b8d0ff15c5bc0b572533a5a6bd7bf4ae,17/10/2017,885,1.4999999999999394,34.373333333333335,20.22,32.973333333333336,74.28666666666666,8.22,20.88
b993487b23eecfd37c2c8de5b2816bb7b8d0ff15c5bc0b572533a5a6bd7bf4ae,1/11/2017,922,2.066666666666576,32.42,17.279999999999998,30.10666666666667,71.53333333333335,8.16,23.006666666666668
b993487b23eecfd37c2c8de5b2816bb7b8d0ff15c5bc0b572533a5a6bd7bf4ae,16/11/2017,988.333333,0.2999999999999393,33.70666666666667,18.87333333333333,26.433333333333334,62.56666666666668,9.433333333333334,24.300000000000004
b993487b23eecfd37c2c8de5b2816bb7b8d0ff15c5bc0b572533a5a6bd7bf4ae,1/12/2017,1028.333333,0.1466666666665635,34.50666666666667,20.84,31.473333333333336,69.97333333333334,9.306666666666668,23.066666666666663
b993487b23eecfd37c2c8de5b2816bb7b8d0ff15c5bc0b572533a5a6bd7bf4ae,16/12/2017,1153.666667,0.3399999999999636,36.66666666666666,20.85333333333333,22.38,54.26666666666667,11.32,27.266666666666666
b993487b23eecfd37c2c8de5b2816bb7b8d0ff15c5bc0b572533a5a6bd7bf4ae,31/12/2017,1101.333333,0.7066666666665999,40.12666666666667,25.300000000000004,23.953333333333337,55.38,12.066666666666666,26.320000000000004
b993487b23eecfd37c2c8de5b2816bb7b8d0ff15c5bc0b572533a5a6bd7bf4ae,15/01/2018,1018,0.3133333333332909,39.65333333333333,25.086666666666662,22.92,52.09333333333334,11.746666666666666,25.9
b993487b23eecfd37c2c8de5b2816bb7b8d0ff15c5bc0b572533a5a6bd7bf4ae,30/01/2018,959,0.3199999999999818,38.49333333333334,24.80666666666667,25.686666666666667,56.153333333333336,10.886666666666668,23.586666666666662
b993487b23eecfd37c2c8de5b2816bb7b8d0ff15c5bc0b572533a5a6bd7bf4ae,14/02/2018,1146.666667,2.139999999999994,38.02,22.84666666666667,25.75333333333333,58.34,10.62,23.780000000000005
b993487b23eecfd37c2c8de5b2816bb7b8d0ff15c5bc0b572533a5a6bd7bf4ae,1/03/2018,1204.666667,0.053333333,38.44666666666667,23.89333333333333,31.366666666666667,70.05333333333333,9.893333333333334,22.25333333333333
b993487b23eecfd37c2c8de5b2816bb7b8d0ff15c5bc0b572533a5a6bd7bf4ae,16/03/2018,1106,7.886666666666588,31.1,20.526666666666667,47.46000000000001,84.33333333333334,6.353333333333334,16.553333333333335
b993487b23eecfd37c2c8de5b2816bb7b8d0ff15c5bc0b572533a5a6bd7bf4ae,31/03/2018,1155.666667,0.9933333333333092,33.70666666666667,19.92,39.05333333333333,86.55333333333333,7.52,20.093333333333337
b993487b23eecfd37c2c8de5b2816bb7b8d0ff15c5bc0b572533a5a6bd7bf4ae,15/04/2018,1400.666667,0.5799999999999879,32.68666666666667,18.686666666666667,35.53333333333333,80.75333333333334,6.4,18.64
b993487b23eecfd37c2c8de5b2816bb7b8d0ff15c5bc0b572533a5a6bd7bf4ae,30/04/2018,1419.666667,0,31.19333333333333,14.560000000000002,27.566666666666663,74.28,6.260000000000001,18.73333333333333
b993487b23eecfd37c2c8de5b2816bb7b8d0ff15c5bc0b572533a5a6bd7bf4ae,15/05/2018,1343,0,27.56666666666667,11.153333333333334,28.16666666666667,78.26,4.760000000000001,16.720000000000002
b993487b23eecfd37c2c8de5b2816bb7b8d0ff15c5bc0b572533a5a6bd7bf4ae,30/05/2018,1258.333333,0,25.73333333333333,9.466666666666669,27.80666666666667,77.70666666666668,4.426666666666667,15.473333333333333
b993487b23eecfd37c2c8de5b2816bb7b8d0ff15c5bc0b572533a5a6bd7bf4ae,14/06/2018,1245,0.073333333,23.793333333333337,7.02,28.473333333333336,80.61333333333333,3.58,14.546666666666669
b993487b23eecfd37c2c8de5b2816bb7b8d0ff15c5bc0b572533a5a6bd7bf4ae,29/06/2018,1244.333333,0.046666667,22.5,6.273333333333334,31.380000000000003,85.34666666666666,3.3666666666666667,13.3
b993487b23eecfd37c2c8de5b2816bb7b8d0ff15c5bc0b572533a5a6bd7bf4ae,14/07/2018,1168.666667,0.006666667,23.480000000000004,6.666666666666667,30.966666666666665,86.03333333333333,3.5200000000000005,14.860000000000005
b993487b23eecfd37c2c8de5b2816bb7b8d0ff15c5bc0b572533a5a6bd7bf4ae,29/07/2018,1038,0.1066666666665999,25.3,5.586666666666668,22.026666666666667,73.57333333333334,4.006666666666667,16.273333333333333
b993487b23eecfd37c2c8de5b2816bb7b8d0ff15c5bc0b572533a5a6bd7bf4ae,13/08/2018,920,0,24.88666666666667,6.066666666666666,20.886666666666667,68.88000000000001,4.66,18.293333333333337
b993487b23eecfd37c2c8de5b2816bb7b8d0ff15c5bc0b572533a5a6bd7bf4ae,28/08/2018,836,0.1266666666666424,25.56,4.739999999999999,17.78666666666667,63.98,5.006666666666667,20.826666666666664
b993487b23eecfd37c2c8de5b2816bb7b8d0ff15c5bc0b572533a5a6bd7bf4ae,12/09/2018,800,0,28.466666666666672,10.626666666666669,21.040000000000003,61.60666666666667,6.3933333333333335,21.15333333333333
b993487b23eecfd37c2c8de5b2816bb7b8d0ff15c5bc0b572533a5a6bd7bf4ae,27/09/2018,839.666667,0,30.16,12.853333333333332,20.566666666666663,59.53333333333333,7.180000000000001,23.506666666666668
b993487b23eecfd37c2c8de5b2816bb7b8d0ff15c5bc0b572533a5a6bd7bf4ae,12/10/2018,965.666667,0,33.12,16.886666666666667,23.02,60.553333333333335,8.5,22.880000000000003
b993487b23eecfd37c2c8de5b2816bb7b8d0ff15c5bc0b572533a5a6bd7bf4ae,27/10/2018,912,1.3599999999998849,36.11333333333334,20.3,28.06,69.63333333333334,9.313333333333334,23.87333333333333
b993487b23eecfd37c2c8de5b2816bb7b8d0ff15c5bc0b572533a5a6bd7bf4ae,11/11/2018,1028.666667,0.046666667,36.66,21.586666666666662,23.086666666666662,54.726666666666674,10.493333333333334,25.473333333333336
b993487b23eecfd37c2c8de5b2816bb7b8d0ff15c5bc0b572533a5a6bd7bf4ae,26/11/2018,1091,2.1933333333332183,35.093333333333334,20.53333333333333,26.05333333333333,55.14666666666667,9.953333333333337,25.186666666666667
b993487b23eecfd37c2c8de5b2816bb7b8d0ff15c5bc0b572533a5a6bd7bf4ae,11/12/2018,1150.666667,0,37.120000000000005,21.160000000000004,19.72,47.91333333333333,11.546666666666669,27.273333333333333
b993487b23eecfd37c2c8de5b2816bb7b8d0ff15c5bc0b572533a5a6bd7bf4ae,26/12/2018,1166.333333,0.3666666666666363,38.24,23.526666666666667,23.360000000000003,52.29333333333334,11.746666666666666,24.44
b993487b23eecfd37c2c8de5b2816bb7b8d0ff15c5bc0b572533a5a6bd7bf4ae,10/01/2019,1161.666667,0.2266666666666424,38.38666666666666,24.94,25,53.62666666666667,11.433333333333335,25.813333333333336
b993487b23eecfd37c2c8de5b2816bb7b8d0ff15c5bc0b572533a5a6bd7bf4ae,25/01/2019,1145.333333,0.08,39.70000000000001,25.006666666666668,24.813333333333336,56.91333333333333,11.686666666666667,26.613333333333337
b993487b23eecfd37c2c8de5b2816bb7b8d0ff15c5bc0b572533a5a6bd7bf4ae,9/02/2019,1035.333333,1.3533333333332245,34.42666666666666,23.64,37.28,68.3,8.206666666666667,15.866666666666667
b993487b23eecfd37c2c8de5b2816bb7b8d0ff15c5bc0b572533a5a6bd7bf4ae,24/02/2019,864,0.7533333333332545,38.88666666666667,22.23333333333333,19.326666666666668,47.94666666666667,11.340000000000002,26.84
b993487b23eecfd37c2c8de5b2816bb7b8d0ff15c5bc0b572533a5a6bd7bf4ae,11/03/2019,867,0.04,36.58666666666667,23.24666666666667,29.133333333333333,62.77333333333333,9.133333333333333,20.453333333333333
b993487b23eecfd37c2c8de5b2816bb7b8d0ff15c5bc0b572533a5a6bd7bf4ae,26/03/2019,901,1.6333333333332425,36.92666666666666,23.56,34.68,71.07333333333334,8.433333333333334,20.160000000000004
b993487b23eecfd37c2c8de5b2816bb7b8d0ff15c5bc0b572533a5a6bd7bf4ae,10/04/2019,919,12.879999999999988,28.860000000000003,17.766666666666666,44.28,82.18,5.633333333333334,18.386666666666667
b993487b23eecfd37c2c8de5b2816bb7b8d0ff15c5bc0b572533a5a6bd7bf4ae,25/04/2019,985.333333,0,28.53333333333333,16.506666666666668,42.07333333333334,84.88000000000001,5.260000000000001,16.64666666666667
b993487b23eecfd37c2c8de5b2816bb7b8d0ff15c5bc0b572533a5a6bd7bf4ae,10/05/2019,1144,1.0399999999999332,25.346666666666668,13.126666666666669,44.766666666666666,90.48,4.206666666666667,15.36
b993487b23eecfd37c2c8de5b2816bb7b8d0ff15c5bc0b572533a5a6bd7bf4ae,25/05/2019,1166.666667,0,26.12,11.593333333333334,38.96000000000001,94.12666666666668,4.1466666666666665,14.58
b993487b23eecfd37c2c8de5b2816bb7b8d0ff15c5bc0b572533a5a6bd7bf4ae,9/06/2019,1182,0.08,21.133333333333336,6.173333333333334,34.60666666666667,87.41333333333334,3.426666666666667,12.633333333333336
b993487b23eecfd37c2c8de5b2816bb7b8d0ff15c5bc0b572533a5a6bd7bf4ae,24/06/2019,1175,0.006666667,22.826666666666664,6.540000000000001,32.20666666666667,86.93333333333334,3.3800000000000003,14.873333333333331
b993487b23eecfd37c2c8de5b2816bb7b8d0ff15c5bc0b572533a5a6bd7bf4ae,9/07/2019,1122.333333,0.1466666666665939,23.660000000000004,10.506666666666668,41.5,88.86,3.22,11.3
b993487b23eecfd37c2c8de5b2816bb7b8d0ff15c5bc0b572533a5a6bd7bf4ae,24/07/2019,953.333333,0,23.113333333333337,5.026666666666667,30.206666666666667,89.48,3.533333333333333,16.186666666666667
b993487b23eecfd37c2c8de5b2816bb7b8d0ff15c5bc0b572533a5a6bd7bf4ae,8/08/2019,948.333333,0.013333333,25.5,8.213333333333335,24.62,72.44666666666667,4.266666666666667,14.713333333333336
b993487b23eecfd37c2c8de5b2816bb7b8d0ff15c5bc0b572533a5a6bd7bf4ae,23/08/2019,883.666667,0,24.04666666666667,5.840000000000001,22.73333333333333,73.29333333333334,4.6066666666666665,19.46
b993487b23eecfd37c2c8de5b2816bb7b8d0ff15c5bc0b572533a5a6bd7bf4ae,7/09/2019,919,0,28.62,9.5,17.753333333333334,53.41333333333333,6.253333333333334,21.326666666666668
b993487b23eecfd37c2c8de5b2816bb7b8d0ff15c5bc0b572533a5a6bd7bf4ae,22/09/2019,891,0,29.360000000000003,9.013333333333334,16.8,57.17333333333333,7.126666666666667,23.41333333333333
b993487b23eecfd37c2c8de5b2816bb7b8d0ff15c5bc0b572533a5a6bd7bf4ae,7/10/2019,942.333333,0,32.68,16.6,18.953333333333333,49.5,8.366666666666667,22.56666666666667
b993487b23eecfd37c2c8de5b2816bb7b8d0ff15c5bc0b572533a5a6bd7bf4ae,22/10/2019,1021.333333,0,34.580000000000005,15.98,12.78,37.39333333333333,9.9,25.22
b993487b23eecfd37c2c8de5b2816bb7b8d0ff15c5bc0b572533a5a6bd7bf4ae,6/11/2019,959.333333,7.666666666666606,31.473333333333336,18.87333333333333,31.64,63.41333333333333,8.32,21.8
b993487b23eecfd37c2c8de5b2816bb7b8d0ff15c5bc0b572533a5a6bd7bf4ae,21/11/2019,1131.666667,0,35.61333333333334,17.053333333333335,14.920000000000003,44.20666666666667,11.04,29.513333333333332
b993487b23eecfd37c2c8de5b2816bb7b8d0ff15c5bc0b572533a5a6bd7bf4ae,6/12/2019,1213,0.06,37.03333333333333,20.980000000000004,20.226666666666667,49.09333333333334,11.26,26.65333333333333
b993487b23eecfd37c2c8de5b2816bb7b8d0ff15c5bc0b572533a5a6bd7bf4ae,21/12/2019,1235.666667,0,40.61333333333334,22.860000000000003,15.253333333333334,40.48666666666667,13.246666666666668,28.9
b993487b23eecfd37c2c8de5b2816bb7b8d0ff15c5bc0b572533a5a6bd7bf4ae,5/01/2020,1225.333333,0,40.16,25.226666666666667,22.07333333333333,51.14,12.406666666666668,27.493333333333336
b993487b23eecfd37c2c8de5b2816bb7b8d0ff15c5bc0b572533a5a6bd7bf4ae,20/01/2020,1212.333333,2.2799999999998968,38.40666666666667,24.680000000000003,28.19333333333333,62.3,10.626666666666669,25.006666666666668
b993487b23eecfd37c2c8de5b2816bb7b8d0ff15c5bc0b572533a5a6bd7bf4ae,4/02/2020,1149.333333,4.253333333333255,34.56666666666667,24.06,44.84000000000001,78.99333333333334,8.166666666666666,19.186666666666667
b993487b23eecfd37c2c8de5b2816bb7b8d0ff15c5bc0b572533a5a6bd7bf4ae,19/02/2020,1153.666667,3.446666666666594,37.46666666666667,23.266666666666666,35.32666666666667,78.84,9.306666666666668,24.65333333333334
b993487b23eecfd37c2c8de5b2816bb7b8d0ff15c5bc0b572533a5a6bd7bf4ae,5/03/2020,1227.666667,9.246666666666563,33.78,23.14666666666667,46.766666666666666,84.92,7.326666666666667,19.5
b993487b23eecfd37c2c8de5b2816bb7b8d0ff15c5bc0b572533a5a6bd7bf4ae,20/03/2020,1780.666667,1.966666666666606,31.4,18.1,39.24666666666667,85.43333333333335,7.326666666666667,22.23333333333333
b993487b23eecfd37c2c8de5b2816bb7b8d0ff15c5bc0b572533a5a6bd7bf4ae,4/04/2020,2079.333333,0.1666666666666363,33.93333333333334,20.226666666666667,35.63333333333333,79.56,7.373333333333334,19.84
b993487b23eecfd37c2c8de5b2816bb7b8d0ff15c5bc0b572533a5a6bd7bf4ae,19/04/2020,1989,0,31.913333333333338,16.44,28.19333333333333,70.61333333333333,6.473333333333334,19.83333333333333
b993487b23eecfd37c2c8de5b2816bb7b8d0ff15c5bc0b572533a5a6bd7bf4ae,4/05/2020,1716.666667,0,29.506666666666668,13.746666666666666,28.78666666666667,72.56,5.7733333333333325,18.326666666666664
b993487b23eecfd37c2c8de5b2816bb7b8d0ff15c5bc0b572533a5a6bd7bf4ae,19/05/2020,1690,0,27.16,12.300000000000002,28.706666666666667,71.16666666666667,4.633333333333334,15.92
b993487b23eecfd37c2c8de5b2816bb7b8d0ff15c5bc0b572533a5a6bd7bf4ae,3/06/2020,1470,0.9933333333333092,21.433333333333337,8.6,41.32000000000001,86.48666666666666,3.4600000000000004,13.12
b993487b23eecfd37c2c8de5b2816bb7b8d0ff15c5bc0b572533a5a6bd7bf4ae,18/06/2020,1365.333333,0.053333333,25.39333333333333,9.953333333333337,32.78,84.98666666666668,3.6,14.4
b993487b23eecfd37c2c8de5b2816bb7b8d0ff15c5bc0b572533a5a6bd7bf4ae,3/07/2020,1321,0.006666667,23.753333333333337,7.106666666666667,32.653333333333336,92.21333333333334,3.4266666666666667,14.18
b993487b23eecfd37c2c8de5b2816bb7b8d0ff15c5bc0b572533a5a6bd7bf4ae,18/07/2020,1185.333333,0.013333333,22.21333333333333,5.193333333333333,30.986666666666668,91.08,3.433333333333333,15.033333333333331
b993487b23eecfd37c2c8de5b2816bb7b8d0ff15c5bc0b572533a5a6bd7bf4ae,2/08/2020,1123.666667,0,23.73333333333333,6.033333333333333,28.600000000000005,86.94,3.726666666666667,15.88
b993487b23eecfd37c2c8de5b2816bb7b8d0ff15c5bc0b572533a5a6bd7bf4ae,17/08/2020,916,1.3866666666666485,25.02,8.860000000000001,34.12,88.92666666666668,4.406666666666667,17.053333333333335
b993487b23eecfd37c2c8de5b2816bb7b8d0ff15c5bc0b572533a5a6bd7bf4ae,1/09/2020,874.666667,0,26.01333333333333,7.406666666666666,19.773333333333333,63.766666666666666,5.206666666666667,20.90666666666667
b993487b23eecfd37c2c8de5b2816bb7b8d0ff15c5bc0b572533a5a6bd7bf4ae,16/09/2020,835.666667,0,30.26666666666667,15.000000000000002,28.60666666666667,72.61333333333333,6.666666666666667,21.093333333333337
b993487b23eecfd37c2c8de5b2816bb7b8d0ff15c5bc0b572533a5a6bd7bf4ae,1/10/2020,872.333333,3.2,29.133333333333333,15.326666666666666,29.69333333333333,65.48,6.620000000000001,20.34
b993487b23eecfd37c2c8de5b2816bb7b8d0ff15c5bc0b572533a5a6bd7bf4ae,16/10/2020,928.333333,0.5399999999999636,31.966666666666672,17.259999999999998,26.74666666666667,63.98666666666667,8.28,24.14666666666667
b993487b23eecfd37c2c8de5b2816bb7b8d0ff15c5bc0b572533a5a6bd7bf4ae,31/10/2020,890,0.5133333333332909,33.03333333333333,15.493333333333334,22.24666666666667,60.473333333333336,8.82,24.76
b993487b23eecfd37c2c8de5b2816bb7b8d0ff15c5bc0b572533a5a6bd7bf4ae,15/11/2020,784.666667,0.4466666666666545,35.7,18.540000000000003,21.906666666666663,55.35333333333334,10.473333333333334,27.566666666666663
b993487b23eecfd37c2c8de5b2816bb7b8d0ff15c5bc0b572533a5a6bd7bf4ae,30/11/2020,791,0,39.373333333333335,24.3,20.540000000000003,47.81333333333334,11.893333333333334,28.733333333333334
b993487b23eecfd37c2c8de5b2816bb7b8d0ff15c5bc0b572533a5a6bd7bf4ae,15/12/2020,761.333333,0.6933333333332484,37.99333333333334,23.613333333333337,22.75333333333333,50.65333333333333,11.553333333333336,26.1
b993487b23eecfd37c2c8de5b2816bb7b8d0ff15c5bc0b572533a5a6bd7bf4ae,30/12/2020,758.666667,3.4933333333332786,34.88,23.44,41.04,75.42000000000002,9.166666666666666,19.7
b993487b23eecfd37c2c8de5b2816bb7b8d0ff15c5bc0b572533a5a6bd7bf4ae,14/01/2021,1021.666667,3.1066666666665395,33.053333333333335,21.613333333333333,45.88666666666667,88.61999999999999,8.066666666666666,21.08
b993487b23eecfd37c2c8de5b2816bb7b8d0ff15c5bc0b572533a5a6bd7bf4ae,29/01/2021,1035.666667,0.5199999999999515,37.42666666666667,23.24,27.380000000000003,61.42,10.593333333333335,25.600000000000005
b993487b23eecfd37c2c8de5b2816bb7b8d0ff15c5bc0b572533a5a6bd7bf4ae,13/02/2021,955.666667,1.206666667,37.14666666666667,24.006666666666668,34.53333333333333,72.76666666666667,9.18,21.846666666666668
b993487b23eecfd37c2c8de5b2816bb7b8d0ff15c5bc0b572533a5a6bd7bf4ae,28/02/2021,902.333333,2.0066666666665696,36.333333333333336,22.266666666666666,33.74666666666667,74.66000000000001,9.06,21.826666666666668
b993487b23eecfd37c2c8de5b2816bb7b8d0ff15c5bc0b572533a5a6bd7bf4ae,15/03/2021,913.333333,1.0533333333332544,35.32000000000001,21.453333333333337,33.43333333333333,70.91333333333334,8.16,22.146666666666665
b993487b23eecfd37c2c8de5b2816bb7b8d0ff15c5bc0b572533a5a6bd7bf4ae,30/03/2021,1123.666667,2.959999999999915,31.673333333333336,19.806666666666665,42.193333333333335,82.74666666666668,6.74,18.08
b993487b23eecfd37c2c8de5b2816bb7b8d0ff15c5bc0b572533a5a6bd7bf4ae,14/04/2021,1030.666667,3.2599999999999456,30.366666666666667,16.46,36.42,81.83333333333333,5.966666666666667,19.146666666666665
b993487b23eecfd37c2c8de5b2816bb7b8d0ff15c5bc0b572533a5a6bd7bf4ae,29/04/2021,1134.333333,0.006666667,29.24666666666667,13.6,27.96,72.8,5.886666666666668,17.69333333333333
b993487b23eecfd37c2c8de5b2816bb7b8d0ff15c5bc0b572533a5a6bd7bf4ae,14/05/2021,1163,0.2,28.093333333333337,12.06,31.60666666666667,84.61333333333333,4.806666666666668,17.113333333333333
b993487b23eecfd37c2c8de5b2816bb7b8d0ff15c5bc0b572533a5a6bd7bf4ae,29/05/2021,1168.666667,0,25.040000000000003,9.14,27.660000000000004,74.71333333333334,4.400000000000001,15.78
b993487b23eecfd37c2c8de5b2816bb7b8d0ff15c5bc0b572533a5a6bd7bf4ae,13/06/2021,1124.666667,0.133333333,23.226666666666667,6.6000000000000005,32,86.71333333333334,3.533333333333333,13.706666666666669
b993487b23eecfd37c2c8de5b2816bb7b8d0ff15c5bc0b572533a5a6bd7bf4ae,28/06/2021,1110.333333,1.126666666666612,21.953333333333333,7.526666666666667,38.766666666666666,89.08,3.193333333333334,11.686666666666667
b993487b23eecfd37c2c8de5b2816bb7b8d0ff15c5bc0b572533a5a6bd7bf4ae,13/07/2021,1119.333333,1.4133333333332605,21.473333333333336,7.2,40.766666666666666,94.76,3.106666666666667,14.046666666666663
b993487b23eecfd37c2c8de5b2816bb7b8d0ff15c5bc0b572533a5a6bd7bf4ae,28/07/2021,1028.333333,0,23.75333333333333,5.753333333333333,29.453333333333333,88.33333333333334,3.62,15.613333333333337
b993487b23eecfd37c2c8de5b2816bb7b8d0ff15c5bc0b572533a5a6bd7bf4ae,12/08/2021,931.666667,0.046666667,26.03333333333334,9.433333333333334,29.86666666666667,83.58666666666666,4.446666666666667,17.006666666666668
b993487b23eecfd37c2c8de5b2816bb7b8d0ff15c5bc0b572533a5a6bd7bf4ae,27/08/2021,918,0.6866666666666484,26.133333333333333,9.766666666666667,26.146666666666665,72.96000000000001,4.813333333333334,19.1
b993487b23eecfd37c2c8de5b2816bb7b8d0ff15c5bc0b572533a5a6bd7bf4ae,11/09/2021,777.666667,0,28.34,11.36,26.64,71.70666666666668,6.02,19.780000000000005
b993487b23eecfd37c2c8de5b2816bb7b8d0ff15c5bc0b572533a5a6bd7bf4ae,26/09/2021,780.666667,0.033333333,30.120000000000005,12.46,18.866666666666667,55.91333333333333,7.286666666666667,23.3
b993487b23eecfd37c2c8de5b2816bb7b8d0ff15c5bc0b572533a5a6bd7bf4ae,11/10/2021,704.666667,0.566666667,32.40666666666667,16.293333333333333,27.05333333333333,63.85333333333334,8.040000000000001,21.86666666666667
b993487b23eecfd37c2c8de5b2816bb7b8d0ff15c5bc0b572533a5a6bd7bf4ae,26/10/2021,689.333333,0.2999999999999697,34.74,15.673333333333336,19.60666666666667,58.54,9.353333333333332,24.266666666666666
b993487b23eecfd37c2c8de5b2816bb7b8d0ff15c5bc0b572533a5a6bd7bf4ae,10/11/2021,679.333333,4.886666666666527,33.873333333333335,21.486666666666668,37.260000000000005,75.74000000000001,8.386666666666667,21.686666666666667
b993487b23eecfd37c2c8de5b2816bb7b8d0ff15c5bc0b572533a5a6bd7bf4ae,25/11/2021,895.666667,5.793333333333249,30.113333333333333,17.553333333333335,36.88666666666667,74.62666666666668,8.1,24.10666666666667
b993487b23eecfd37c2c8de5b2816bb7b8d0ff15c5bc0b572533a5a6bd7bf4ae,10/12/2021,1128,5.519999999999952,32.74666666666667,19.71333333333333,40.49333333333334,84.24666666666667,8.866666666666667,24.113333333333337
b993487b23eecfd37c2c8de5b2816bb7b8d0ff15c5bc0b572533a5a6bd7bf4ae,25/12/2021,1058.666667,0.7266666666666121,36.88666666666666,21.093333333333337,29.78666666666667,73.94,10.78,27.6
b993487b23eecfd37c2c8de5b2816bb7b8d0ff15c5bc0b572533a5a6bd7bf4ae,9/01/2022,1104.333333,1.5733333333332666,38.653333333333336,21.966666666666665,27.35333333333333,69.36,11.246666666666668,26.526666666666667
b993487b23eecfd37c2c8de5b2816bb7b8d0ff15c5bc0b572533a5a6bd7bf4ae,24/01/2022,1030,2.0933333333332182,38.07333333333334,24.7,32.24666666666667,67.32666666666667,10.173333333333334,21.660000000000004
b993487b23eecfd37c2c8de5b2816bb7b8d0ff15c5bc0b572533a5a6bd7bf4ae,8/02/2022,968.666667,5.593333333333218,33.14,21.38,43.8,84.26,7.64,20.16666666666667
b993487b23eecfd37c2c8de5b2816bb7b8d0ff15c5bc0b572533a5a6bd7bf4ae,23/02/2022,1007.666667,1.0133333333332908,36.806666666666665,21.613333333333337,31.18,74.94000000000001,9.36,25.75333333333333
b993487b23eecfd37c2c8de5b2816bb7b8d0ff15c5bc0b572533a5a6bd7bf4ae,10/03/2022,1003,0,37.74666666666667,20.946666666666665,25.633333333333333,67.00000000000001,9.646666666666668,23.30666666666667
b993487b23eecfd37c2c8de5b2816bb7b8d0ff15c5bc0b572533a5a6bd7bf4ae,25/03/2022,879,0.933333333,35.693333333333335,20.633333333333336,30.56,72.88666666666668,8.360000000000001,22.84
b993487b23eecfd37c2c8de5b2816bb7b8d0ff15c5bc0b572533a5a6bd7bf4ae,9/04/2022,768.666667,2.239999999999903,32.6,18.42,37.48666666666667,85.06,6.48,19.92
b993487b23eecfd37c2c8de5b2816bb7b8d0ff15c5bc0b572533a5a6bd7bf4ae,24/04/2022,854.666667,0.1733333333333272,31.65333333333333,17.560000000000002,34.053333333333335,77.3,6.08,17.88
b993487b23eecfd37c2c8de5b2816bb7b8d0ff15c5bc0b572533a5a6bd7bf4ae,9/05/2022,946.666667,9.139999999999931,26.04666666666667,16.633333333333336,51.56000000000001,89.52666666666667,3.966666666666667,11.88
b993487b23eecfd37c2c8de5b2816bb7b8d0ff15c5bc0b572533a5a6bd7bf4ae,24/05/2022,1044.666667,4.9466666666665935,24.71333333333333,15.273333333333332,56.82666666666668,96.38,3.4266666666666667,11.613333333333337
b993487b23eecfd37c2c8de5b2816bb7b8d0ff15c5bc0b572533a5a6bd7bf4ae,8/06/2022,1181.333333,0.2533333333332848,22.24666666666667,9.853333333333332,46.32666666666667,93.58666666666666,3.22,11.626666666666669
b993487b23eecfd37c2c8de5b2816bb7b8d0ff15c5bc0b572533a5a6bd7bf4ae,23/06/2022,1150.666667,0,21.813333333333333,5.006666666666666,36.54666666666667,97.08,3.226666666666667,14.32666666666667
b993487b23eecfd37c2c8de5b2816bb7b8d0ff15c5bc0b572533a5a6bd7bf4ae,8/07/2022,1263.666667,1.7599999999999454,19.36666666666667,7.066666666666667,51.29333333333334,98.26,2.7,11.353333333333332
b993487b23eecfd37c2c8de5b2816bb7b8d0ff15c5bc0b572533a5a6bd7bf4ae,23/07/2022,1043,1.2733333333333272,20.646666666666665,3.9533333333333336,39.03333333333333,99.43333333333334,3.12,15.693333333333332
b993487b23eecfd37c2c8de5b2816bb7b8d0ff15c5bc0b572533a5a6bd7bf4ae,7/08/2022,1003.333333,0.2933333333333091,23.813333333333336,9.36,41.64,97.1,3.58,15.206666666666669
b993487b23eecfd37c2c8de5b2816bb7b8d0ff15c5bc0b572533a5a6bd7bf4ae,22/08/2022,976.666667,0.02,23.33333333333333,5.566666666666666,30.793333333333337,92.42666666666668,4.26,17.813333333333333
b993487b23eecfd37c2c8de5b2816bb7b8d0ff15c5bc0b572533a5a6bd7bf4ae,6/09/2022,1026.666667,4.186666666666588,23.30666666666667,10.306666666666668,42.35333333333334,88.85333333333332,4.213333333333334,17.453333333333333
b993487b23eecfd37c2c8de5b2816bb7b8d0ff15c5bc0b572533a5a6bd7bf4ae,21/09/2022,885.333333,3.4733333333332665,26.53333333333333,12.213333333333331,37.080000000000005,86.10000000000001,5.58,19.133333333333333
b993487b23eecfd37c2c8de5b2816bb7b8d0ff15c5bc0b572533a5a6bd7bf4ae,6/10/2022,899.333333,0.933333333,28.14666666666667,13.406666666666668,36.59333333333334,87.78,6.260000000000001,20.566666666666663
b993487b23eecfd37c2c8de5b2816bb7b8d0ff15c5bc0b572533a5a6bd7bf4ae,21/10/2022,966,3.899999999999909,29.18,16.68,44.88,91.48666666666666,6.486666666666667,19.433333333333337
b993487b23eecfd37c2c8de5b2816bb7b8d0ff15c5bc0b572533a5a6bd7bf4ae,5/11/2022,884.333333,0.6399999999999636,31.480000000000004,15.506666666666666,27.65333333333333,70.84666666666666,8.533333333333333,24.92666666666667
b993487b23eecfd37c2c8de5b2816bb7b8d0ff15c5bc0b572533a5a6bd7bf4ae,20/11/2022,898.666667,0.3133333333333212,32.9,17.893333333333334,29.53333333333334,71.03333333333333,8.853333333333333,22.87333333333333
b993487b23eecfd37c2c8de5b2816bb7b8d0ff15c5bc0b572533a5a6bd7bf4ae,5/12/2022,921.333333,0.6266666666665212,33.25333333333334,18.65333333333333,27.186666666666667,63.90666666666667,9.080000000000002,22.64666666666667
b993487b23eecfd37c2c8de5b2816bb7b8d0ff15c5bc0b572533a5a6bd7bf4ae,20/12/2022,951.666667,1.5199999999999212,35.79333333333333,20.346666666666668,25.80666666666667,60.80666666666668,10.666666666666666,26.466666666666665
b993487b23eecfd37c2c8de5b2816bb7b8d0ff15c5bc0b572533a5a6bd7bf4ae,4/01/2023,933,1.8933333333332485,34.59333333333334,21.74,36.21333333333334,73.40000000000002,9.506666666666668,21.166666666666668
b993487b23eecfd37c2c8de5b2816bb7b8d0ff15c5bc0b572533a5a6bd7bf4ae,19/01/2023,937.333333,6.599999999999879,31.753333333333337,21.026666666666667,50.18,88.49333333333333,7.246666666666668,19.89333333333333
b993487b23eecfd37c2c8de5b2816bb7b8d0ff15c5bc0b572533a5a6bd7bf4ae,3/02/2023,1155,0.9666666666665454,34.9,22.966666666666665,42.77333333333333,85.15333333333335,8.593333333333334,26.733333333333334
b993487b23eecfd37c2c8de5b2816bb7b8d0ff15c5bc0b572533a5a6bd7bf4ae,18/02/2023,1485.333333,2.6066666666666305,34.74666666666667,20.58,35.11333333333334,75.02666666666667,8.54,23.366666666666667
b993487b23eecfd37c2c8de5b2816bb7b8d0ff15c5bc0b572533a5a6bd7bf4ae,5/03/2023,1597,0.2399999999999636,36.06,21.413333333333338,31.6,74.00666666666666,8.806666666666667,23.466666666666665
b993487b23eecfd37c2c8de5b2816bb7b8d0ff15c5bc0b572533a5a6bd7bf4ae,20/03/2023,1585.666667,5.999999999999909,32.75333333333334,20.466666666666672,49.2,93.23333333333336,6.533333333333333,19.026666666666667
b993487b23eecfd37c2c8de5b2816bb7b8d0ff15c5bc0b572533a5a6bd7bf4ae,4/04/2023,1753,0.006666667,33.27333333333333,18.9,34.85333333333334,81.14,7.186666666666667,20.953333333333333
b993487b23eecfd37c2c8de5b2816bb7b8d0ff15c5bc0b572533a5a6bd7bf4ae,19/04/2023,1594.333333,0.093333333,32.473333333333336,14.126666666666669,27.90666666666667,79.48666666666668,6.446666666666667,18.133333333333336
b993487b23eecfd37c2c8de5b2816bb7b8d0ff15c5bc0b572533a5a6bd7bf4ae,4/05/2023,1229.333333,0.193333333,29.026666666666664,13.053333333333336,33.63333333333333,86.7,5.286666666666666,16.6
b993487b23eecfd37c2c8de5b2816bb7b8d0ff15c5bc0b572533a5a6bd7bf4ae,19/05/2023,1267.666667,0,25.94666666666667,8.566666666666666,28.68,84.01333333333334,4.513333333333334,16.34
b993487b23eecfd37c2c8de5b2816bb7b8d0ff15c5bc0b572533a5a6bd7bf4ae,3/06/2023,1200.666667,0,24.83333333333333,4.906666666666667,23.966666666666672,84.72,4.306666666666668,15.606666666666667
b993487b23eecfd37c2c8de5b2816bb7b8d0ff15c5bc0b572533a5a6bd7bf4ae,18/06/2023,1293.333333,0.2066666666666606,26.23333333333333,10.32,33.38,88.26,3.646666666666667,14.453333333333337
b993487b23eecfd37c2c8de5b2816bb7b8d0ff15c5bc0b572533a5a6bd7bf4ae,3/07/2023,1266.666667,0.393333333,24.52,10.646666666666668,33.559999999999995,71.65333333333334,3.64,12.88
b993487b23eecfd37c2c8de5b2816bb7b8d0ff15c5bc0b572533a5a6bd7bf4ae,18/07/2023,1005,2.4066666666666303,22.99333333333333,7.753333333333334,40.28,95.49333333333334,3.246666666666667,14.493333333333334
b993487b23eecfd37c2c8de5b2816bb7b8d0ff15c5bc0b572533a5a6bd7bf4ae,2/08/2023,811.333333,0.133333333,24.980000000000004,9.086666666666668,32.54,86.54666666666667,3.786666666666667,16.220000000000002
b993487b23eecfd37c2c8de5b2816bb7b8d0ff15c5bc0b572533a5a6bd7bf4ae,17/08/2023,840.333333,0,27.773333333333333,8.733333333333333,25.90666666666667,83.49333333333334,5,18.166666666666668
b993487b23eecfd37c2c8de5b2816bb7b8d0ff15c5bc0b572533a5a6bd7bf4ae,1/09/2023,916.333333,0,28.226666666666667,9.14,23.28666666666667,75.22000000000001,5.320000000000001,19.38
b993487b23eecfd37c2c8de5b2816bb7b8d0ff15c5bc0b572533a5a6bd7bf4ae,16/09/2023,986.666667,0,30.25333333333333,11.353333333333332,19.160000000000004,63.373333333333335,7.140000000000001,21.39333333333333
b993487b23eecfd37c2c8de5b2816bb7b8d0ff15c5bc0b572533a5a6bd7bf4ae,1/10/2023,1014.333333,0,32.526666666666664,14.7,23.706666666666667,70.11333333333333,7.633333333333334,23.19333333333333
b993487b23eecfd37c2c8de5b2816bb7b8d0ff15c5bc0b572533a5a6bd7bf4ae,16/10/2023,1052.666667,0.006666667,32.806666666666665,15.773333333333335,21.68,58.433333333333344,8.713333333333335,24.87333333333333
b993487b23eecfd37c2c8de5b2816bb7b8d0ff15c5bc0b572533a5a6bd7bf4ae,31/10/2023,1019.333333,0.033333333,35.14666666666667,17.253333333333334,18.14,51.92,9.82,26.980000000000004
b993487b23eecfd37c2c8de5b2816bb7b8d0ff15c5bc0b572533a5a6bd7bf4ae,15/11/2023,866,1.3599999999999757,36.45333333333334,20.62666666666667,26.26,63.620000000000005,10.393333333333334,28.14
b993487b23eecfd37c2c8de5b2816bb7b8d0ff15c5bc0b572533a5a6bd7bf4ae,30/11/2023,906.333333,4.539999999999903,32.66,21.22666666666667,41.68666666666668,77.79333333333334,7.866666666666668,20.82
b993487b23eecfd37c2c8de5b2816bb7b8d0ff15c5bc0b572533a5a6bd7bf4ae,15/12/2023,1042.666667,0.1999999999999696,37.266666666666666,21.75333333333333,30.100000000000005,73.74000000000001,10.9,29.49333333333333
b993487b23eecfd37c2c8de5b2816bb7b8d0ff15c5bc0b572533a5a6bd7bf4ae,30/12/2023,1025.666667,1.6933333333332483,38.053333333333335,21.113333333333333,29.19333333333333,72.68666666666668,11.013333333333334,27.833333333333336
b993487b23eecfd37c2c8de5b2816bb7b8d0ff15c5bc0b572533a5a6bd7bf4ae,14/01/2024,1011,4.479999999999866,37.120000000000005,23.253333333333337,37.75333333333334,82.15333333333335,9.46,26.040000000000003
b993487b23eecfd37c2c8de5b2816bb7b8d0ff15c5bc0b572533a5a6bd7bf4ae,29/01/2024,1189.666667,2.546666666666594,38.03333333333333,25.85333333333334,39.44666666666667,77.50666666666667,9.580000000000002,25.473333333333336
b993487b23eecfd37c2c8de5b2816bb7b8d0ff15c5bc0b572533a5a6bd7bf4ae,13/02/2024,1431,4.526666666666612,37.12,23.926666666666662,38.72666666666667,81.44666666666667,8.92,24.5
b993487b23eecfd37c2c8de5b2816bb7b8d0ff15c5bc0b572533a5a6bd7bf4ae,28/02/2024,1457.333333,2.6266666666665817,33.8,22.333333333333336,47.57333333333334,91.83333333333331,7.280000000000001,22.54666666666667
b993487b23eecfd37c2c8de5b2816bb7b8d0ff15c5bc0b572533a5a6bd7bf4ae,14/03/2024,1633.666667,0,35.95333333333334,21.040000000000003,33.36666666666667,79.01333333333334,8.5,24.633333333333333
b993487b23eecfd37c2c8de5b2816bb7b8d0ff15c5bc0b572533a5a6bd7bf4ae,29/03/2024,1641.333333,4.339999999999933,33.39333333333334,22.58666666666667,46.06,82.18666666666668,6.713333333333334,17.486666666666668
b993487b23eecfd37c2c8de5b2816bb7b8d0ff15c5bc0b572533a5a6bd7bf4ae,13/04/2024,1734,3.8066666666666302,29.233333333333334,16.346666666666668,43.84,91.20666666666666,5.52,19.35333333333333
b993487b23eecfd37c2c8de5b2816bb7b8d0ff15c5bc0b572533a5a6bd7bf4ae,28/04/2024,2040,0.006666667,29.246666666666663,14.333333333333336,35.9,88.07333333333334,5.620000000000001,19.166666666666668
b993487b23eecfd37c2c8de5b2816bb7b8d0ff15c5bc0b572533a5a6bd7bf4ae,13/05/2024,2240.333333,0.3999999999999696,28.613333333333337,14.273333333333332,40.16666666666666,94.75333333333332,4.5600000000000005,16.686666666666667
b993487b23eecfd37c2c8de5b2816bb7b8d0ff15c5bc0b572533a5a6bd7bf4ae,28/05/2024,2336.666667,0,26.293333333333337,9.426666667,32.480000000000004,92.80666666666669,4.326666666666667,15.553333333333336
b993487b23eecfd37c2c8de5b2816bb7b8d0ff15c5bc0b572533a5a6bd7bf4ae,12/06/2024,1599.333333,0.5599999999999757,23.166666666666668,6.640000000000001,39.22666666666667,97.49333333333334,3.3466666666666667,14.093333333333334
b993487b23eecfd37c2c8de5b2816bb7b8d0ff15c5bc0b572533a5a6bd7bf4ae,27/06/2024,1723.333333,0.026666667,23.8,5.5600000000000005,30.5,90.96,3.48,13.766666666666667
b993487b23eecfd37c2c8de5b2816bb7b8d0ff15c5bc0b572533a5a6bd7bf4ae,12/07/2024,1290.333333,0.466666667,24.46,10.166666666666668,44.93333333333333,97.99333333333334,3.1733333333333333,13.433333333333334
b993487b23eecfd37c2c8de5b2816bb7b8d0ff15c5bc0b572533a5a6bd7bf4ae,27/07/2024,1116,0.046666667,22.006666666666668,4.306666666666668,31.94666666666667,93.87333333333336,3.3800000000000003,15.22
b993487b23eecfd37c2c8de5b2816bb7b8d0ff15c5bc0b572533a5a6bd7bf4ae,11/08/2024,1028.333333,0.5133333333332909,24.293333333333337,6.753333333333333,31.28,86.30666666666666,4.0600000000000005,16.400000000000002
b993487b23eecfd37c2c8de5b2816bb7b8d0ff15c5bc0b572533a5a6bd7bf4ae,26/08/2024,1042.666667,1.1999999999999698,29.69333333333333,11.186666666666667,31.85333333333333,90.51333333333334,5.113333333333333,18.83333333333333
b993487b23eecfd37c2c8de5b2816bb7b8d0ff15c5bc0b572533a5a6bd7bf4ae,10/09/2024,1101,0,32.766666666666666,13.433333333333334,24.01333333333333,77.10666666666667,6.953333333333334,21.07333333333333
b993487b23eecfd37c2c8de5b2816bb7b8d0ff15c5bc0b572533a5a6bd7bf4ae,25/09/2024,992,0,30.280000000000005,12.433333333333335,19.273333333333333,55.81333333333334,7.266666666666667,22.613333333333337
b993487b23eecfd37c2c8de5b2816bb7b8d0ff15c5bc0b572533a5a6bd7bf4ae,10/10/2024,916.666667,1.733333333333303,32.81333333333334,15.54,25.49333333333333,69.8,8.106666666666667,23.486666666666668
b993487b23eecfd37c2c8de5b2816bb7b8d0ff15c5bc0b572533a5a6bd7bf4ae,25/10/2024,1034,0,35.626666666666665,19.773333333333333,25.226666666666667,63.69333333333334,9.346666666666668,25.480000000000004
b993487b23eecfd37c2c8de5b2816bb7b8d0ff15c5bc0b572533a5a6bd7bf4ae,9/11/2024,1080,1.0933333333332789,38.06000000000001,20.78666666666667,20.57333333333333,54.81333333333334,10.953333333333337,27.4
b993487b23eecfd37c2c8de5b2816bb7b8d0ff15c5bc0b572533a5a6bd7bf4ae,24/11/2024,1055,3.9666666666665455,34.919999999999995,22.03333333333333,36.91333333333333,76.08,8.866666666666667,23.53333333333333
b993487b23eecfd37c2c8de5b2816bb7b8d0ff15c5bc0b572533a5a6bd7bf4ae,9/12/2024,1126.333333,2.9933333333332786,34.720000000000006,23.1,42.126666666666665,80.20666666666666,9.073333333333334,25.380000000000003
b993487b23eecfd37c2c8de5b2816bb7b8d0ff15c5bc0b572533a5a6bd7bf4ae,24/12/2024,1037.666667,0.4866666666666182,37.053333333333335,22.466666666666665,33.10666666666666,74.72666666666667,10.433333333333335,27.07333333333333
56f79406af9de994603912c9f3a883d19502cdcd26840529370b7eb3f0044fee,4/02/2017,991,1.5199999999999514,37.96000000000001,24.57333333333333,35.413333333333334,74.87999999999998,10.026666666666667,24.83333333333333
56f79406af9de994603912c9f3a883d19502cdcd26840529370b7eb3f0044fee,19/02/2017,933.666667,0.5599999999999757,39.55333333333333,24.57333333333333,27.326666666666664,62.64666666666667,10.806666666666668,25.03333333333333
56f79406af9de994603912c9f3a883d19502cdcd26840529370b7eb3f0044fee,6/03/2017,900.333333,1.3999999999999695,36.17333333333333,21.2,30.833333333333336,73.52666666666667,8.813333333333334,21.200000000000003
56f79406af9de994603912c9f3a883d19502cdcd26840529370b7eb3f0044fee,21/03/2017,798.333333,0.6333333333332727,36.81333333333334,20.73333333333333,28.933333333333334,70.32666666666667,8.66,20.9
56f79406af9de994603912c9f3a883d19502cdcd26840529370b7eb3f0044fee,5/04/2017,898,0.073333333,34.266666666666666,18.966666666666672,31.44,75.59333333333332,7.480000000000001,19.57333333333333
56f79406af9de994603912c9f3a883d19502cdcd26840529370b7eb3f0044fee,20/04/2017,911.333333,0,31.593333333333337,14.26666666666667,26.68666666666667,75.52000000000001,6.5,20.42666666666667
56f79406af9de994603912c9f3a883d19502cdcd26840529370b7eb3f0044fee,5/05/2017,878.333333,0.006666667,29.25333333333333,14.566666666666666,31.59333333333334,77.10666666666665,5.473333333333334,16.473333333333336
56f79406af9de994603912c9f3a883d19502cdcd26840529370b7eb3f0044fee,20/05/2017,799,0.5666666666666363,27.506666666666668,11.993333333333334,34.50666666666667,85.10666666666667,4.46,14.653333333333334
56f79406af9de994603912c9f3a883d19502cdcd26840529370b7eb3f0044fee,4/06/2017,829,0,26.933333333333337,9.6,27.040000000000003,78.46666666666667,4.46,15.580000000000002
56f79406af9de994603912c9f3a883d19502cdcd26840529370b7eb3f0044fee,19/06/2017,906.333333,0,24.02,6.233333333333333,29.753333333333337,89.36,3.553333333333333,15.2
56f79406af9de994603912c9f3a883d19502cdcd26840529370b7eb3f0044fee,4/07/2017,924.666667,0.093333333,25.38,8.860000000000001,33.04,89.06,3.5733333333333337,13.5
56f79406af9de994603912c9f3a883d19502cdcd26840529370b7eb3f0044fee,19/07/2017,916.666667,1.206666667,25.15333333333334,10.76666666666667,37.46666666666668,87.65333333333334,3.4866666666666664,13.340000000000002
56f79406af9de994603912c9f3a883d19502cdcd26840529370b7eb3f0044fee,3/08/2017,932,0,26.6,7.233333333333333,22.22666666666667,73.84,4.333333333333333,17.426666666666666
56f79406af9de994603912c9f3a883d19502cdcd26840529370b7eb3f0044fee,18/08/2017,1081,0,28.180000000000003,6.640000000000001,17.186666666666667,65.86666666666666,5.426666666666667,19.473333333333333
56f79406af9de994603912c9f3a883d19502cdcd26840529370b7eb3f0044fee,2/09/2017,1137.333333,0,26.313333333333333,6.926666666666667,14.906666666666668,51.10000000000001,5.5,21.160000000000004
56f79406af9de994603912c9f3a883d19502cdcd26840529370b7eb3f0044fee,17/09/2017,1184,0,28.60666666666667,8.953333333333335,15.886666666666668,54.68,6.8933333333333335,22.75333333333333
56f79406af9de994603912c9f3a883d19502cdcd26840529370b7eb3f0044fee,2/10/2017,1194,0.02,35.03333333333334,15.92,17.80666666666667,53.92,8.96,22.08
56f79406af9de994603912c9f3a883d19502cdcd26840529370b7eb3f0044fee,17/10/2017,1175.666667,1.4999999999999394,34.373333333333335,20.22,32.973333333333336,74.28666666666666,8.22,20.88
56f79406af9de994603912c9f3a883d19502cdcd26840529370b7eb3f0044fee,1/11/2017,1282,2.066666666666576,32.42,17.279999999999998,30.10666666666667,71.53333333333335,8.16,23.006666666666668
56f79406af9de994603912c9f3a883d19502cdcd26840529370b7eb3f0044fee,16/11/2017,1246.666667,0.2999999999999393,33.70666666666667,18.87333333333333,26.433333333333334,62.56666666666668,9.433333333333334,24.300000000000004
56f79406af9de994603912c9f3a883d19502cdcd26840529370b7eb3f0044fee,1/12/2017,1144,0.1466666666665635,34.50666666666667,20.84,31.473333333333336,69.97333333333334,9.306666666666668,23.066666666666663
56f79406af9de994603912c9f3a883d19502cdcd26840529370b7eb3f0044fee,16/12/2017,1025,0.3399999999999636,36.66666666666666,20.85333333333333,22.38,54.26666666666667,11.32,27.266666666666666
56f79406af9de994603912c9f3a883d19502cdcd26840529370b7eb3f0044fee,31/12/2017,973.333333,0.7066666666665999,40.12666666666667,25.300000000000004,23.953333333333337,55.38,12.066666666666666,26.320000000000004
56f79406af9de994603912c9f3a883d19502cdcd26840529370b7eb3f0044fee,15/01/2018,862,0.3133333333332909,39.65333333333333,25.086666666666662,22.92,52.09333333333334,11.746666666666666,25.9
56f79406af9de994603912c9f3a883d19502cdcd26840529370b7eb3f0044fee,30/01/2018,930.666667,0.3199999999999818,38.49333333333334,24.80666666666667,25.686666666666667,56.153333333333336,10.886666666666668,23.586666666666662
56f79406af9de994603912c9f3a883d19502cdcd26840529370b7eb3f0044fee,14/02/2018,604.666667,2.139999999999994,38.02,22.84666666666667,25.75333333333333,58.34,10.62,23.780000000000005
56f79406af9de994603912c9f3a883d19502cdcd26840529370b7eb3f0044fee,1/03/2018,508,0.053333333,38.44666666666667,23.89333333333333,31.366666666666667,70.05333333333333,9.893333333333334,22.25333333333333
56f79406af9de994603912c9f3a883d19502cdcd26840529370b7eb3f0044fee,16/03/2018,875.333333,7.886666666666588,31.1,20.526666666666667,47.46000000000001,84.33333333333334,6.353333333333334,16.553333333333335
56f79406af9de994603912c9f3a883d19502cdcd26840529370b7eb3f0044fee,31/03/2018,2041,0.9933333333333092,33.70666666666667,19.92,39.05333333333333,86.55333333333333,7.52,20.093333333333337
56f79406af9de994603912c9f3a883d19502cdcd26840529370b7eb3f0044fee,15/04/2018,3494.333333,0.5799999999999879,32.68666666666667,18.686666666666667,35.53333333333333,80.75333333333334,6.4,18.64
56f79406af9de994603912c9f3a883d19502cdcd26840529370b7eb3f0044fee,30/04/2018,2149.666667,0,31.19333333333333,14.560000000000002,27.566666666666663,74.28,6.260000000000001,18.73333333333333
56f79406af9de994603912c9f3a883d19502cdcd26840529370b7eb3f0044fee,15/05/2018,1607,0,27.56666666666667,11.153333333333334,28.16666666666667,78.26,4.760000000000001,16.720000000000002
56f79406af9de994603912c9f3a883d19502cdcd26840529370b7eb3f0044fee,30/05/2018,1694,0,25.73333333333333,9.466666666666669,27.80666666666667,77.70666666666668,4.426666666666667,15.473333333333333
56f79406af9de994603912c9f3a883d19502cdcd26840529370b7eb3f0044fee,14/06/2018,1811.333333,0.073333333,23.793333333333337,7.02,28.473333333333336,80.61333333333333,3.58,14.546666666666669
56f79406af9de994603912c9f3a883d19502cdcd26840529370b7eb3f0044fee,29/06/2018,1878.666667,0.046666667,22.5,6.273333333333334,31.380000000000003,85.34666666666666,3.3666666666666667,13.3
56f79406af9de994603912c9f3a883d19502cdcd26840529370b7eb3f0044fee,14/07/2018,1645.333333,0.006666667,23.480000000000004,6.666666666666667,30.966666666666665,86.03333333333333,3.5200000000000005,14.860000000000005
56f79406af9de994603912c9f3a883d19502cdcd26840529370b7eb3f0044fee,29/07/2018,1572,0.1066666666665999,25.3,5.586666666666668,22.026666666666667,73.57333333333334,4.006666666666667,16.273333333333333
56f79406af9de994603912c9f3a883d19502cdcd26840529370b7eb3f0044fee,13/08/2018,2206.666667,0,24.88666666666667,6.066666666666666,20.886666666666667,68.88000000000001,4.66,18.293333333333337
56f79406af9de994603912c9f3a883d19502cdcd26840529370b7eb3f0044fee,28/08/2018,2280,0.1266666666666424,25.56,4.739999999999999,17.78666666666667,63.98,5.006666666666667,20.826666666666664
56f79406af9de994603912c9f3a883d19502cdcd26840529370b7eb3f0044fee,12/09/2018,2283.666667,0,28.466666666666672,10.626666666666669,21.040000000000003,61.60666666666667,6.3933333333333335,21.15333333333333
56f79406af9de994603912c9f3a883d19502cdcd26840529370b7eb3f0044fee,27/09/2018,2133,0,30.16,12.853333333333332,20.566666666666663,59.53333333333333,7.180000000000001,23.506666666666668
56f79406af9de994603912c9f3a883d19502cdcd26840529370b7eb3f0044fee,12/10/2018,1918,0,33.12,16.886666666666667,23.02,60.553333333333335,8.5,22.880000000000003
56f79406af9de994603912c9f3a883d19502cdcd26840529370b7eb3f0044fee,27/10/2018,1093,1.3599999999998849,36.11333333333334,20.3,28.06,69.63333333333334,9.313333333333334,23.87333333333333
56f79406af9de994603912c9f3a883d19502cdcd26840529370b7eb3f0044fee,11/11/2018,657.333333,0.046666667,36.66,21.586666666666662,23.086666666666662,54.726666666666674,10.493333333333334,25.473333333333336
56f79406af9de994603912c9f3a883d19502cdcd26840529370b7eb3f0044fee,26/11/2018,454.666667,2.1933333333332183,35.093333333333334,20.53333333333333,26.05333333333333,55.14666666666667,9.953333333333337,25.186666666666667
56f79406af9de994603912c9f3a883d19502cdcd26840529370b7eb3f0044fee,11/12/2018,383.333333,0,37.120000000000005,21.160000000000004,19.72,47.91333333333333,11.546666666666669,27.273333333333333
56f79406af9de994603912c9f3a883d19502cdcd26840529370b7eb3f0044fee,26/12/2018,402.666667,0.3666666666666363,38.24,23.526666666666667,23.360000000000003,52.29333333333334,11.746666666666666,24.44
56f79406af9de994603912c9f3a883d19502cdcd26840529370b7eb3f0044fee,10/01/2019,408.666667,0.2266666666666424,38.38666666666666,24.94,25,53.62666666666667,11.433333333333335,25.813333333333336
56f79406af9de994603912c9f3a883d19502cdcd26840529370b7eb3f0044fee,25/01/2019,412.333333,0.08,39.70000000000001,25.006666666666668,24.813333333333336,56.91333333333333,11.686666666666667,26.613333333333337
56f79406af9de994603912c9f3a883d19502cdcd26840529370b7eb3f0044fee,9/02/2019,592.333333,1.3533333333332245,34.42666666666666,23.64,37.28,68.3,8.206666666666667,15.866666666666667
56f79406af9de994603912c9f3a883d19502cdcd26840529370b7eb3f0044fee,24/02/2019,941.333333,0.7533333333332545,38.88666666666667,22.23333333333333,19.326666666666668,47.94666666666667,11.340000000000002,26.84
56f79406af9de994603912c9f3a883d19502cdcd26840529370b7eb3f0044fee,11/03/2019,1031.666667,0.04,36.58666666666667,23.24666666666667,29.133333333333333,62.77333333333333,9.133333333333333,20.453333333333333
56f79406af9de994603912c9f3a883d19502cdcd26840529370b7eb3f0044fee,26/03/2019,1064,1.6333333333332425,36.92666666666666,23.56,34.68,71.07333333333334,8.433333333333334,20.160000000000004
56f79406af9de994603912c9f3a883d19502cdcd26840529370b7eb3f0044fee,10/04/2019,1166.666667,12.879999999999988,28.860000000000003,17.766666666666666,44.28,82.18,5.633333333333334,18.386666666666667
56f79406af9de994603912c9f3a883d19502cdcd26840529370b7eb3f0044fee,25/04/2019,3558.333333,0,28.53333333333333,16.506666666666668,42.07333333333334,84.88000000000001,5.260000000000001,16.64666666666667
56f79406af9de994603912c9f3a883d19502cdcd26840529370b7eb3f0044fee,10/05/2019,3852.666667,1.0399999999999332,25.346666666666668,13.126666666666669,44.766666666666666,90.48,4.206666666666667,15.36
56f79406af9de994603912c9f3a883d19502cdcd26840529370b7eb3f0044fee,25/05/2019,1983,0,26.12,11.593333333333334,38.96000000000001,94.12666666666668,4.1466666666666665,14.58
56f79406af9de994603912c9f3a883d19502cdcd26840529370b7eb3f0044fee,9/06/2019,1699.333333,0.08,21.133333333333336,6.173333333333334,34.60666666666667,87.41333333333334,3.426666666666667,12.633333333333336
56f79406af9de994603912c9f3a883d19502cdcd26840529370b7eb3f0044fee,24/06/2019,1249.666667,0.006666667,22.826666666666664,6.540000000000001,32.20666666666667,86.93333333333334,3.3800000000000003,14.873333333333331
56f79406af9de994603912c9f3a883d19502cdcd26840529370b7eb3f0044fee,9/07/2019,1475.333333,0.1466666666665939,23.660000000000004,10.506666666666668,41.5,88.86,3.22,11.3
56f79406af9de994603912c9f3a883d19502cdcd26840529370b7eb3f0044fee,24/07/2019,1108.666667,0,23.113333333333337,5.026666666666667,30.206666666666667,89.48,3.533333333333333,16.186666666666667
56f79406af9de994603912c9f3a883d19502cdcd26840529370b7eb3f0044fee,8/08/2019,1095,0.013333333,25.5,8.213333333333335,24.62,72.44666666666667,4.266666666666667,14.713333333333336
56f79406af9de994603912c9f3a883d19502cdcd26840529370b7eb3f0044fee,23/08/2019,921.666667,0,24.04666666666667,5.840000000000001,22.73333333333333,73.29333333333334,4.6066666666666665,19.46
56f79406af9de994603912c9f3a883d19502cdcd26840529370b7eb3f0044fee,7/09/2019,845,0,28.62,9.5,17.753333333333334,53.41333333333333,6.253333333333334,21.326666666666668
56f79406af9de994603912c9f3a883d19502cdcd26840529370b7eb3f0044fee,22/09/2019,839.333333,0,29.360000000000003,9.013333333333334,16.8,57.17333333333333,7.126666666666667,23.41333333333333
56f79406af9de994603912c9f3a883d19502cdcd26840529370b7eb3f0044fee,7/10/2019,746.666667,0,32.68,16.6,18.953333333333333,49.5,8.366666666666667,22.56666666666667
56f79406af9de994603912c9f3a883d19502cdcd26840529370b7eb3f0044fee,22/10/2019,690.666667,0,34.580000000000005,15.98,12.78,37.39333333333333,9.9,25.22
56f79406af9de994603912c9f3a883d19502cdcd26840529370b7eb3f0044fee,6/11/2019,737,7.666666666666606,31.473333333333336,18.87333333333333,31.64,63.41333333333333,8.32,21.8
56f79406af9de994603912c9f3a883d19502cdcd26840529370b7eb3f0044fee,21/11/2019,990,0,35.61333333333334,17.053333333333335,14.920000000000003,44.20666666666667,11.04,29.513333333333332
56f79406af9de994603912c9f3a883d19502cdcd26840529370b7eb3f0044fee,6/12/2019,1016,0.06,37.03333333333333,20.980000000000004,20.226666666666667,49.09333333333334,11.26,26.65333333333333
56f79406af9de994603912c9f3a883d19502cdcd26840529370b7eb3f0044fee,21/12/2019,1048.333333,0,40.61333333333334,22.860000000000003,15.253333333333334,40.48666666666667,13.246666666666668,28.9
56f79406af9de994603912c9f3a883d19502cdcd26840529370b7eb3f0044fee,5/01/2020,986,0,40.16,25.226666666666667,22.07333333333333,51.14,12.406666666666668,27.493333333333336
56f79406af9de994603912c9f3a883d19502cdcd26840529370b7eb3f0044fee,20/01/2020,800.666667,2.2799999999998968,38.40666666666667,24.680000000000003,28.19333333333333,62.3,10.626666666666669,25.006666666666668
56f79406af9de994603912c9f3a883d19502cdcd26840529370b7eb3f0044fee,4/02/2020,985,4.253333333333255,34.56666666666667,24.06,44.84000000000001,78.99333333333334,8.166666666666666,19.186666666666667
56f79406af9de994603912c9f3a883d19502cdcd26840529370b7eb3f0044fee,19/02/2020,2080.666667,3.446666666666594,37.46666666666667,23.266666666666666,35.32666666666667,78.84,9.306666666666668,24.65333333333334
56f79406af9de994603912c9f3a883d19502cdcd26840529370b7eb3f0044fee,5/03/2020,2282,9.246666666666563,33.78,23.14666666666667,46.766666666666666,84.92,7.326666666666667,19.5
56f79406af9de994603912c9f3a883d19502cdcd26840529370b7eb3f0044fee,20/03/2020,3245.666667,1.966666666666606,31.4,18.1,39.24666666666667,85.43333333333335,7.326666666666667,22.23333333333333
56f79406af9de994603912c9f3a883d19502cdcd26840529370b7eb3f0044fee,4/04/2020,2678.333333,0.1666666666666363,33.93333333333334,20.226666666666667,35.63333333333333,79.56,7.373333333333334,19.84
56f79406af9de994603912c9f3a883d19502cdcd26840529370b7eb3f0044fee,19/04/2020,2802,0,31.913333333333338,16.44,28.19333333333333,70.61333333333333,6.473333333333334,19.83333333333333
56f79406af9de994603912c9f3a883d19502cdcd26840529370b7eb3f0044fee,4/05/2020,2433,0,29.506666666666668,13.746666666666666,28.78666666666667,72.56,5.7733333333333325,18.326666666666664
56f79406af9de994603912c9f3a883d19502cdcd26840529370b7eb3f0044fee,19/05/2020,1980.333333,0,27.16,12.300000000000002,28.706666666666667,71.16666666666667,4.633333333333334,15.92
56f79406af9de994603912c9f3a883d19502cdcd26840529370b7eb3f0044fee,3/06/2020,1920,0.9933333333333092,21.433333333333337,8.6,41.32000000000001,86.48666666666666,3.4600000000000004,13.12
56f79406af9de994603912c9f3a883d19502cdcd26840529370b7eb3f0044fee,18/06/2020,2440,0.053333333,25.39333333333333,9.953333333333337,32.78,84.98666666666668,3.6,14.4
56f79406af9de994603912c9f3a883d19502cdcd26840529370b7eb3f0044fee,3/07/2020,2373,0.006666667,23.753333333333337,7.106666666666667,32.653333333333336,92.21333333333334,3.4266666666666667,14.18
56f79406af9de994603912c9f3a883d19502cdcd26840529370b7eb3f0044fee,18/07/2020,2520.666667,0.013333333,22.21333333333333,5.193333333333333,30.986666666666668,91.08,3.433333333333333,15.033333333333331
56f79406af9de994603912c9f3a883d19502cdcd26840529370b7eb3f0044fee,2/08/2020,1957.333333,0,23.73333333333333,6.033333333333333,28.600000000000005,86.94,3.726666666666667,15.88
56f79406af9de994603912c9f3a883d19502cdcd26840529370b7eb3f0044fee,17/08/2020,1017,1.3866666666666485,25.02,8.860000000000001,34.12,88.92666666666668,4.406666666666667,17.053333333333335
56f79406af9de994603912c9f3a883d19502cdcd26840529370b7eb3f0044fee,1/09/2020,891.666667,0,26.01333333333333,7.406666666666666,19.773333333333333,63.766666666666666,5.206666666666667,20.90666666666667
56f79406af9de994603912c9f3a883d19502cdcd26840529370b7eb3f0044fee,16/09/2020,771.666667,0,30.26666666666667,15.000000000000002,28.60666666666667,72.61333333333333,6.666666666666667,21.093333333333337
56f79406af9de994603912c9f3a883d19502cdcd26840529370b7eb3f0044fee,1/10/2020,1422.333333,3.2,29.133333333333333,15.326666666666666,29.69333333333333,65.48,6.620000000000001,20.34
56f79406af9de994603912c9f3a883d19502cdcd26840529370b7eb3f0044fee,16/10/2020,2151.666667,0.5399999999999636,31.966666666666672,17.259999999999998,26.74666666666667,63.98666666666667,8.28,24.14666666666667
56f79406af9de994603912c9f3a883d19502cdcd26840529370b7eb3f0044fee,31/10/2020,1921.666667,0.5133333333332909,33.03333333333333,15.493333333333334,22.24666666666667,60.473333333333336,8.82,24.76
56f79406af9de994603912c9f3a883d19502cdcd26840529370b7eb3f0044fee,15/11/2020,1352,0.4466666666666545,35.7,18.540000000000003,21.906666666666663,55.35333333333334,10.473333333333334,27.566666666666663
56f79406af9de994603912c9f3a883d19502cdcd26840529370b7eb3f0044fee,30/11/2020,1063,0,39.373333333333335,24.3,20.540000000000003,47.81333333333334,11.893333333333334,28.733333333333334
56f79406af9de994603912c9f3a883d19502cdcd26840529370b7eb3f0044fee,15/12/2020,789.666667,0.6933333333332484,37.99333333333334,23.613333333333337,22.75333333333333,50.65333333333333,11.553333333333336,26.1
56f79406af9de994603912c9f3a883d19502cdcd26840529370b7eb3f0044fee,30/12/2020,880.333333,3.4933333333332786,34.88,23.44,41.04,75.42000000000002,9.166666666666666,19.7
56f79406af9de994603912c9f3a883d19502cdcd26840529370b7eb3f0044fee,14/01/2021,2060.333333,3.1066666666665395,33.053333333333335,21.613333333333333,45.88666666666667,88.61999999999999,8.066666666666666,21.08
56f79406af9de994603912c9f3a883d19502cdcd26840529370b7eb3f0044fee,29/01/2021,1796.666667,0.5199999999999515,37.42666666666667,23.24,27.380000000000003,61.42,10.593333333333335,25.600000000000005
56f79406af9de994603912c9f3a883d19502cdcd26840529370b7eb3f0044fee,13/02/2021,1612.666667,1.206666667,37.14666666666667,24.006666666666668,34.53333333333333,72.76666666666667,9.18,21.846666666666668
56f79406af9de994603912c9f3a883d19502cdcd26840529370b7eb3f0044fee,28/02/2021,1609.333333,2.0066666666665696,36.333333333333336,22.266666666666666,33.74666666666667,74.66000000000001,9.06,21.826666666666668
56f79406af9de994603912c9f3a883d19502cdcd26840529370b7eb3f0044fee,15/03/2021,1736.333333,1.0533333333332544,35.32000000000001,21.453333333333337,33.43333333333333,70.91333333333334,8.16,22.146666666666665
56f79406af9de994603912c9f3a883d19502cdcd26840529370b7eb3f0044fee,30/03/2021,1884.333333,2.959999999999915,31.673333333333336,19.806666666666665,42.193333333333335,82.74666666666668,6.74,18.08
56f79406af9de994603912c9f3a883d19502cdcd26840529370b7eb3f0044fee,14/04/2021,1744.666667,3.2599999999999456,30.366666666666667,16.46,36.42,81.83333333333333,5.966666666666667,19.146666666666665
56f79406af9de994603912c9f3a883d19502cdcd26840529370b7eb3f0044fee,29/04/2021,1768.666667,0.006666667,29.24666666666667,13.6,27.96,72.8,5.886666666666668,17.69333333333333
56f79406af9de994603912c9f3a883d19502cdcd26840529370b7eb3f0044fee,14/05/2021,1371.666667,0.2,28.093333333333337,12.06,31.60666666666667,84.61333333333333,4.806666666666668,17.113333333333333
56f79406af9de994603912c9f3a883d19502cdcd26840529370b7eb3f0044fee,29/05/2021,1222.666667,0,25.040000000000003,9.14,27.660000000000004,74.71333333333334,4.400000000000001,15.78
56f79406af9de994603912c9f3a883d19502cdcd26840529370b7eb3f0044fee,13/06/2021,1172.333333,0.133333333,23.226666666666667,6.6000000000000005,32,86.71333333333334,3.533333333333333,13.706666666666669
56f79406af9de994603912c9f3a883d19502cdcd26840529370b7eb3f0044fee,28/06/2021,1218,1.126666666666612,21.953333333333333,7.526666666666667,38.766666666666666,89.08,3.193333333333334,11.686666666666667
56f79406af9de994603912c9f3a883d19502cdcd26840529370b7eb3f0044fee,13/07/2021,1330.666667,1.4133333333332605,21.473333333333336,7.2,40.766666666666666,94.76,3.106666666666667,14.046666666666663
56f79406af9de994603912c9f3a883d19502cdcd26840529370b7eb3f0044fee,28/07/2021,1363.333333,0,23.75333333333333,5.753333333333333,29.453333333333333,88.33333333333334,3.62,15.613333333333337
56f79406af9de994603912c9f3a883d19502cdcd26840529370b7eb3f0044fee,12/08/2021,1611,0.046666667,26.03333333333334,9.433333333333334,29.86666666666667,83.58666666666666,4.446666666666667,17.006666666666668
56f79406af9de994603912c9f3a883d19502cdcd26840529370b7eb3f0044fee,27/08/2021,1552.666667,0.6866666666666484,26.133333333333333,9.766666666666667,26.146666666666665,72.96000000000001,4.813333333333334,19.1
56f79406af9de994603912c9f3a883d19502cdcd26840529370b7eb3f0044fee,11/09/2021,1158,0,28.34,11.36,26.64,71.70666666666668,6.02,19.780000000000005
56f79406af9de994603912c9f3a883d19502cdcd26840529370b7eb3f0044fee,26/09/2021,928,0.033333333,30.120000000000005,12.46,18.866666666666667,55.91333333333333,7.286666666666667,23.3
56f79406af9de994603912c9f3a883d19502cdcd26840529370b7eb3f0044fee,11/10/2021,791.333333,0.566666667,32.40666666666667,16.293333333333333,27.05333333333333,63.85333333333334,8.040000000000001,21.86666666666667
56f79406af9de994603912c9f3a883d19502cdcd26840529370b7eb3f0044fee,26/10/2021,577.333333,0.2999999999999697,34.74,15.673333333333336,19.60666666666667,58.54,9.353333333333332,24.266666666666666
56f79406af9de994603912c9f3a883d19502cdcd26840529370b7eb3f0044fee,10/11/2021,506.666667,4.886666666666527,33.873333333333335,21.486666666666668,37.260000000000005,75.74000000000001,8.386666666666667,21.686666666666667
56f79406af9de994603912c9f3a883d19502cdcd26840529370b7eb3f0044fee,25/11/2021,1600,5.793333333333249,30.113333333333333,17.553333333333335,36.88666666666667,74.62666666666668,8.1,24.10666666666667
56f79406af9de994603912c9f3a883d19502cdcd26840529370b7eb3f0044fee,10/12/2021,2087.666667,5.519999999999952,32.74666666666667,19.71333333333333,40.49333333333334,84.24666666666667,8.866666666666667,24.113333333333337
56f79406af9de994603912c9f3a883d19502cdcd26840529370b7eb3f0044fee,25/12/2021,1888.333333,0.7266666666666121,36.88666666666666,21.093333333333337,29.78666666666667,73.94,10.78,27.6
56f79406af9de994603912c9f3a883d19502cdcd26840529370b7eb3f0044fee,9/01/2022,1859.666667,1.5733333333332666,38.653333333333336,21.966666666666665,27.35333333333333,69.36,11.246666666666668,26.526666666666667
56f79406af9de994603912c9f3a883d19502cdcd26840529370b7eb3f0044fee,24/01/2022,1727.666667,2.0933333333332182,38.07333333333334,24.7,32.24666666666667,67.32666666666667,10.173333333333334,21.660000000000004
56f79406af9de994603912c9f3a883d19502cdcd26840529370b7eb3f0044fee,8/02/2022,1694,5.593333333333218,33.14,21.38,43.8,84.26,7.64,20.16666666666667
56f79406af9de994603912c9f3a883d19502cdcd26840529370b7eb3f0044fee,23/02/2022,1777.333333,1.0133333333332908,36.806666666666665,21.613333333333337,31.18,74.94000000000001,9.36,25.75333333333333
56f79406af9de994603912c9f3a883d19502cdcd26840529370b7eb3f0044fee,10/03/2022,1779.333333,0,37.74666666666667,20.946666666666665,25.633333333333333,67.00000000000001,9.646666666666668,23.30666666666667
56f79406af9de994603912c9f3a883d19502cdcd26840529370b7eb3f0044fee,25/03/2022,1484.666667,0.933333333,35.693333333333335,20.633333333333336,30.56,72.88666666666668,8.360000000000001,22.84
56f79406af9de994603912c9f3a883d19502cdcd26840529370b7eb3f0044fee,9/04/2022,1290,2.239999999999903,32.6,18.42,37.48666666666667,85.06,6.48,19.92
56f79406af9de994603912c9f3a883d19502cdcd26840529370b7eb3f0044fee,24/04/2022,1358.333333,0.1733333333333272,31.65333333333333,17.560000000000002,34.053333333333335,77.3,6.08,17.88
56f79406af9de994603912c9f3a883d19502cdcd26840529370b7eb3f0044fee,9/05/2022,1897.333333,9.139999999999931,26.04666666666667,16.633333333333336,51.56000000000001,89.52666666666667,3.966666666666667,11.88
56f79406af9de994603912c9f3a883d19502cdcd26840529370b7eb3f0044fee,24/05/2022,3187.666667,4.9466666666665935,24.71333333333333,15.273333333333332,56.82666666666668,96.38,3.4266666666666667,11.613333333333337
56f79406af9de994603912c9f3a883d19502cdcd26840529370b7eb3f0044fee,8/06/2022,3779.666667,0.2533333333332848,22.24666666666667,9.853333333333332,46.32666666666667,93.58666666666666,3.22,11.626666666666669
56f79406af9de994603912c9f3a883d19502cdcd26840529370b7eb3f0044fee,23/06/2022,3734.333333,0,21.813333333333333,5.006666666666666,36.54666666666667,97.08,3.226666666666667,14.32666666666667
56f79406af9de994603912c9f3a883d19502cdcd26840529370b7eb3f0044fee,8/07/2022,3486.333333,1.7599999999999454,19.36666666666667,7.066666666666667,51.29333333333334,98.26,2.7,11.353333333333332
56f79406af9de994603912c9f3a883d19502cdcd26840529370b7eb3f0044fee,23/07/2022,3309.333333,1.2733333333333272,20.646666666666665,3.9533333333333336,39.03333333333333,99.43333333333334,3.12,15.693333333333332
56f79406af9de994603912c9f3a883d19502cdcd26840529370b7eb3f0044fee,7/08/2022,3305.333333,0.2933333333333091,23.813333333333336,9.36,41.64,97.1,3.58,15.206666666666669
56f79406af9de994603912c9f3a883d19502cdcd26840529370b7eb3f0044fee,22/08/2022,3371.666667,0.02,23.33333333333333,5.566666666666666,30.793333333333337,92.42666666666668,4.26,17.813333333333333
56f79406af9de994603912c9f3a883d19502cdcd26840529370b7eb3f0044fee,6/09/2022,3363.666667,4.186666666666588,23.30666666666667,10.306666666666668,42.35333333333334,88.85333333333332,4.213333333333334,17.453333333333333
56f79406af9de994603912c9f3a883d19502cdcd26840529370b7eb3f0044fee,21/09/2022,3195,3.4733333333332665,26.53333333333333,12.213333333333331,37.080000000000005,86.10000000000001,5.58,19.133333333333333
56f79406af9de994603912c9f3a883d19502cdcd26840529370b7eb3f0044fee,6/10/2022,3126.666667,0.933333333,28.14666666666667,13.406666666666668,36.59333333333334,87.78,6.260000000000001,20.566666666666663
56f79406af9de994603912c9f3a883d19502cdcd26840529370b7eb3f0044fee,21/10/2022,2975.333333,3.899999999999909,29.18,16.68,44.88,91.48666666666666,6.486666666666667,19.433333333333337
56f79406af9de994603912c9f3a883d19502cdcd26840529370b7eb3f0044fee,5/11/2022,2790.333333,0.6399999999999636,31.480000000000004,15.506666666666666,27.65333333333333,70.84666666666666,8.533333333333333,24.92666666666667
56f79406af9de994603912c9f3a883d19502cdcd26840529370b7eb3f0044fee,20/11/2022,2200.333333,0.3133333333333212,32.9,17.893333333333334,29.53333333333334,71.03333333333333,8.853333333333333,22.87333333333333
56f79406af9de994603912c9f3a883d19502cdcd26840529370b7eb3f0044fee,5/12/2022,1685,0.6266666666665212,33.25333333333334,18.65333333333333,27.186666666666667,63.90666666666667,9.080000000000002,22.64666666666667
56f79406af9de994603912c9f3a883d19502cdcd26840529370b7eb3f0044fee,20/12/2022,785,1.5199999999999212,35.79333333333333,20.346666666666668,25.80666666666667,60.80666666666668,10.666666666666666,26.466666666666665
56f79406af9de994603912c9f3a883d19502cdcd26840529370b7eb3f0044fee,4/01/2023,757.333333,1.8933333333332485,34.59333333333334,21.74,36.21333333333334,73.40000000000002,9.506666666666668,21.166666666666668
56f79406af9de994603912c9f3a883d19502cdcd26840529370b7eb3f0044fee,19/01/2023,943.333333,6.599999999999879,31.753333333333337,21.026666666666667,50.18,88.49333333333333,7.246666666666668,19.89333333333333
56f79406af9de994603912c9f3a883d19502cdcd26840529370b7eb3f0044fee,3/02/2023,1363.666667,0.9666666666665454,34.9,22.966666666666665,42.77333333333333,85.15333333333335,8.593333333333334,26.733333333333334
56f79406af9de994603912c9f3a883d19502cdcd26840529370b7eb3f0044fee,18/02/2023,2125.666667,2.6066666666666305,34.74666666666667,20.58,35.11333333333334,75.02666666666667,8.54,23.366666666666667
56f79406af9de994603912c9f3a883d19502cdcd26840529370b7eb3f0044fee,5/03/2023,2631.666667,0.2399999999999636,36.06,21.413333333333338,31.6,74.00666666666666,8.806666666666667,23.466666666666665
56f79406af9de994603912c9f3a883d19502cdcd26840529370b7eb3f0044fee,20/03/2023,2748.666667,5.999999999999909,32.75333333333334,20.466666666666672,49.2,93.23333333333336,6.533333333333333,19.026666666666667
56f79406af9de994603912c9f3a883d19502cdcd26840529370b7eb3f0044fee,4/04/2023,2687.333333,0.006666667,33.27333333333333,18.9,34.85333333333334,81.14,7.186666666666667,20.953333333333333
56f79406af9de994603912c9f3a883d19502cdcd26840529370b7eb3f0044fee,19/04/2023,2562.666667,0.093333333,32.473333333333336,14.126666666666669,27.90666666666667,79.48666666666668,6.446666666666667,18.133333333333336
56f79406af9de994603912c9f3a883d19502cdcd26840529370b7eb3f0044fee,4/05/2023,2676.333333,0.193333333,29.026666666666664,13.053333333333336,33.63333333333333,86.7,5.286666666666666,16.6
56f79406af9de994603912c9f3a883d19502cdcd26840529370b7eb3f0044fee,19/05/2023,2910,0,25.94666666666667,8.566666666666666,28.68,84.01333333333334,4.513333333333334,16.34
56f79406af9de994603912c9f3a883d19502cdcd26840529370b7eb3f0044fee,3/06/2023,2679.333333,0,24.83333333333333,4.906666666666667,23.966666666666672,84.72,4.306666666666668,15.606666666666667
56f79406af9de994603912c9f3a883d19502cdcd26840529370b7eb3f0044fee,18/06/2023,2538.333333,0.2066666666666606,26.23333333333333,10.32,33.38,88.26,3.646666666666667,14.453333333333337
56f79406af9de994603912c9f3a883d19502cdcd26840529370b7eb3f0044fee,3/07/2023,1983,0.393333333,24.52,10.646666666666668,33.559999999999995,71.65333333333334,3.64,12.88
56f79406af9de994603912c9f3a883d19502cdcd26840529370b7eb3f0044fee,18/07/2023,1148.666667,2.4066666666666303,22.99333333333333,7.753333333333334,40.28,95.49333333333334,3.246666666666667,14.493333333333334
56f79406af9de994603912c9f3a883d19502cdcd26840529370b7eb3f0044fee,2/08/2023,869.666667,0.133333333,24.980000000000004,9.086666666666668,32.54,86.54666666666667,3.786666666666667,16.220000000000002
56f79406af9de994603912c9f3a883d19502cdcd26840529370b7eb3f0044fee,17/08/2023,855.333333,0,27.773333333333333,8.733333333333333,25.90666666666667,83.49333333333334,5,18.166666666666668
56f79406af9de994603912c9f3a883d19502cdcd26840529370b7eb3f0044fee,1/09/2023,834.666667,0,28.226666666666667,9.14,23.28666666666667,75.22000000000001,5.320000000000001,19.38
56f79406af9de994603912c9f3a883d19502cdcd26840529370b7eb3f0044fee,16/09/2023,799.333333,0,30.25333333333333,11.353333333333332,19.160000000000004,63.373333333333335,7.140000000000001,21.39333333333333
56f79406af9de994603912c9f3a883d19502cdcd26840529370b7eb3f0044fee,1/10/2023,1255.333333,0,32.526666666666664,14.7,23.706666666666667,70.11333333333333,7.633333333333334,23.19333333333333
56f79406af9de994603912c9f3a883d19502cdcd26840529370b7eb3f0044fee,16/10/2023,1601.333333,0.006666667,32.806666666666665,15.773333333333335,21.68,58.433333333333344,8.713333333333335,24.87333333333333
56f79406af9de994603912c9f3a883d19502cdcd26840529370b7eb3f0044fee,31/10/2023,1293,0.033333333,35.14666666666667,17.253333333333334,18.14,51.92,9.82,26.980000000000004
56f79406af9de994603912c9f3a883d19502cdcd26840529370b7eb3f0044fee,15/11/2023,944.666667,1.3599999999999757,36.45333333333334,20.62666666666667,26.26,63.620000000000005,10.393333333333334,28.14
56f79406af9de994603912c9f3a883d19502cdcd26840529370b7eb3f0044fee,30/11/2023,1169.333333,4.539999999999903,32.66,21.22666666666667,41.68666666666668,77.79333333333334,7.866666666666668,20.82
56f79406af9de994603912c9f3a883d19502cdcd26840529370b7eb3f0044fee,15/12/2023,2113.666667,0.1999999999999696,37.266666666666666,21.75333333333333,30.100000000000005,73.74000000000001,10.9,29.49333333333333
56f79406af9de994603912c9f3a883d19502cdcd26840529370b7eb3f0044fee,30/12/2023,1902,1.6933333333332483,38.053333333333335,21.113333333333333,29.19333333333333,72.68666666666668,11.013333333333334,27.833333333333336
56f79406af9de994603912c9f3a883d19502cdcd26840529370b7eb3f0044fee,14/01/2024,1985,4.479999999999866,37.120000000000005,23.253333333333337,37.75333333333334,82.15333333333335,9.46,26.040000000000003
56f79406af9de994603912c9f3a883d19502cdcd26840529370b7eb3f0044fee,29/01/2024,1979,2.546666666666594,38.03333333333333,25.85333333333334,39.44666666666667,77.50666666666667,9.580000000000002,25.473333333333336
56f79406af9de994603912c9f3a883d19502cdcd26840529370b7eb3f0044fee,13/02/2024,2296.333333,4.526666666666612,37.12,23.926666666666662,38.72666666666667,81.44666666666667,8.92,24.5
56f79406af9de994603912c9f3a883d19502cdcd26840529370b7eb3f0044fee,28/02/2024,2292.333333,2.6266666666665817,33.8,22.333333333333336,47.57333333333334,91.83333333333331,7.280000000000001,22.54666666666667
56f79406af9de994603912c9f3a883d19502cdcd26840529370b7eb3f0044fee,14/03/2024,2209,0,35.95333333333334,21.040000000000003,33.36666666666667,79.01333333333334,8.5,24.633333333333333
56f79406af9de994603912c9f3a883d19502cdcd26840529370b7eb3f0044fee,29/03/2024,2374,4.339999999999933,33.39333333333334,22.58666666666667,46.06,82.18666666666668,6.713333333333334,17.486666666666668
56f79406af9de994603912c9f3a883d19502cdcd26840529370b7eb3f0044fee,13/04/2024,2991.333333,3.8066666666666302,29.233333333333334,16.346666666666668,43.84,91.20666666666666,5.52,19.35333333333333
56f79406af9de994603912c9f3a883d19502cdcd26840529370b7eb3f0044fee,28/04/2024,3086.666667,0.006666667,29.246666666666663,14.333333333333336,35.9,88.07333333333334,5.620000000000001,19.166666666666668
56f79406af9de994603912c9f3a883d19502cdcd26840529370b7eb3f0044fee,13/05/2024,3088,0.3999999999999696,28.613333333333337,14.273333333333332,40.16666666666666,94.75333333333332,4.5600000000000005,16.686666666666667
56f79406af9de994603912c9f3a883d19502cdcd26840529370b7eb3f0044fee,28/05/2024,3351.333333,0,26.293333333333337,9.426666667,32.480000000000004,92.80666666666669,4.326666666666667,15.553333333333336
56f79406af9de994603912c9f3a883d19502cdcd26840529370b7eb3f0044fee,12/06/2024,3374.333333,0.5599999999999757,23.166666666666668,6.640000000000001,39.22666666666667,97.49333333333334,3.3466666666666667,14.093333333333334
56f79406af9de994603912c9f3a883d19502cdcd26840529370b7eb3f0044fee,27/06/2024,3426.333333,0.026666667,23.8,5.5600000000000005,30.5,90.96,3.48,13.766666666666667
56f79406af9de994603912c9f3a883d19502cdcd26840529370b7eb3f0044fee,12/07/2024,2832.666667,0.466666667,24.46,10.166666666666668,44.93333333333333,97.99333333333334,3.1733333333333333,13.433333333333334
56f79406af9de994603912c9f3a883d19502cdcd26840529370b7eb3f0044fee,27/07/2024,1049,0.046666667,22.006666666666668,4.306666666666668,31.94666666666667,93.87333333333336,3.3800000000000003,15.22
56f79406af9de994603912c9f3a883d19502cdcd26840529370b7eb3f0044fee,11/08/2024,894.666667,0.5133333333332909,24.293333333333337,6.753333333333333,31.28,86.30666666666666,4.0600000000000005,16.400000000000002
56f79406af9de994603912c9f3a883d19502cdcd26840529370b7eb3f0044fee,26/08/2024,907,1.1999999999999698,29.69333333333333,11.186666666666667,31.85333333333333,90.51333333333334,5.113333333333333,18.83333333333333
56f79406af9de994603912c9f3a883d19502cdcd26840529370b7eb3f0044fee,10/09/2024,883.333333,0,32.766666666666666,13.433333333333334,24.01333333333333,77.10666666666667,6.953333333333334,21.07333333333333
56f79406af9de994603912c9f3a883d19502cdcd26840529370b7eb3f0044fee,25/09/2024,882.333333,0,30.280000000000005,12.433333333333335,19.273333333333333,55.81333333333334,7.266666666666667,22.613333333333337
56f79406af9de994603912c9f3a883d19502cdcd26840529370b7eb3f0044fee,10/10/2024,873.333333,1.733333333333303,32.81333333333334,15.54,25.49333333333333,69.8,8.106666666666667,23.486666666666668
56f79406af9de994603912c9f3a883d19502cdcd26840529370b7eb3f0044fee,25/10/2024,886.666667,0,35.626666666666665,19.773333333333333,25.226666666666667,63.69333333333334,9.346666666666668,25.480000000000004
56f79406af9de994603912c9f3a883d19502cdcd26840529370b7eb3f0044fee,9/11/2024,875,1.0933333333332789,38.06000000000001,20.78666666666667,20.57333333333333,54.81333333333334,10.953333333333337,27.4
56f79406af9de994603912c9f3a883d19502cdcd26840529370b7eb3f0044fee,24/11/2024,858.666667,3.9666666666665455,34.919999999999995,22.03333333333333,36.91333333333333,76.08,8.866666666666667,23.53333333333333
56f79406af9de994603912c9f3a883d19502cdcd26840529370b7eb3f0044fee,9/12/2024,929.333333,2.9933333333332786,34.720000000000006,23.1,42.126666666666665,80.20666666666666,9.073333333333334,25.380000000000003
56f79406af9de994603912c9f3a883d19502cdcd26840529370b7eb3f0044fee,24/12/2024,1225,0.4866666666666182,37.053333333333335,22.466666666666665,33.10666666666666,74.72666666666667,10.433333333333335,27.07333333333333
5c4c28a9b5e43c10c32f7e2d905672fe9f9225b6ff9c22d3f228de17dfec4008,4/02/2017,1546,0.9133333333332606,37.88666666666667,24.540000000000003,35.75333333333334,75.6,10.026666666666667,24.76666666666667
5c4c28a9b5e43c10c32f7e2d905672fe9f9225b6ff9c22d3f228de17dfec4008,19/02/2017,1214,0.2066666666666302,39.36,24.24666666666667,27.766666666666666,64.36666666666666,10.646666666666668,25.226666666666667
5c4c28a9b5e43c10c32f7e2d905672fe9f9225b6ff9c22d3f228de17dfec4008,6/03/2017,1102.666667,0.9799999999999272,35.86666666666667,20.546666666666667,31.026666666666667,75.55333333333334,8.706666666666667,21.466666666666672
5c4c28a9b5e43c10c32f7e2d905672fe9f9225b6ff9c22d3f228de17dfec4008,21/03/2017,1028.666667,0.3799999999999575,36.373333333333335,20.19333333333333,29.52,72.73333333333333,8.466666666666667,20.886666666666667
5c4c28a9b5e43c10c32f7e2d905672fe9f9225b6ff9c22d3f228de17dfec4008,5/04/2017,1275,0.026666667,33.88666666666667,18.466666666666665,32.63333333333333,79.44666666666667,7.266666666666667,19.39333333333333
5c4c28a9b5e43c10c32f7e2d905672fe9f9225b6ff9c22d3f228de17dfec4008,20/04/2017,1139.666667,0,31.280000000000005,13.726666666666668,26.85333333333333,77.42666666666668,6.38,20.24
5c4c28a9b5e43c10c32f7e2d905672fe9f9225b6ff9c22d3f228de17dfec4008,5/05/2017,932.666667,0.04,28.78666666666667,13.9,32.1,79.64666666666668,5.306666666666668,16.233333333333334
5c4c28a9b5e43c10c32f7e2d905672fe9f9225b6ff9c22d3f228de17dfec4008,20/05/2017,654,0.3466666666666242,27.08,11.406666666666666,34.88666666666666,87.1,4.366666666666666,14.42
5c4c28a9b5e43c10c32f7e2d905672fe9f9225b6ff9c22d3f228de17dfec4008,4/06/2017,683,0,26.4,8.813333333333334,27.90666666666667,82.32666666666667,4.3133333333333335,15.48
5c4c28a9b5e43c10c32f7e2d905672fe9f9225b6ff9c22d3f228de17dfec4008,19/06/2017,1014.333333,0,23.53333333333333,5.626666666666666,30.433333333333334,92.37333333333332,3.426666666666667,14.9
5c4c28a9b5e43c10c32f7e2d905672fe9f9225b6ff9c22d3f228de17dfec4008,4/07/2017,1124.666667,0.2933333333333091,24.96,8.413333333333334,33.32666666666667,89.77333333333334,3.48,13.32
5c4c28a9b5e43c10c32f7e2d905672fe9f9225b6ff9c22d3f228de17dfec4008,19/07/2017,1095.333333,1.0266666666665818,24.526666666666667,9.946666666666667,38.2,89.48666666666666,3.333333333333333,13.193333333333332
5c4c28a9b5e43c10c32f7e2d905672fe9f9225b6ff9c22d3f228de17dfec4008,3/08/2017,1030,0,26.266666666666666,6.6466666666666665,22.53333333333334,76.56,4.220000000000001,17.21333333333333
5c4c28a9b5e43c10c32f7e2d905672fe9f9225b6ff9c22d3f228de17dfec4008,18/08/2017,1021,0,27.82,6.113333333333334,17.773333333333333,69.25333333333334,5.353333333333334,19.26
5c4c28a9b5e43c10c32f7e2d905672fe9f9225b6ff9c22d3f228de17dfec4008,2/09/2017,1015.333333,0,25.76,5.913333333333333,15.460000000000004,54.86000000000001,5.3933333333333335,21.06
5c4c28a9b5e43c10c32f7e2d905672fe9f9225b6ff9c22d3f228de17dfec4008,17/09/2017,1006,0,28.026666666666667,8.24,16.226666666666667,56.82666666666668,6.726666666666668,22.58
5c4c28a9b5e43c10c32f7e2d905672fe9f9225b6ff9c22d3f228de17dfec4008,2/10/2017,989,0.053333333,34.53333333333333,15.660000000000002,18.76,55.18,8.853333333333333,21.826666666666668
5c4c28a9b5e43c10c32f7e2d905672fe9f9225b6ff9c22d3f228de17dfec4008,17/10/2017,1014.666667,2.039999999999903,33.9,19.746666666666663,34.67333333333333,77.88666666666667,7.833333333333334,20.76
5c4c28a9b5e43c10c32f7e2d905672fe9f9225b6ff9c22d3f228de17dfec4008,1/11/2017,1005.333333,1.673333333333206,32.13333333333334,16.82,30.78666666666667,73.83333333333334,7.986666666666666,22.933333333333337
5c4c28a9b5e43c10c32f7e2d905672fe9f9225b6ff9c22d3f228de17dfec4008,16/11/2017,976.333333,0.2933333333332787,33.34,18.21333333333333,26.66,63.98,9.36,24.32
5c4c28a9b5e43c10c32f7e2d905672fe9f9225b6ff9c22d3f228de17dfec4008,1/12/2017,1024,0.566666667,34.06666666666667,20.486666666666668,32.153333333333336,71.24000000000001,9.093333333333334,22.986666666666668
5c4c28a9b5e43c10c32f7e2d905672fe9f9225b6ff9c22d3f228de17dfec4008,16/12/2017,983,0.633333333,36.11333333333334,20.2,23.46,57.54666666666667,11.153333333333334,27.34666666666667
5c4c28a9b5e43c10c32f7e2d905672fe9f9225b6ff9c22d3f228de17dfec4008,31/12/2017,889.666667,0.4266666666665817,39.86000000000001,25.113333333333337,24.293333333333337,56.06666666666668,11.946666666666667,26.35333333333333
5c4c28a9b5e43c10c32f7e2d905672fe9f9225b6ff9c22d3f228de17dfec4008,15/01/2018,830.333333,0.1,39.32,24.746666666666663,23.12666666666667,52.54666666666667,11.7,26.14
5c4c28a9b5e43c10c32f7e2d905672fe9f9225b6ff9c22d3f228de17dfec4008,30/01/2018,788.333333,0.4266666666666424,38.35333333333334,24.486666666666668,25.593333333333337,56.49333333333333,10.926666666666668,23.913333333333338
5c4c28a9b5e43c10c32f7e2d905672fe9f9225b6ff9c22d3f228de17dfec4008,14/02/2018,675.666667,1.4066666666666603,37.61333333333333,22.22,26.33333333333333,60.52,10.42,23.6
5c4c28a9b5e43c10c32f7e2d905672fe9f9225b6ff9c22d3f228de17dfec4008,1/03/2018,656.666667,0.3999999999999696,38.13333333333334,23.37333333333333,31.44666666666667,71.39333333333335,9.793333333333331,22.266666666666666
5c4c28a9b5e43c10c32f7e2d905672fe9f9225b6ff9c22d3f228de17dfec4008,16/03/2018,657,7.073333333333267,30.88666666666667,20.03333333333334,47.67333333333333,86.35333333333334,6.193333333333333,16.76
5c4c28a9b5e43c10c32f7e2d905672fe9f9225b6ff9c22d3f228de17dfec4008,31/03/2018,1680,2.1733333333332667,33.67333333333333,19.64,38.46000000000001,86.65333333333334,7.453333333333334,20.28
5c4c28a9b5e43c10c32f7e2d905672fe9f9225b6ff9c22d3f228de17dfec4008,15/04/2018,1984.333333,0.04,32.32666666666667,18.166666666666668,35.720000000000006,82.16666666666667,6.3,18.75333333333333
5c4c28a9b5e43c10c32f7e2d905672fe9f9225b6ff9c22d3f228de17dfec4008,30/04/2018,1627.666667,0,30.62,13.866666666666667,29.420000000000005,80.38000000000001,6.013333333333334,18.65333333333333
5c4c28a9b5e43c10c32f7e2d905672fe9f9225b6ff9c22d3f228de17dfec4008,15/05/2018,1294.666667,0,27.05333333333333,10.406666666666666,29.040000000000006,82.01333333333334,4.613333333333334,16.586666666666666
5c4c28a9b5e43c10c32f7e2d905672fe9f9225b6ff9c22d3f228de17dfec4008,30/05/2018,1284.333333,0,25.22,8.5,27.94,79.96666666666667,4.286666666666666,15.446666666666664
5c4c28a9b5e43c10c32f7e2d905672fe9f9225b6ff9c22d3f228de17dfec4008,14/06/2018,1412.333333,0.006666667,23.35333333333334,6.4,28.566666666666663,82.79333333333334,3.4733333333333336,14.413333333333334
5c4c28a9b5e43c10c32f7e2d905672fe9f9225b6ff9c22d3f228de17dfec4008,29/06/2018,1508.333333,0.006666667,21.966666666666672,5.486666666666667,32.086666666666666,88.01333333333334,3.2133333333333334,13.140000000000002
5c4c28a9b5e43c10c32f7e2d905672fe9f9225b6ff9c22d3f228de17dfec4008,14/07/2018,1176.666667,0.04,22.73333333333333,5.986666666666666,32.373333333333335,89.56,3.333333333333334,14.673333333333334
5c4c28a9b5e43c10c32f7e2d905672fe9f9225b6ff9c22d3f228de17dfec4008,29/07/2018,859,0.033333333,24.83333333333333,5.186666666666667,22.253333333333337,74.03999999999999,3.8666666666666663,16.14
5c4c28a9b5e43c10c32f7e2d905672fe9f9225b6ff9c22d3f228de17dfec4008,13/08/2018,777.333333,0,24.39333333333333,5.42,21.513333333333332,71.56666666666666,4.540000000000001,18.146666666666665
5c4c28a9b5e43c10c32f7e2d905672fe9f9225b6ff9c22d3f228de17dfec4008,28/08/2018,718.666667,0.013333333,25.04666666666667,4.193333333333334,19,67.68666666666667,4.8933333333333335,20.660000000000004
5c4c28a9b5e43c10c32f7e2d905672fe9f9225b6ff9c22d3f228de17dfec4008,12/09/2018,695.333333,0,27.973333333333336,10.12,21.49333333333333,63.406666666666666,6.253333333333333,20.96
5c4c28a9b5e43c10c32f7e2d905672fe9f9225b6ff9c22d3f228de17dfec4008,27/09/2018,763,0,29.73333333333333,12.053333333333336,20.360000000000003,60.64666666666667,7.0600000000000005,23.493333333333336
5c4c28a9b5e43c10c32f7e2d905672fe9f9225b6ff9c22d3f228de17dfec4008,12/10/2018,749.333333,0,32.62666666666667,16.173333333333332,23.933333333333334,64.18666666666667,8.246666666666666,22.68
5c4c28a9b5e43c10c32f7e2d905672fe9f9225b6ff9c22d3f228de17dfec4008,27/10/2018,603.333333,2.179999999999897,35.74,19.64666666666667,28.22,71.46000000000001,9.106666666666667,23.89333333333333
5c4c28a9b5e43c10c32f7e2d905672fe9f9225b6ff9c22d3f228de17dfec4008,11/11/2018,686.333333,0.08,36.18,20.993333333333336,23.53333333333334,56.32000000000001,10.32,25.44
5c4c28a9b5e43c10c32f7e2d905672fe9f9225b6ff9c22d3f228de17dfec4008,26/11/2018,693,0.7133333333332909,34.76,20,26.28666666666667,56.873333333333335,9.84,25.22
5c4c28a9b5e43c10c32f7e2d905672fe9f9225b6ff9c22d3f228de17dfec4008,11/12/2018,607.666667,0,36.68,20.6,20.2,49.48,11.42,27.40666666666667
5c4c28a9b5e43c10c32f7e2d905672fe9f9225b6ff9c22d3f228de17dfec4008,26/12/2018,598,1.2466666666666242,37.82000000000001,22.993333333333336,23.76,53.8,11.66,24.586666666666662
5c4c28a9b5e43c10c32f7e2d905672fe9f9225b6ff9c22d3f228de17dfec4008,10/01/2019,607,0.2866666666666485,38.14,24.62,25.280000000000005,54.540000000000006,11.373333333333337,25.9
5c4c28a9b5e43c10c32f7e2d905672fe9f9225b6ff9c22d3f228de17dfec4008,25/01/2019,555,0.026666667,39.64,24.89333333333333,24.466666666666665,56.39333333333334,11.78,26.71333333333333
5c4c28a9b5e43c10c32f7e2d905672fe9f9225b6ff9c22d3f228de17dfec4008,9/02/2019,451,0.7533333333332545,34.50666666666667,23.71333333333333,36.24666666666667,66.42,8.280000000000001,16.533333333333335
5c4c28a9b5e43c10c32f7e2d905672fe9f9225b6ff9c22d3f228de17dfec4008,24/02/2019,571.333333,0.2733333333332666,38.53333333333333,21.52,18.96,48.4,11.24,26.953333333333333
5c4c28a9b5e43c10c32f7e2d905672fe9f9225b6ff9c22d3f228de17dfec4008,11/03/2019,608.333333,0.006666667,36.406666666666666,22.89333333333333,28.646666666666665,62.31333333333334,9.080000000000002,20.62
5c4c28a9b5e43c10c32f7e2d905672fe9f9225b6ff9c22d3f228de17dfec4008,26/03/2019,646.333333,7.306666667,36.44666666666667,23.100000000000005,34.5,70.86,8.233333333333334,20.173333333333336
5c4c28a9b5e43c10c32f7e2d905672fe9f9225b6ff9c22d3f228de17dfec4008,10/04/2019,715.333333,9.046666666666594,28.53333333333333,17.273333333333333,44.013333333333335,82.54,5.526666666666667,18.36
5c4c28a9b5e43c10c32f7e2d905672fe9f9225b6ff9c22d3f228de17dfec4008,25/04/2019,1788.666667,0.006666667,28.30666666666667,16.073333333333334,41.95333333333334,85.45333333333335,5.213333333333334,16.580000000000002
5c4c28a9b5e43c10c32f7e2d905672fe9f9225b6ff9c22d3f228de17dfec4008,10/05/2019,2078,0.733333333,24.866666666666667,12.660000000000002,45.56666666666667,91.29333333333332,4.08,15.286666666666669
5c4c28a9b5e43c10c32f7e2d905672fe9f9225b6ff9c22d3f228de17dfec4008,25/05/2019,2481.666667,0,25.706666666666667,10.933333333333334,39.59333333333334,95.96,4.006666666666667,14.313333333333334
5c4c28a9b5e43c10c32f7e2d905672fe9f9225b6ff9c22d3f228de17dfec4008,9/06/2019,2425.666667,0.006666667,20.613333333333337,5.3133333333333335,35.306666666666665,90.57333333333334,3.3000000000000003,12.486666666666668
5c4c28a9b5e43c10c32f7e2d905672fe9f9225b6ff9c22d3f228de17dfec4008,24/06/2019,2069,0,22.39333333333333,5.673333333333334,32.440000000000005,89.83333333333333,3.253333333333333,14.593333333333334
5c4c28a9b5e43c10c32f7e2d905672fe9f9225b6ff9c22d3f228de17dfec4008,9/07/2019,1769.666667,0.1666666666666363,23.346666666666668,9.8,41.22666666666667,90.45333333333332,3.140000000000001,11.186666666666667
5c4c28a9b5e43c10c32f7e2d905672fe9f9225b6ff9c22d3f228de17dfec4008,24/07/2019,1474.333333,0,22.71333333333333,4.24,30.08,92.02666666666669,3.4000000000000004,15.98
5c4c28a9b5e43c10c32f7e2d905672fe9f9225b6ff9c22d3f228de17dfec4008,8/08/2019,1295.666667,0.013333333,25.15333333333333,7.38,24.99333333333333,76.08,4.16,14.613333333333337
5c4c28a9b5e43c10c32f7e2d905672fe9f9225b6ff9c22d3f228de17dfec4008,23/08/2019,1127,0,23.586666666666662,5.24,23.633333333333336,77.52000000000001,4.5200000000000005,19.24666666666667
5c4c28a9b5e43c10c32f7e2d905672fe9f9225b6ff9c22d3f228de17dfec4008,7/09/2019,960.333333,0,28.2,8.74,18.60666666666667,58.10666666666668,6.1000000000000005,21.113333333333337
5c4c28a9b5e43c10c32f7e2d905672fe9f9225b6ff9c22d3f228de17dfec4008,22/09/2019,804.333333,0,28.926666666666662,8.586666666666668,17.1,58.67333333333333,7.013333333333334,23.26
5c4c28a9b5e43c10c32f7e2d905672fe9f9225b6ff9c22d3f228de17dfec4008,7/10/2019,781,0,32.21333333333333,15.76,21.71333333333333,58.53333333333333,8.026666666666667,22.513333333333332
5c4c28a9b5e43c10c32f7e2d905672fe9f9225b6ff9c22d3f228de17dfec4008,22/10/2019,788,0,34.04666666666667,15.153333333333334,13.786666666666669,41.27333333333333,9.626666666666669,25.133333333333333
5c4c28a9b5e43c10c32f7e2d905672fe9f9225b6ff9c22d3f228de17dfec4008,6/11/2019,764.333333,4.806666667,31.020000000000003,18.433333333333334,32.24,64.21333333333334,8.033333333333333,21.80666666666667
5c4c28a9b5e43c10c32f7e2d905672fe9f9225b6ff9c22d3f228de17dfec4008,21/11/2019,609.666667,0,35.32,16.253333333333334,15.753333333333334,48.28666666666667,11,29.62
5c4c28a9b5e43c10c32f7e2d905672fe9f9225b6ff9c22d3f228de17dfec4008,6/12/2019,551,0.4066666666666302,36.66,20.506666666666668,20.87333333333333,50.99333333333333,11.04,26.800000000000004
5c4c28a9b5e43c10c32f7e2d905672fe9f9225b6ff9c22d3f228de17dfec4008,21/12/2019,537,0,40.38666666666667,22.513333333333332,15.133333333333333,40.77333333333333,13.193333333333332,28.89333333333333
5c4c28a9b5e43c10c32f7e2d905672fe9f9225b6ff9c22d3f228de17dfec4008,5/01/2020,520.666667,0.02,40.04666666666667,24.94666666666667,22.013333333333332,51.4,12.42,27.506666666666668
5c4c28a9b5e43c10c32f7e2d905672fe9f9225b6ff9c22d3f228de17dfec4008,20/01/2020,454.333333,1.2399999999999334,38.16,24.32,27.973333333333336,62.06666666666667,10.68,25.133333333333333
5c4c28a9b5e43c10c32f7e2d905672fe9f9225b6ff9c22d3f228de17dfec4008,4/02/2020,586.666667,5.346666666666594,34.86666666666667,23.92,42.833333333333336,77.89333333333335,8.360000000000001,19.34
5c4c28a9b5e43c10c32f7e2d905672fe9f9225b6ff9c22d3f228de17dfec4008,19/02/2020,843.333333,2.479999999999897,36.88,22.89333333333333,36.333333333333336,80.49333333333334,9.2,24.48
5c4c28a9b5e43c10c32f7e2d905672fe9f9225b6ff9c22d3f228de17dfec4008,5/03/2020,1101,11.133333333333212,33.49333333333333,22.65333333333333,46.38666666666667,85.04,7.246666666666667,19.44
5c4c28a9b5e43c10c32f7e2d905672fe9f9225b6ff9c22d3f228de17dfec4008,20/03/2020,2296.333333,1.433333333333303,31.026666666666664,17.446666666666665,39.726666666666674,88.09333333333333,7.1866666666666665,21.92666666666667
5c4c28a9b5e43c10c32f7e2d905672fe9f9225b6ff9c22d3f228de17dfec4008,4/04/2020,2587.333333,0.4799999999999879,33.506666666666675,19.793333333333337,36.27333333333333,81.08,7.193333333333333,19.646666666666665
5c4c28a9b5e43c10c32f7e2d905672fe9f9225b6ff9c22d3f228de17dfec4008,19/04/2020,2423,0,31.286666666666665,15.573333333333334,29.433333333333337,75.32666666666665,6.266666666666668,19.58666666666667
5c4c28a9b5e43c10c32f7e2d905672fe9f9225b6ff9c22d3f228de17dfec4008,4/05/2020,1710.666667,0.006666667,29.040000000000003,12.893333333333334,29.89333333333333,77.42,5.613333333333333,17.94
5c4c28a9b5e43c10c32f7e2d905672fe9f9225b6ff9c22d3f228de17dfec4008,19/05/2020,1696.333333,0,26.64666666666667,11.273333333333335,29.773333333333333,76.74000000000001,4.46,15.88
5c4c28a9b5e43c10c32f7e2d905672fe9f9225b6ff9c22d3f228de17dfec4008,3/06/2020,1809.666667,0.8599999999999455,21.02,7.9333333333333345,42.333333333333336,89.9,3.313333333333333,12.853333333333332
5c4c28a9b5e43c10c32f7e2d905672fe9f9225b6ff9c22d3f228de17dfec4008,18/06/2020,1730.333333,0.1199999999999818,24.89333333333333,8.76,33.72666666666667,90.98666666666666,3.4533333333333336,14.213333333333336
5c4c28a9b5e43c10c32f7e2d905672fe9f9225b6ff9c22d3f228de17dfec4008,3/07/2020,1608.666667,0.006666667,23.3,6.326666666666667,33.79333333333334,96.66666666666669,3.3000000000000003,13.873333333333337
5c4c28a9b5e43c10c32f7e2d905672fe9f9225b6ff9c22d3f228de17dfec4008,18/07/2020,1603.666667,0,21.633333333333336,4.506666666666666,32.653333333333336,94.88666666666668,3.26,14.726666666666668
5c4c28a9b5e43c10c32f7e2d905672fe9f9225b6ff9c22d3f228de17dfec4008,2/08/2020,1482.333333,0,23.246666666666663,5.366666666666666,29.60666666666667,90,3.58,15.640000000000002
5c4c28a9b5e43c10c32f7e2d905672fe9f9225b6ff9c22d3f228de17dfec4008,17/08/2020,1193,1.6866666666666486,24.493333333333336,8.366666666666667,35.373333333333335,90.72,4.286666666666667,16.693333333333335
5c4c28a9b5e43c10c32f7e2d905672fe9f9225b6ff9c22d3f228de17dfec4008,1/09/2020,933.333333,0,25.39333333333333,6.540000000000001,21.233333333333334,69.96666666666667,5.066666666666666,20.68666666666667
5c4c28a9b5e43c10c32f7e2d905672fe9f9225b6ff9c22d3f228de17dfec4008,16/09/2020,954.333333,0,29.846666666666668,14.28,30.05333333333333,77.96000000000001,6.473333333333334,20.88
5c4c28a9b5e43c10c32f7e2d905672fe9f9225b6ff9c22d3f228de17dfec4008,1/10/2020,1234.666667,2.113333333333291,28.75333333333333,14.653333333333334,29.8,67.09333333333333,6.5,20.15333333333333
5c4c28a9b5e43c10c32f7e2d905672fe9f9225b6ff9c22d3f228de17dfec4008,16/10/2020,1604.333333,0.5999999999999394,31.500000000000004,16.693333333333335,27.660000000000004,66.69333333333334,8.073333333333334,23.980000000000004
5c4c28a9b5e43c10c32f7e2d905672fe9f9225b6ff9c22d3f228de17dfec4008,31/10/2020,1366.333333,0.3199999999999515,32.406666666666666,15.006666666666668,23.74666666666667,65.02666666666667,8.513333333333334,24.3
5c4c28a9b5e43c10c32f7e2d905672fe9f9225b6ff9c22d3f228de17dfec4008,15/11/2020,1066,0.6866666666666484,35.126666666666665,17.873333333333335,23.34,60.11333333333334,10.253333333333334,27.44666666666667
5c4c28a9b5e43c10c32f7e2d905672fe9f9225b6ff9c22d3f228de17dfec4008,30/11/2020,986,0.033333333,39.080000000000005,24.146666666666665,21.106666666666666,48.68666666666668,11.813333333333334,28.773333333333333
5c4c28a9b5e43c10c32f7e2d905672fe9f9225b6ff9c22d3f228de17dfec4008,15/12/2020,829,0.7333333333332727,37.48666666666667,23.360000000000003,23.94,52.92,11.313333333333334,25.973333333333336
5c4c28a9b5e43c10c32f7e2d905672fe9f9225b6ff9c22d3f228de17dfec4008,30/12/2020,742.333333,1.8266666666665816,34.74666666666667,23.100000000000005,39.81333333333334,74.86,9.253333333333334,19.84
5c4c28a9b5e43c10c32f7e2d905672fe9f9225b6ff9c22d3f228de17dfec4008,14/01/2021,1549.666667,4.226666666666521,33.086666666666666,21.326666666666664,45.24666666666667,88.89333333333335,8.000000000000002,21
5c4c28a9b5e43c10c32f7e2d905672fe9f9225b6ff9c22d3f228de17dfec4008,29/01/2021,1647,0.6799999999999575,37.02666666666666,22.920000000000005,27.78,62.11333333333334,10.593333333333334,25.360000000000003
5c4c28a9b5e43c10c32f7e2d905672fe9f9225b6ff9c22d3f228de17dfec4008,13/02/2021,1653.666667,2.513333333,36.726666666666674,23.733333333333334,34.913333333333334,73.01333333333334,9.086666666666668,21.55333333333333
5c4c28a9b5e43c10c32f7e2d905672fe9f9225b6ff9c22d3f228de17dfec4008,28/02/2021,1463.666667,1.966666666666606,35.89333333333333,21.78666666666667,33.986666666666665,75.64666666666668,8.813333333333334,21.866666666666667
5c4c28a9b5e43c10c32f7e2d905672fe9f9225b6ff9c22d3f228de17dfec4008,15/03/2021,1349.666667,2.233333333333273,34.82000000000001,20.80666666666667,34.406666666666666,73.5,7.913333333333333,21.953333333333333
5c4c28a9b5e43c10c32f7e2d905672fe9f9225b6ff9c22d3f228de17dfec4008,30/03/2021,1714.333333,3.0799999999999272,31.08,19.146666666666665,43.8,86.16000000000001,6.453333333333334,17.746666666666666
5c4c28a9b5e43c10c32f7e2d905672fe9f9225b6ff9c22d3f228de17dfec4008,14/04/2021,2469,1.4533333333333152,29.980000000000004,15.713333333333331,36.48666666666667,83.86666666666666,5.88,19.013333333333332
5c4c28a9b5e43c10c32f7e2d905672fe9f9225b6ff9c22d3f228de17dfec4008,29/04/2021,2165.666667,0.026666667,28.793333333333333,12.74,27.88666666666667,74.79333333333332,5.793333333333334,17.473333333333336
5c4c28a9b5e43c10c32f7e2d905672fe9f9225b6ff9c22d3f228de17dfec4008,14/05/2021,1751.666667,0.04,27.586666666666662,11.473333333333334,32.580000000000005,87.33333333333334,4.6,16.766666666666666
5c4c28a9b5e43c10c32f7e2d905672fe9f9225b6ff9c22d3f228de17dfec4008,29/05/2021,1588.666667,0,24.473333333333336,8.053333333333335,28.706666666666667,80.88000000000001,4.220000000000001,15.6
5c4c28a9b5e43c10c32f7e2d905672fe9f9225b6ff9c22d3f228de17dfec4008,13/06/2021,1708.333333,0.093333333,22.64666666666667,5.98,33.940000000000005,91.71333333333334,3.353333333333333,13.233333333333333
5c4c28a9b5e43c10c32f7e2d905672fe9f9225b6ff9c22d3f228de17dfec4008,28/06/2021,1764.666667,1.2933333333332788,21.366666666666667,6.746666666666667,40.45333333333333,92.74,3.026666666666667,11.453333333333337
5c4c28a9b5e43c10c32f7e2d905672fe9f9225b6ff9c22d3f228de17dfec4008,13/07/2021,1402.666667,1.3199999999999212,20.966666666666672,6.5,41.866666666666674,97.54,2.960000000000001,13.733333333333336
5c4c28a9b5e43c10c32f7e2d905672fe9f9225b6ff9c22d3f228de17dfec4008,28/07/2021,1268.666667,0,23.146666666666665,5.573333333333334,31.07333333333333,90.68666666666668,3.4400000000000004,15.1
5c4c28a9b5e43c10c32f7e2d905672fe9f9225b6ff9c22d3f228de17dfec4008,12/08/2021,1286.666667,0.08,25.480000000000004,8.873333333333333,31.006666666666668,87.15333333333335,4.320000000000001,16.66
5c4c28a9b5e43c10c32f7e2d905672fe9f9225b6ff9c22d3f228de17dfec4008,27/08/2021,1237.666667,0.3466666666666545,25.60666666666667,9.12,27.133333333333333,76.44,4.653333333333333,18.913333333333338
5c4c28a9b5e43c10c32f7e2d905672fe9f9225b6ff9c22d3f228de17dfec4008,11/09/2021,1263.666667,0,27.886666666666667,10.52,27.313333333333336,76.36666666666669,5.853333333333334,19.58
5c4c28a9b5e43c10c32f7e2d905672fe9f9225b6ff9c22d3f228de17dfec4008,26/09/2021,1271,0,29.540000000000003,11.646666666666668,19.473333333333336,58.553333333333335,7.12,23.18
5c4c28a9b5e43c10c32f7e2d905672fe9f9225b6ff9c22d3f228de17dfec4008,11/10/2021,1183.333333,0.2799999999999878,31.89333333333333,15.693333333333335,28.05333333333333,67.88000000000001,7.820000000000001,21.540000000000003
5c4c28a9b5e43c10c32f7e2d905672fe9f9225b6ff9c22d3f228de17dfec4008,26/10/2021,1160.666667,0.2199999999999514,34.04666666666667,15.24,20.62,61.02666666666667,9.073333333333332,24.07333333333333
5c4c28a9b5e43c10c32f7e2d905672fe9f9225b6ff9c22d3f228de17dfec4008,10/11/2021,1198,4.953333333333194,33.50666666666667,21.046666666666667,37.58,76.90000000000002,8.093333333333334,21.75333333333333
5c4c28a9b5e43c10c32f7e2d905672fe9f9225b6ff9c22d3f228de17dfec4008,25/11/2021,2147,4.853333333333255,29.73333333333333,17.213333333333335,37.48,75.76666666666667,8.033333333333333,23.813333333333336
5c4c28a9b5e43c10c32f7e2d905672fe9f9225b6ff9c22d3f228de17dfec4008,10/12/2021,2891.333333,5.673333333333236,32.45333333333333,19.300000000000004,41.24,86.75333333333333,8.726666666666667,24
5c4c28a9b5e43c10c32f7e2d905672fe9f9225b6ff9c22d3f228de17dfec4008,25/12/2021,2521,0.2199999999999211,36.49333333333334,20.773333333333333,29.87333333333333,74.05333333333333,10.733333333333333,27.593333333333337
5c4c28a9b5e43c10c32f7e2d905672fe9f9225b6ff9c22d3f228de17dfec4008,9/01/2022,2260,1.0599999999999454,38.25333333333333,21.64,27.973333333333336,70.89333333333335,11.086666666666668,26.540000000000003
5c4c28a9b5e43c10c32f7e2d905672fe9f9225b6ff9c22d3f228de17dfec4008,24/01/2022,1864.333333,6.153333333333224,37.58666666666667,24.35333333333333,33.14666666666667,68.8,10.04,21.55333333333333
5c4c28a9b5e43c10c32f7e2d905672fe9f9225b6ff9c22d3f228de17dfec4008,8/02/2022,1880,5.126666666666552,33.04,21.113333333333337,43.37333333333333,84.56,7.686666666666666,20.14
5c4c28a9b5e43c10c32f7e2d905672fe9f9225b6ff9c22d3f228de17dfec4008,23/02/2022,1942.333333,1.7399999999999334,36.41333333333333,21.28666666666667,31.44666666666667,75.36,9.26,25.71333333333333
5c4c28a9b5e43c10c32f7e2d905672fe9f9225b6ff9c22d3f228de17dfec4008,10/03/2022,1926.333333,0.02,37.14666666666667,20.35333333333333,27.26,71.43333333333334,9.386666666666668,22.973333333333336
5c4c28a9b5e43c10c32f7e2d905672fe9f9225b6ff9c22d3f228de17dfec4008,25/03/2022,2035.666667,2.333333333333333,35.160000000000004,20.10666666666667,31.58,75.64666666666668,8.126666666666667,22.646666666666665
5c4c28a9b5e43c10c32f7e2d905672fe9f9225b6ff9c22d3f228de17dfec4008,9/04/2022,2211,3.939999999999873,31.980000000000004,17.953333333333333,38.78666666666667,87.28666666666668,6.293333333333334,19.44
5c4c28a9b5e43c10c32f7e2d905672fe9f9225b6ff9c22d3f228de17dfec4008,24/04/2022,2722,0.033333333,31.10666666666667,16.726666666666667,35.19333333333334,81.48,5.946666666666667,17.74666666666667
5c4c28a9b5e43c10c32f7e2d905672fe9f9225b6ff9c22d3f228de17dfec4008,9/05/2022,2953.666667,6.313333333,25.6,16.113333333333333,51.88,90.25333333333332,3.793333333333334,11.62
5c4c28a9b5e43c10c32f7e2d905672fe9f9225b6ff9c22d3f228de17dfec4008,24/05/2022,3076,3.233333333333273,24.19333333333333,14.886666666666668,57.85333333333333,97.65333333333336,3.2533333333333334,11.073333333333332
5c4c28a9b5e43c10c32f7e2d905672fe9f9225b6ff9c22d3f228de17dfec4008,8/06/2022,3058.333333,0.2199999999999818,21.660000000000004,9.393333333333334,47.48,94.14666666666668,3.08,11.186666666666667
5c4c28a9b5e43c10c32f7e2d905672fe9f9225b6ff9c22d3f228de17dfec4008,23/06/2022,2812.666667,0,21.40666666666667,4.24,37.02,98.28,3.1133333333333337,14.080000000000002
5c4c28a9b5e43c10c32f7e2d905672fe9f9225b6ff9c22d3f228de17dfec4008,8/07/2022,2824.333333,1.8999999999999695,18.91333333333333,6.553333333333334,51.76666666666667,98.92000000000002,2.6,11.06
5c4c28a9b5e43c10c32f7e2d905672fe9f9225b6ff9c22d3f228de17dfec4008,23/07/2022,2856,1.1733333333333271,20.226666666666667,3.64,39.1,99.09333333333332,2.9933333333333336,15.206666666666669
5c4c28a9b5e43c10c32f7e2d905672fe9f9225b6ff9c22d3f228de17dfec4008,7/08/2022,2708.333333,0.426666667,23.22666666666667,8.953333333333335,42.653333333333336,97.43333333333334,3.433333333333333,14.793333333333331
5c4c28a9b5e43c10c32f7e2d905672fe9f9225b6ff9c22d3f228de17dfec4008,22/08/2022,2796.333333,0.026666667,22.92,5.1066666666666665,32.03333333333333,94.96666666666668,4.153333333333333,17.453333333333333
5c4c28a9b5e43c10c32f7e2d905672fe9f9225b6ff9c22d3f228de17dfec4008,6/09/2022,2910.333333,4.466666666666606,22.84,9.773333333333332,43.53333333333333,91.26,4.066666666666666,17.3
5c4c28a9b5e43c10c32f7e2d905672fe9f9225b6ff9c22d3f228de17dfec4008,21/09/2022,2945.666667,1.913333333333291,26.10666666666667,11.86,37.6,86.83333333333333,5.42,18.53333333333334
5c4c28a9b5e43c10c32f7e2d905672fe9f9225b6ff9c22d3f228de17dfec4008,6/10/2022,3004,0.7399999999999636,27.74,12.913333333333334,36.67333333333333,88.48,6.073333333333334,20.34
5c4c28a9b5e43c10c32f7e2d905672fe9f9225b6ff9c22d3f228de17dfec4008,21/10/2022,3003.666667,3.633333333333242,28.72666666666667,16.226666666666667,45.13333333333333,92.23333333333332,6.3,19.10666666666667
5c4c28a9b5e43c10c32f7e2d905672fe9f9225b6ff9c22d3f228de17dfec4008,5/11/2022,2875.333333,0.533333333,31.040000000000003,14.946666666666667,28.26666666666667,73.44666666666667,8.38,24.56666666666667
5c4c28a9b5e43c10c32f7e2d905672fe9f9225b6ff9c22d3f228de17dfec4008,20/11/2022,2975,0.4733333333332666,32.43333333333333,17.533333333333335,29.7,71.48666666666666,8.866666666666669,22.72
5c4c28a9b5e43c10c32f7e2d905672fe9f9225b6ff9c22d3f228de17dfec4008,5/12/2022,2706.333333,0.2399999999999029,32.74666666666667,18.113333333333333,27.860000000000003,65.89333333333335,8.906666666666666,22.60666666666667
5c4c28a9b5e43c10c32f7e2d905672fe9f9225b6ff9c22d3f228de17dfec4008,20/12/2022,1793.333333,1.6933333333332787,35.17333333333333,19.69333333333333,26.133333333333333,61.84,10.493333333333336,26.42666666666667
5c4c28a9b5e43c10c32f7e2d905672fe9f9225b6ff9c22d3f228de17dfec4008,4/01/2023,1196.333333,1.3533333333332849,34.559999999999995,21.69333333333333,35.92,73.50000000000001,9.466666666666669,21.133333333333333
5c4c28a9b5e43c10c32f7e2d905672fe9f9225b6ff9c22d3f228de17dfec4008,19/01/2023,1529.666667,5.853333333333224,31.920000000000005,20.84666666666667,48.56666666666667,88.86,7.34,20.72666666666667
5c4c28a9b5e43c10c32f7e2d905672fe9f9225b6ff9c22d3f228de17dfec4008,3/02/2023,2951.333333,1.9799999999998663,34.68,22.7,43.23333333333333,86.20666666666666,8.393333333333334,25.513333333333332
5c4c28a9b5e43c10c32f7e2d905672fe9f9225b6ff9c22d3f228de17dfec4008,18/02/2023,2994,1.559999999999976,34.64666666666667,20.280000000000005,35.42666666666666,77.18,8.493333333333334,23.26666666666667
5c4c28a9b5e43c10c32f7e2d905672fe9f9225b6ff9c22d3f228de17dfec4008,5/03/2023,2683.666667,0.1599999999999454,35.79333333333333,21.246666666666663,32.5,75.82666666666667,8.653333333333334,22.913333333333338
5c4c28a9b5e43c10c32f7e2d905672fe9f9225b6ff9c22d3f228de17dfec4008,20/03/2023,3034.666667,5.206666667,32.81333333333333,20.15333333333333,48.52,93.42666666666668,6.506666666666667,19.08
5c4c28a9b5e43c10c32f7e2d905672fe9f9225b6ff9c22d3f228de17dfec4008,4/04/2023,2836.666667,0.026666667,33.1,18.586666666666662,34.826666666666675,81.79333333333334,7.086666666666668,20.60666666666667
5c4c28a9b5e43c10c32f7e2d905672fe9f9225b6ff9c22d3f228de17dfec4008,19/04/2023,2046.666667,0.1399999999999636,32.00000000000001,13.840000000000002,28.453333333333337,80.24,6.306666666666668,18.03333333333333
5c4c28a9b5e43c10c32f7e2d905672fe9f9225b6ff9c22d3f228de17dfec4008,4/05/2023,1604.333333,0.2,28.30666666666667,12.6,34.866666666666674,88.9,5.073333333333334,16.37333333333333
5c4c28a9b5e43c10c32f7e2d905672fe9f9225b6ff9c22d3f228de17dfec4008,19/05/2023,1251.333333,0.013333333,25.22,8.006666666666668,30.833333333333336,88.6,4.28,16.32
5c4c28a9b5e43c10c32f7e2d905672fe9f9225b6ff9c22d3f228de17dfec4008,3/06/2023,941,0,24.26,4.2,25.59333333333333,89.6,4.140000000000001,15.66
5c4c28a9b5e43c10c32f7e2d905672fe9f9225b6ff9c22d3f228de17dfec4008,18/06/2023,917,0.08,25.68,9.713333333333331,34.36666666666667,90.74666666666668,3.5,14.146666666666668
5c4c28a9b5e43c10c32f7e2d905672fe9f9225b6ff9c22d3f228de17dfec4008,3/07/2023,924,0.3599999999999757,23.933333333333337,9.68,34.726666666666674,76.06,3.5,12.746666666666668
5c4c28a9b5e43c10c32f7e2d905672fe9f9225b6ff9c22d3f228de17dfec4008,18/07/2023,1049.333333,2.4866666666666486,22.506666666666668,7.053333333333333,40.553333333333335,97.04,3.12,14.6
5c4c28a9b5e43c10c32f7e2d905672fe9f9225b6ff9c22d3f228de17dfec4008,2/08/2023,1265.666667,0.006666667,24.57333333333333,8.413333333333334,32.653333333333336,88.84,3.693333333333334,16.093333333333334
5c4c28a9b5e43c10c32f7e2d905672fe9f9225b6ff9c22d3f228de17dfec4008,17/08/2023,1293.333333,0,27.540000000000003,8.44,26.106666666666676,83.69333333333333,4.94,17.98
5c4c28a9b5e43c10c32f7e2d905672fe9f9225b6ff9c22d3f228de17dfec4008,1/09/2023,1103,0,27.74,8.626666666666667,25.42,82.56666666666668,5.173333333333334,19.44666666666667
5c4c28a9b5e43c10c32f7e2d905672fe9f9225b6ff9c22d3f228de17dfec4008,16/09/2023,1007.666667,0,29.74,10.853333333333332,20.486666666666668,67.30666666666666,6.933333333333334,21.366666666666667
5c4c28a9b5e43c10c32f7e2d905672fe9f9225b6ff9c22d3f228de17dfec4008,1/10/2023,967,0,32.166666666666664,14.286666666666669,24.14666666666667,71.12000000000002,7.52,23.24
5c4c28a9b5e43c10c32f7e2d905672fe9f9225b6ff9c22d3f228de17dfec4008,16/10/2023,966.666667,0,32.17333333333333,15.060000000000002,23.006666666666664,62.47333333333334,8.360000000000001,24.493333333333336
5c4c28a9b5e43c10c32f7e2d905672fe9f9225b6ff9c22d3f228de17dfec4008,31/10/2023,985.333333,0.233333333,34.66,16.64666666666667,18.3,52.96,9.606666666666666,26.860000000000003
5c4c28a9b5e43c10c32f7e2d905672fe9f9225b6ff9c22d3f228de17dfec4008,15/11/2023,967,1.6533333333333151,35.980000000000004,20.473333333333336,26.37333333333333,62.680000000000014,10.240000000000002,27.473333333333336
5c4c28a9b5e43c10c32f7e2d905672fe9f9225b6ff9c22d3f228de17dfec4008,30/11/2023,998,5.326666666666552,32.300000000000004,20.7,42.49333333333334,79.61333333333333,7.760000000000001,21.24
5c4c28a9b5e43c10c32f7e2d905672fe9f9225b6ff9c22d3f228de17dfec4008,15/12/2023,1255.666667,0.1266666666666424,36.873333333333335,21.44666666666667,30.433333333333334,74.35333333333334,10.793333333333331,29.44
5c4c28a9b5e43c10c32f7e2d905672fe9f9225b6ff9c22d3f228de17dfec4008,30/12/2023,1387.666667,3.2066666666665395,37.73333333333333,20.826666666666668,29.613333333333337,74.10666666666667,10.926666666666668,28.08
5c4c28a9b5e43c10c32f7e2d905672fe9f9225b6ff9c22d3f228de17dfec4008,14/01/2024,1777.333333,2.539999999999903,36.873333333333335,23.02,37.94000000000001,82.58000000000001,9.300000000000002,24.92666666666667
5c4c28a9b5e43c10c32f7e2d905672fe9f9225b6ff9c22d3f228de17dfec4008,29/01/2024,1776.333333,3.619999999999952,37.68666666666668,25.266666666666666,40.06666666666668,80.06,9.406666666666666,24.953333333333333
5c4c28a9b5e43c10c32f7e2d905672fe9f9225b6ff9c22d3f228de17dfec4008,13/02/2024,1842.666667,2.9333333333332727,36.52666666666666,23.52,39.64666666666667,82.68666666666668,8.706666666666667,24.006666666666668
5c4c28a9b5e43c10c32f7e2d905672fe9f9225b6ff9c22d3f228de17dfec4008,28/02/2024,3085.666667,3.139999999999933,33.8,21.96,47.36,93.4,7.293333333333334,22.433333333333334
5c4c28a9b5e43c10c32f7e2d905672fe9f9225b6ff9c22d3f228de17dfec4008,14/03/2024,2593,0,35.593333333333334,20.71333333333333,33.85333333333333,80.24666666666667,8.366666666666667,24.66666666666667
5c4c28a9b5e43c10c32f7e2d905672fe9f9225b6ff9c22d3f228de17dfec4008,29/03/2024,2469,6.093333333333248,32.653333333333336,21.9,48.13333333333333,85.00000000000001,6.3533333333333335,16.613333333333333
5c4c28a9b5e43c10c32f7e2d905672fe9f9225b6ff9c22d3f228de17dfec4008,13/04/2024,2583.666667,7.059999999999976,28.68,15.973333333333334,44.85333333333334,92.64666666666668,5.373333333333334,19.18
5c4c28a9b5e43c10c32f7e2d905672fe9f9225b6ff9c22d3f228de17dfec4008,28/04/2024,2321.666667,0.1199999999999818,28.74,13.793333333333331,37.34,91.09333333333332,5.433333333333334,18.88
5c4c28a9b5e43c10c32f7e2d905672fe9f9225b6ff9c22d3f228de17dfec4008,13/05/2024,2280.666667,0.7466666666666242,27.84,13.653333333333334,42.013333333333335,96.86,4.34,16.30666666666667
5c4c28a9b5e43c10c32f7e2d905672fe9f9225b6ff9c22d3f228de17dfec4008,28/05/2024,2933.666667,0,25.72666666666667,8.666666666666666,33.95333333333333,96.15333333333336,4.1866666666666665,15.533333333333331
5c4c28a9b5e43c10c32f7e2d905672fe9f9225b6ff9c22d3f228de17dfec4008,12/06/2024,2502.666667,0.7533333333333151,22.52,6.306666666666668,40.52,98.18666666666668,3.193333333333334,13.913333333333334
5c4c28a9b5e43c10c32f7e2d905672fe9f9225b6ff9c22d3f228de17dfec4008,27/06/2024,3843,0.073333333,23.19333333333333,4.920000000000001,31.773333333333333,93.98,3.326666666666667,13.86
5c4c28a9b5e43c10c32f7e2d905672fe9f9225b6ff9c22d3f228de17dfec4008,12/07/2024,2493.666667,0.5733333333332666,23.726666666666667,9.54,46.406666666666666,99.00666666666666,2.993333333333333,13.153333333333334
5c4c28a9b5e43c10c32f7e2d905672fe9f9225b6ff9c22d3f228de17dfec4008,27/07/2024,1127.666667,0.2733333333333272,21.453333333333337,3.933333333333333,33.81333333333334,96.06,3.2066666666666674,14.926666666666668
5c4c28a9b5e43c10c32f7e2d905672fe9f9225b6ff9c22d3f228de17dfec4008,11/08/2024,1081.666667,0.2466666666666242,23.646666666666665,6.133333333333335,32.86,90.52666666666669,3.886666666666667,15.986666666666668
5c4c28a9b5e43c10c32f7e2d905672fe9f9225b6ff9c22d3f228de17dfec4008,26/08/2024,1117.666667,0.2799999999999878,29.333333333333336,10.92,32.60666666666667,91.03333333333332,5.053333333333333,18.673333333333336
5c4c28a9b5e43c10c32f7e2d905672fe9f9225b6ff9c22d3f228de17dfec4008,10/09/2024,1154,0,32.373333333333335,13.033333333333331,24.633333333333336,79.38000000000001,6.820000000000001,20.91333333333333
5c4c28a9b5e43c10c32f7e2d905672fe9f9225b6ff9c22d3f228de17dfec4008,25/09/2024,1166.666667,0,29.753333333333337,11.673333333333336,20.36,60.11333333333334,7.0600000000000005,22.39333333333333
5c4c28a9b5e43c10c32f7e2d905672fe9f9225b6ff9c22d3f228de17dfec4008,10/10/2024,1119.333333,1.0266666666666424,32.260000000000005,14.886666666666668,26.76,74,7.813333333333333,23.12666666666667
5c4c28a9b5e43c10c32f7e2d905672fe9f9225b6ff9c22d3f228de17dfec4008,25/10/2024,1256.333333,0,35.059999999999995,19.12,26.37333333333333,66.95333333333333,8.98,24.90666666666667
5c4c28a9b5e43c10c32f7e2d905672fe9f9225b6ff9c22d3f228de17dfec4008,9/11/2024,1318.333333,0.4599999999999757,37.620000000000005,20.33333333333333,20.83333333333333,55.586666666666666,10.76,26.953333333333333
5c4c28a9b5e43c10c32f7e2d905672fe9f9225b6ff9c22d3f228de17dfec4008,24/11/2024,1214.666667,4.906666666666539,34.306666666666665,21.56,38.81333333333334,79.30666666666667,8.506666666666666,22.72666666666667
5c4c28a9b5e43c10c32f7e2d905672fe9f9225b6ff9c22d3f228de17dfec4008,9/12/2024,1693.666667,2.8933333333332483,34.326666666666675,22.860000000000003,44.013333333333335,82.70666666666668,8.833333333333336,25.05333333333333
5c4c28a9b5e43c10c32f7e2d905672fe9f9225b6ff9c22d3f228de17dfec4008,24/12/2024,1946,0.2666666666666363,36.42,21.933333333333334,34.513333333333335,78.01333333333334,10.32,28.12
f4bfb0920671ab818ebac30a7945b3a1ae8e75954ae03fb6f5fef97822ad0883,5/01/2017,1146,2.2599999999998546,35.720000000000006,24.8,40.2,74.48,8.82,20.380000000000003
f4bfb0920671ab818ebac30a7945b3a1ae8e75954ae03fb6f5fef97822ad0883,20/01/2017,1146,3.333333333333303,36.59333333333334,24.113333333333337,37.64666666666667,75.68666666666667,9.5,23.566666666666663
f4bfb0920671ab818ebac30a7945b3a1ae8e75954ae03fb6f5fef97822ad0883,4/02/2017,1199.666667,0.4599999999999757,38.26,24.87333333333333,35.06666666666667,74.13333333333334,10.26,24.73333333333333
f4bfb0920671ab818ebac30a7945b3a1ae8e75954ae03fb6f5fef97822ad0883,19/02/2017,1269.666667,0.04,39.54,24.446666666666665,26.793333333333337,61.96666666666667,11.026666666666667,25.313333333333336
f4bfb0920671ab818ebac30a7945b3a1ae8e75954ae03fb6f5fef97822ad0883,6/03/2017,1300.333333,0.7133333333332605,36.013333333333335,20.75333333333333,30.06666666666667,72.9,8.906666666666666,21.57333333333333
f4bfb0920671ab818ebac30a7945b3a1ae8e75954ae03fb6f5fef97822ad0883,21/03/2017,1396.333333,0.3533333333332848,36.43333333333333,20.280000000000005,28.78,70.92,8.726666666666667,20.953333333333333
f4bfb0920671ab818ebac30a7945b3a1ae8e75954ae03fb6f5fef97822ad0883,5/04/2017,1495,0.02,34.06,18.72666666666667,31.880000000000003,77.09333333333333,7.453333333333333,19.546666666666667
f4bfb0920671ab818ebac30a7945b3a1ae8e75954ae03fb6f5fef97822ad0883,20/04/2017,1357.666667,0,31.366666666666667,13.986666666666666,26.18,74.60666666666667,6.533333333333333,20.16666666666667
f4bfb0920671ab818ebac30a7945b3a1ae8e75954ae03fb6f5fef97822ad0883,5/05/2017,1249.666667,0.1,28.74666666666667,14.126666666666669,31.793333333333337,77.58,5.3933333333333335,16.12
f4bfb0920671ab818ebac30a7945b3a1ae8e75954ae03fb6f5fef97822ad0883,20/05/2017,1171,0.4133333333332908,27.086666666666662,11.506666666666668,34.166666666666664,85.21333333333334,4.446666666666667,14.413333333333332
f4bfb0920671ab818ebac30a7945b3a1ae8e75954ae03fb6f5fef97822ad0883,4/06/2017,1450,0,26.24,8.873333333333335,28.020000000000003,82.04,4.36,15.48
f4bfb0920671ab818ebac30a7945b3a1ae8e75954ae03fb6f5fef97822ad0883,19/06/2017,1421.333333,0,23.4,5.78,30.613333333333337,92.08,3.4266666666666667,14.873333333333337
f4bfb0920671ab818ebac30a7945b3a1ae8e75954ae03fb6f5fef97822ad0883,4/07/2017,1294,0.3199999999999818,24.880000000000003,8.486666666666666,33.10666666666667,88.54666666666667,3.5200000000000005,13.3
f4bfb0920671ab818ebac30a7945b3a1ae8e75954ae03fb6f5fef97822ad0883,19/07/2017,1169.666667,0.9199999999999516,24.30666666666667,9.74,37.726666666666674,89.32,3.373333333333333,13.173333333333336
f4bfb0920671ab818ebac30a7945b3a1ae8e75954ae03fb6f5fef97822ad0883,3/08/2017,1136,0,26.18666666666667,6.686666666666667,22.12,74.95333333333333,4.260000000000001,17.14
f4bfb0920671ab818ebac30a7945b3a1ae8e75954ae03fb6f5fef97822ad0883,18/08/2017,1133,0,27.746666666666663,6.226666666666668,17.84,69.1,5.353333333333334,19.24
f4bfb0920671ab818ebac30a7945b3a1ae8e75954ae03fb6f5fef97822ad0883,2/09/2017,1136,0,25.6,5.926666666666667,15.326666666666666,53.66666666666666,5.366666666666668,20.993333333333336
f4bfb0920671ab818ebac30a7945b3a1ae8e75954ae03fb6f5fef97822ad0883,17/09/2017,1131.333333,0,27.90666666666667,8.313333333333334,16.113333333333333,55.68666666666666,6.786666666666666,22.57333333333333
f4bfb0920671ab818ebac30a7945b3a1ae8e75954ae03fb6f5fef97822ad0883,2/10/2017,1131,0.1266666666666424,34.5,15.760000000000002,18.5,53.28,8.940000000000001,21.733333333333334
f4bfb0920671ab818ebac30a7945b3a1ae8e75954ae03fb6f5fef97822ad0883,17/10/2017,1070.666667,1.659999999999915,33.906666666666666,19.773333333333333,34.20666666666667,76.80666666666666,7.96,20.74
f4bfb0920671ab818ebac30a7945b3a1ae8e75954ae03fb6f5fef97822ad0883,1/11/2017,1027,1.3133333333332908,32.2,16.866666666666667,30.24,72.41333333333334,8.113333333333335,22.94
f4bfb0920671ab818ebac30a7945b3a1ae8e75954ae03fb6f5fef97822ad0883,16/11/2017,969.333333,0.333333333,33.413333333333334,18.32,26.14,62.24000000000001,9.446666666666667,24.3
f4bfb0920671ab818ebac30a7945b3a1ae8e75954ae03fb6f5fef97822ad0883,1/12/2017,952.666667,0.5866666666665575,34.31333333333334,20.646666666666665,31.53333333333334,70.09333333333333,9.313333333333334,23.006666666666668
f4bfb0920671ab818ebac30a7945b3a1ae8e75954ae03fb6f5fef97822ad0883,16/12/2017,927,0.906666667,36.24666666666667,20.44,22.55333333333333,54.77333333333333,11.313333333333333,27.44666666666667
f4bfb0920671ab818ebac30a7945b3a1ae8e75954ae03fb6f5fef97822ad0883,31/12/2017,902.666667,0.2799999999999575,40.086666666666666,25.480000000000004,23.76,54.226666666666674,12.153333333333336,26.38
f4bfb0920671ab818ebac30a7945b3a1ae8e75954ae03fb6f5fef97822ad0883,15/01/2018,856.333333,0.02,39.513333333333335,25.066666666666663,22.44666666666667,50.49333333333334,11.96,26.24
f4bfb0920671ab818ebac30a7945b3a1ae8e75954ae03fb6f5fef97822ad0883,30/01/2018,862.333333,0.093333333,38.61333333333334,24.780000000000005,24.72,54.36,11.22,24.03333333333334
f4bfb0920671ab818ebac30a7945b3a1ae8e75954ae03fb6f5fef97822ad0883,14/02/2018,753.666667,1.2333333333333334,37.766666666666666,22.5,25.686666666666667,58.52666666666667,10.753333333333334,23.60666666666667
f4bfb0920671ab818ebac30a7945b3a1ae8e75954ae03fb6f5fef97822ad0883,1/03/2018,722.333333,0.2866666666665878,38.36666666666667,23.58,30.42666666666667,69.09333333333333,10.08,22.38
f4bfb0920671ab818ebac30a7945b3a1ae8e75954ae03fb6f5fef97822ad0883,16/03/2018,825,5.893333333333279,30.953333333333333,20.21333333333333,47.66666666666666,85.26,6.353333333333334,16.68
f4bfb0920671ab818ebac30a7945b3a1ae8e75954ae03fb6f5fef97822ad0883,31/03/2018,1242,2.2466666666666244,33.84666666666667,19.94666666666667,37.43333333333333,83.53333333333333,7.653333333333333,20.4
f4bfb0920671ab818ebac30a7945b3a1ae8e75954ae03fb6f5fef97822ad0883,15/04/2018,1496,0.013333333,32.46,18.35333333333333,35.013333333333335,80.18666666666667,6.413333333333333,18.913333333333338
f4bfb0920671ab818ebac30a7945b3a1ae8e75954ae03fb6f5fef97822ad0883,30/04/2018,1459.333333,0,30.64,14.1,29.34,79.26666666666667,6.113333333333334,18.613333333333337
f4bfb0920671ab818ebac30a7945b3a1ae8e75954ae03fb6f5fef97822ad0883,15/05/2018,1454.333333,0,26.98,10.513333333333334,28.966666666666665,81.16000000000001,4.733333333333333,16.546666666666667
f4bfb0920671ab818ebac30a7945b3a1ae8e75954ae03fb6f5fef97822ad0883,30/05/2018,1531,0,25.166666666666668,8.626666666666667,27.74,78.82666666666667,4.4,15.44
f4bfb0920671ab818ebac30a7945b3a1ae8e75954ae03fb6f5fef97822ad0883,14/06/2018,1545.333333,0,23.320000000000004,6.526666666666667,28.37333333333333,81.68,3.54,14.340000000000002
f4bfb0920671ab818ebac30a7945b3a1ae8e75954ae03fb6f5fef97822ad0883,29/06/2018,1504.666667,0,21.9,5.506666666666667,31.800000000000004,87.52666666666667,3.24,13.12
f4bfb0920671ab818ebac30a7945b3a1ae8e75954ae03fb6f5fef97822ad0883,14/07/2018,1557.333333,0.013333333,22.54666666666667,6,32.38,89.29333333333334,3.3400000000000003,14.673333333333336
f4bfb0920671ab818ebac30a7945b3a1ae8e75954ae03fb6f5fef97822ad0883,29/07/2018,1324,0.013333333,24.78666666666667,5.260000000000001,21.71333333333333,71.83333333333333,3.9133333333333336,16.1
f4bfb0920671ab818ebac30a7945b3a1ae8e75954ae03fb6f5fef97822ad0883,13/08/2018,1163,0,24.293333333333337,5.426666666666667,21.24,70.33333333333333,4.546666666666667,18.14
f4bfb0920671ab818ebac30a7945b3a1ae8e75954ae03fb6f5fef97822ad0883,28/08/2018,1085.666667,0.013333333,24.973333333333336,4.3,18.71333333333333,66.48,4.873333333333334,20.593333333333337
f4bfb0920671ab818ebac30a7945b3a1ae8e75954ae03fb6f5fef97822ad0883,12/09/2018,1003,0,27.886666666666667,10.153333333333334,21.480000000000004,62.933333333333344,6.253333333333333,20.9
f4bfb0920671ab818ebac30a7945b3a1ae8e75954ae03fb6f5fef97822ad0883,27/09/2018,941.666667,0,29.73333333333333,11.92,19.526666666666664,58.906666666666666,7.153333333333334,23.42666666666667
f4bfb0920671ab818ebac30a7945b3a1ae8e75954ae03fb6f5fef97822ad0883,12/10/2018,855.666667,0,32.61333333333333,16.213333333333335,23.42,62.580000000000005,8.353333333333333,22.666666666666668
f4bfb0920671ab818ebac30a7945b3a1ae8e75954ae03fb6f5fef97822ad0883,27/10/2018,712.666667,2.079999999999957,35.86666666666667,19.66,27.506666666666668,70.09333333333333,9.26,23.90666666666667
f4bfb0920671ab818ebac30a7945b3a1ae8e75954ae03fb6f5fef97822ad0883,11/11/2018,605,0.046666667,36.26,21.14,22.886666666666667,54.70666666666668,10.473333333333333,25.480000000000004
f4bfb0920671ab818ebac30a7945b3a1ae8e75954ae03fb6f5fef97822ad0883,26/11/2018,576,0.073333333,34.833333333333336,20.113333333333337,26.013333333333332,56.22,9.973333333333334,25.24
f4bfb0920671ab818ebac30a7945b3a1ae8e75954ae03fb6f5fef97822ad0883,11/12/2018,611,0,36.693333333333335,20.793333333333333,19.886666666666667,48.16666666666667,11.553333333333336,27.526666666666664
f4bfb0920671ab818ebac30a7945b3a1ae8e75954ae03fb6f5fef97822ad0883,26/12/2018,658.666667,1.6133333333332909,37.906666666666666,23.09333333333333,23.23333333333333,52.52666666666666,11.853333333333332,24.800000000000004
f4bfb0920671ab818ebac30a7945b3a1ae8e75954ae03fb6f5fef97822ad0883,10/01/2019,640,0.6333333333332727,38.41333333333333,24.94666666666667,24.85333333333333,53.38666666666667,11.606666666666667,25.986666666666668
f4bfb0920671ab818ebac30a7945b3a1ae8e75954ae03fb6f5fef97822ad0883,25/01/2019,644.666667,0.02,39.940000000000005,25.33333333333333,23.793333333333333,54.23333333333333,12.106666666666666,26.746666666666663
f4bfb0920671ab818ebac30a7945b3a1ae8e75954ae03fb6f5fef97822ad0883,9/02/2019,559,0.9199999999999212,34.62,23.793333333333337,36.126666666666665,66.24000000000001,8.526666666666667,16.733333333333334
f4bfb0920671ab818ebac30a7945b3a1ae8e75954ae03fb6f5fef97822ad0883,24/02/2019,554.333333,0.3266666666666424,38.49333333333334,21.53333333333333,18.34666666666667,47.00666666666667,11.46,27.006666666666668
f4bfb0920671ab818ebac30a7945b3a1ae8e75954ae03fb6f5fef97822ad0883,11/03/2019,535.666667,0,36.59333333333333,23.040000000000003,27.92666666666667,60.76,9.360000000000005,20.74
f4bfb0920671ab818ebac30a7945b3a1ae8e75954ae03fb6f5fef97822ad0883,26/03/2019,523.333333,8.793333333333248,36.513333333333335,23.113333333333337,33.86666666666667,69.23333333333333,8.493333333333334,20.166666666666668
f4bfb0920671ab818ebac30a7945b3a1ae8e75954ae03fb6f5fef97822ad0883,10/04/2019,770.333333,8.053333333333285,28.526666666666667,17.353333333333335,43.50000000000001,81.06666666666668,5.566666666666666,18.386666666666667
f4bfb0920671ab818ebac30a7945b3a1ae8e75954ae03fb6f5fef97822ad0883,25/04/2019,1417,0.013333333,28.360000000000003,16.26,41.26,83.24666666666667,5.28,16.593333333333334
f4bfb0920671ab818ebac30a7945b3a1ae8e75954ae03fb6f5fef97822ad0883,10/05/2019,1873.333333,0.566666667,24.826666666666668,12.72,45.053333333333335,90.19333333333334,4.166666666666667,15.233333333333336
f4bfb0920671ab818ebac30a7945b3a1ae8e75954ae03fb6f5fef97822ad0883,25/05/2019,2134.333333,0,25.706666666666667,11.086666666666666,39.193333333333335,95.23333333333332,4.093333333333334,14.273333333333332
f4bfb0920671ab818ebac30a7945b3a1ae8e75954ae03fb6f5fef97822ad0883,9/06/2019,2082.666667,0,20.53333333333333,5.333333333333333,35.413333333333334,90.50666666666666,3.3200000000000003,12.493333333333334
f4bfb0920671ab818ebac30a7945b3a1ae8e75954ae03fb6f5fef97822ad0883,24/06/2019,1844.333333,0,22.280000000000005,5.686666666666667,32.50666666666667,89.96000000000001,3.26,14.546666666666669
f4bfb0920671ab818ebac30a7945b3a1ae8e75954ae03fb6f5fef97822ad0883,9/07/2019,1689,0.4333333333332727,23.293333333333337,9.926666666666668,40.96,89.44,3.1533333333333333,11.193333333333332
f4bfb0920671ab818ebac30a7945b3a1ae8e75954ae03fb6f5fef97822ad0883,24/07/2019,1555.666667,0,22.686666666666667,4.260000000000001,29.646666666666665,91.75333333333334,3.433333333333334,15.94
f4bfb0920671ab818ebac30a7945b3a1ae8e75954ae03fb6f5fef97822ad0883,8/08/2019,1535.333333,0.006666667,25.08,7.393333333333333,24.540000000000003,74.57333333333332,4.2,14.613333333333337
f4bfb0920671ab818ebac30a7945b3a1ae8e75954ae03fb6f5fef97822ad0883,23/08/2019,1559,0,23.526666666666667,5.253333333333333,23.44666666666667,77.05999999999999,4.5,19.146666666666665
f4bfb0920671ab818ebac30a7945b3a1ae8e75954ae03fb6f5fef97822ad0883,7/09/2019,1556.333333,0,28.15333333333333,8.693333333333333,18.14,56.873333333333335,6.173333333333334,21.06
f4bfb0920671ab818ebac30a7945b3a1ae8e75954ae03fb6f5fef97822ad0883,22/09/2019,1431.333333,0,28.94,8.7,16.71333333333333,57.00666666666667,7.106666666666667,23.19333333333333
f4bfb0920671ab818ebac30a7945b3a1ae8e75954ae03fb6f5fef97822ad0883,7/10/2019,1368.333333,0,32.19333333333334,15.813333333333334,20.633333333333333,55.42,8.153333333333332,22.55333333333333
f4bfb0920671ab818ebac30a7945b3a1ae8e75954ae03fb6f5fef97822ad0883,22/10/2019,1252,0,33.99333333333333,15.186666666666667,13.026666666666667,38.79333333333334,9.753333333333334,25.18
f4bfb0920671ab818ebac30a7945b3a1ae8e75954ae03fb6f5fef97822ad0883,6/11/2019,1164,4.353333333333255,31.000000000000004,18.44666666666667,31.773333333333333,63,8.053333333333335,21.700000000000003
f4bfb0920671ab818ebac30a7945b3a1ae8e75954ae03fb6f5fef97822ad0883,21/11/2019,994.333333,0.006666667,35.32666666666667,16.32,14.92,45.580000000000005,11.173333333333334,29.65333333333333
f4bfb0920671ab818ebac30a7945b3a1ae8e75954ae03fb6f5fef97822ad0883,6/12/2019,936.666667,0.2133333333332908,36.74,20.680000000000003,20.39333333333333,49.54666666666667,11.140000000000002,26.73333333333333
f4bfb0920671ab818ebac30a7945b3a1ae8e75954ae03fb6f5fef97822ad0883,21/12/2019,886,0,40.54,22.813333333333333,14.260000000000002,38.06666666666667,13.473333333333333,28.94666666666667
f4bfb0920671ab818ebac30a7945b3a1ae8e75954ae03fb6f5fef97822ad0883,5/01/2020,807.333333,0.006666667,40.34,25.30666666666667,21.10666666666667,48.88,12.693333333333332,27.48
f4bfb0920671ab818ebac30a7945b3a1ae8e75954ae03fb6f5fef97822ad0883,20/01/2020,755.666667,1.1133333333332305,38.4,24.593333333333337,27.040000000000003,59.940000000000005,10.906666666666668,25.233333333333334
f4bfb0920671ab818ebac30a7945b3a1ae8e75954ae03fb6f5fef97822ad0883,4/02/2020,813.333333,4.293333333333249,35.17333333333333,24.10666666666667,41.46666666666667,76.07333333333334,8.633333333333333,19.4
f4bfb0920671ab818ebac30a7945b3a1ae8e75954ae03fb6f5fef97822ad0883,19/02/2020,940,1.6733333333332667,37.03333333333333,23.04666666666667,35.333333333333336,78.26666666666667,9.500000000000002,24.57333333333333
f4bfb0920671ab818ebac30a7945b3a1ae8e75954ae03fb6f5fef97822ad0883,5/03/2020,1052.333333,11.286666666666555,33.559999999999995,22.7,45.42,82.99333333333334,7.526666666666667,19.44
f4bfb0920671ab818ebac30a7945b3a1ae8e75954ae03fb6f5fef97822ad0883,20/03/2020,1256.333333,0.7799999999999575,31.1,17.666666666666668,38.95333333333333,85.62666666666668,7.293333333333334,22.026666666666667
f4bfb0920671ab818ebac30a7945b3a1ae8e75954ae03fb6f5fef97822ad0883,4/04/2020,1188,0.2399999999999939,33.480000000000004,19.980000000000004,35.9,79,7.313333333333334,19.58
f4bfb0920671ab818ebac30a7945b3a1ae8e75954ae03fb6f5fef97822ad0883,19/04/2020,1290.333333,0,31.166666666666668,15.626666666666669,29.100000000000005,73.79333333333334,6.3533333333333335,19.513333333333332
f4bfb0920671ab818ebac30a7945b3a1ae8e75954ae03fb6f5fef97822ad0883,4/05/2020,1174.333333,0.006666667,29,12.953333333333337,29.55333333333333,76.21333333333335,5.733333333333333,17.80666666666667
f4bfb0920671ab818ebac30a7945b3a1ae8e75954ae03fb6f5fef97822ad0883,19/05/2020,1186,0,26.56,11.346666666666668,29.56,75.46666666666667,4.586666666666668,15.88
f4bfb0920671ab818ebac30a7945b3a1ae8e75954ae03fb6f5fef97822ad0883,3/06/2020,1247.333333,0.933333333,20.953333333333333,7.946666666666668,42.18666666666666,89.53999999999999,3.3866666666666663,12.793333333333331
f4bfb0920671ab818ebac30a7945b3a1ae8e75954ae03fb6f5fef97822ad0883,18/06/2020,1174.666667,0.393333333,24.78666666666667,8.686666666666667,33.333333333333336,90.52666666666669,3.4933333333333336,14.253333333333334
f4bfb0920671ab818ebac30a7945b3a1ae8e75954ae03fb6f5fef97822ad0883,3/07/2020,1109.333333,0.006666667,23.22,6.353333333333334,33.38666666666667,95.8,3.3400000000000003,13.866666666666667
f4bfb0920671ab818ebac30a7945b3a1ae8e75954ae03fb6f5fef97822ad0883,18/07/2020,1142,0,21.493333333333336,4.5600000000000005,32.873333333333335,94.58666666666667,3.2533333333333334,14.633333333333333
f4bfb0920671ab818ebac30a7945b3a1ae8e75954ae03fb6f5fef97822ad0883,2/08/2020,1024.666667,0,23.18,5.48,29.506666666666668,89.48,3.586666666666667,15.606666666666666
f4bfb0920671ab818ebac30a7945b3a1ae8e75954ae03fb6f5fef97822ad0883,17/08/2020,940.333333,1.6466666666666243,24.40666666666667,8.386666666666667,35.28666666666667,89.78666666666666,4.273333333333334,16.540000000000003
f4bfb0920671ab818ebac30a7945b3a1ae8e75954ae03fb6f5fef97822ad0883,1/09/2020,887.333333,0,25.300000000000004,6.653333333333333,20.94,68,5.033333333333333,20.64666666666667
f4bfb0920671ab818ebac30a7945b3a1ae8e75954ae03fb6f5fef97822ad0883,16/09/2020,866.333333,0,29.90666666666667,14.340000000000002,28.973333333333336,74.94666666666667,6.58,20.9
f4bfb0920671ab818ebac30a7945b3a1ae8e75954ae03fb6f5fef97822ad0883,1/10/2020,818.333333,1.766666666666606,28.72,14.646666666666668,29.44,65.99333333333333,6.52,20.14
f4bfb0920671ab818ebac30a7945b3a1ae8e75954ae03fb6f5fef97822ad0883,16/10/2020,754.333333,0.2199999999999514,31.53333333333333,16.740000000000002,27.046666666666667,65.14000000000001,8.166666666666668,23.933333333333337
f4bfb0920671ab818ebac30a7945b3a1ae8e75954ae03fb6f5fef97822ad0883,31/10/2020,723,0.3466666666666242,32.26666666666667,15.053333333333336,23.360000000000003,63.35333333333333,8.513333333333334,24.24
f4bfb0920671ab818ebac30a7945b3a1ae8e75954ae03fb6f5fef97822ad0883,15/11/2020,493.333333,0.8933333333333091,35.18666666666666,17.94,22.71333333333333,58.35333333333334,10.42,27.53333333333333
f4bfb0920671ab818ebac30a7945b3a1ae8e75954ae03fb6f5fef97822ad0883,30/11/2020,538,0.026666667,39.31333333333334,24.42666666666667,20.56666666666667,47.24666666666667,12.026666666666667,28.84
f4bfb0920671ab818ebac30a7945b3a1ae8e75954ae03fb6f5fef97822ad0883,15/12/2020,490.333333,0.633333333,37.55333333333333,23.526666666666664,23.566666666666663,51.81333333333334,11.566666666666666,26.013333333333332
f4bfb0920671ab818ebac30a7945b3a1ae8e75954ae03fb6f5fef97822ad0883,30/12/2020,467.333333,1.4066666666665393,34.88666666666667,23.12666666666667,39.013333333333335,74.11999999999999,9.493333333333334,19.82
f4bfb0920671ab818ebac30a7945b3a1ae8e75954ae03fb6f5fef97822ad0883,14/01/2021,694,4.539999999999933,33.31333333333334,21.48666666666667,44.36,87.52000000000001,8.180000000000001,21.173333333333336
f4bfb0920671ab818ebac30a7945b3a1ae8e75954ae03fb6f5fef97822ad0883,29/01/2021,829.666667,0.4999999999999697,37.15333333333333,23.106666666666666,26.986666666666668,60.02,10.74,25.24
f4bfb0920671ab818ebac30a7945b3a1ae8e75954ae03fb6f5fef97822ad0883,13/02/2021,675,3.2666666666665454,36.88666666666667,23.913333333333338,34.3,71.63333333333334,9.36,21.41333333333333
f4bfb0920671ab818ebac30a7945b3a1ae8e75954ae03fb6f5fef97822ad0883,28/02/2021,637,1.5399999999999332,36.06666666666667,21.913333333333338,33.00666666666667,73.55333333333333,9.193333333333335,22.1
f4bfb0920671ab818ebac30a7945b3a1ae8e75954ae03fb6f5fef97822ad0883,15/03/2021,654,2.433333333333212,34.940000000000005,20.85333333333333,33.68,72.08666666666666,8.146666666666668,21.920000000000005
f4bfb0920671ab818ebac30a7945b3a1ae8e75954ae03fb6f5fef97822ad0883,30/03/2021,811,3.546666666666594,31.14,19.160000000000004,43.14,85.28,6.633333333333335,17.753333333333334
f4bfb0920671ab818ebac30a7945b3a1ae8e75954ae03fb6f5fef97822ad0883,14/04/2021,1015.666667,1.0533333333332848,30.05333333333333,15.826666666666666,35.57333333333334,81.98,6.006666666666667,19.040000000000003
f4bfb0920671ab818ebac30a7945b3a1ae8e75954ae03fb6f5fef97822ad0883,29/04/2021,936,0.02,28.74666666666667,12.840000000000002,26.84,71.75333333333333,5.860000000000001,17.480000000000004
f4bfb0920671ab818ebac30a7945b3a1ae8e75954ae03fb6f5fef97822ad0883,14/05/2021,1304.666667,0.013333333,27.546666666666667,11.546666666666669,32.166666666666664,86.26666666666667,4.700000000000001,16.68
f4bfb0920671ab818ebac30a7945b3a1ae8e75954ae03fb6f5fef97822ad0883,29/05/2021,1189.333333,0,24.386666666666667,8.180000000000001,28.453333333333333,79.71333333333334,4.293333333333334,15.506666666666668
f4bfb0920671ab818ebac30a7945b3a1ae8e75954ae03fb6f5fef97822ad0883,13/06/2021,1142.333333,0.2333333333333333,22.526666666666667,6.113333333333333,34.3,91.38666666666668,3.373333333333334,13.113333333333337
f4bfb0920671ab818ebac30a7945b3a1ae8e75954ae03fb6f5fef97822ad0883,28/06/2021,1102.666667,1.1199999999999517,21.30666666666667,6.7,39.88666666666667,92.19333333333334,3.046666666666667,11.446666666666667
f4bfb0920671ab818ebac30a7945b3a1ae8e75954ae03fb6f5fef97822ad0883,13/07/2021,1001.333333,1.2333333333332728,20.886666666666667,6.446666666666668,41.48666666666667,97.37333333333332,2.9600000000000004,13.72
f4bfb0920671ab818ebac30a7945b3a1ae8e75954ae03fb6f5fef97822ad0883,28/07/2021,883,0,23.04666666666667,5.72,31.07333333333333,89.99333333333334,3.4600000000000004,14.92
f4bfb0920671ab818ebac30a7945b3a1ae8e75954ae03fb6f5fef97822ad0883,12/08/2021,845.666667,0.1799999999999878,25.433333333333334,8.966666666666667,30.7,86.01333333333334,4.326666666666667,16.613333333333333
f4bfb0920671ab818ebac30a7945b3a1ae8e75954ae03fb6f5fef97822ad0883,27/08/2021,816.666667,0.1399999999999636,25.586666666666662,9.233333333333336,26.566666666666663,74.68,4.700000000000001,18.886666666666667
f4bfb0920671ab818ebac30a7945b3a1ae8e75954ae03fb6f5fef97822ad0883,11/09/2021,750.333333,0,27.84,10.52,26.766666666666666,74.38000000000001,5.906666666666666,19.55333333333333
f4bfb0920671ab818ebac30a7945b3a1ae8e75954ae03fb6f5fef97822ad0883,26/09/2021,692,0,29.480000000000004,11.713333333333336,18.880000000000003,56.53333333333333,7.1800000000000015,23.160000000000004
f4bfb0920671ab818ebac30a7945b3a1ae8e75954ae03fb6f5fef97822ad0883,11/10/2021,673,0.2999999999999697,31.85333333333333,15.706666666666669,27.4,65.96000000000001,7.866666666666666,21.42
f4bfb0920671ab818ebac30a7945b3a1ae8e75954ae03fb6f5fef97822ad0883,26/10/2021,608,0.1466666666666545,33.900000000000006,15.38,20.186666666666667,58.720000000000006,9.140000000000002,24.14666666666667
f4bfb0920671ab818ebac30a7945b3a1ae8e75954ae03fb6f5fef97822ad0883,10/11/2021,490.666667,5.866666666666515,33.63333333333333,21.133333333333333,36.92666666666667,75.60000000000001,8.226666666666667,21.826666666666668
f4bfb0920671ab818ebac30a7945b3a1ae8e75954ae03fb6f5fef97822ad0883,25/11/2021,1047.666667,4.379999999999957,29.72666666666667,17.280000000000005,37.20666666666667,74.82000000000001,8.000000000000002,23.793333333333333
f4bfb0920671ab818ebac30a7945b3a1ae8e75954ae03fb6f5fef97822ad0883,10/12/2021,1608.333333,4.006666667,32.580000000000005,19.37333333333333,40.39333333333334,85.44666666666667,8.96,24.06
f4bfb0920671ab818ebac30a7945b3a1ae8e75954ae03fb6f5fef97822ad0883,25/12/2021,1655,0.1,36.67333333333333,21.066666666666663,29.03333333333333,71.26666666666667,10.94,27.64666666666667
f4bfb0920671ab818ebac30a7945b3a1ae8e75954ae03fb6f5fef97822ad0883,9/01/2022,1477.666667,0.6733333333332969,38.39333333333333,21.860000000000003,27,67.78666666666668,11.393333333333334,26.64
f4bfb0920671ab818ebac30a7945b3a1ae8e75954ae03fb6f5fef97822ad0883,24/01/2022,1202.666667,8.579999999999897,37.75333333333334,24.56,32.61333333333334,67.29333333333334,10.253333333333334,21.480000000000004
f4bfb0920671ab818ebac30a7945b3a1ae8e75954ae03fb6f5fef97822ad0883,8/02/2022,1256.666667,6.586666666666618,33.06,21.24,42.88,83.16666666666667,7.926666666666667,20.200000000000003
f4bfb0920671ab818ebac30a7945b3a1ae8e75954ae03fb6f5fef97822ad0883,23/02/2022,1995.333333,1.373333333333267,36.553333333333335,21.506666666666668,30.673333333333336,73.15333333333335,9.72,25.76
f4bfb0920671ab818ebac30a7945b3a1ae8e75954ae03fb6f5fef97822ad0883,10/03/2022,1905.333333,0.02,37.10666666666667,20.546666666666667,27.020000000000003,69.84666666666666,9.573333333333334,22.993333333333336
f4bfb0920671ab818ebac30a7945b3a1ae8e75954ae03fb6f5fef97822ad0883,25/03/2022,1584.333333,1.8666666666666365,35.31333333333334,20.35333333333333,30.826666666666668,73.26666666666667,8.326666666666666,22.60666666666667
f4bfb0920671ab818ebac30a7945b3a1ae8e75954ae03fb6f5fef97822ad0883,9/04/2022,1616,4.866666666666576,32.12,17.986666666666668,37.78666666666667,85.86,6.413333333333333,19.35333333333333
f4bfb0920671ab818ebac30a7945b3a1ae8e75954ae03fb6f5fef97822ad0883,24/04/2022,1591.666667,0.006666667,31.16,16.88,34.413333333333334,79.16000000000001,6.0600000000000005,17.780000000000005
f4bfb0920671ab818ebac30a7945b3a1ae8e75954ae03fb6f5fef97822ad0883,9/05/2022,1845.333333,4.646666666666533,25.526666666666667,16.153333333333332,51.54666666666667,89.42000000000002,3.8466666666666662,11.580000000000002
f4bfb0920671ab818ebac30a7945b3a1ae8e75954ae03fb6f5fef97822ad0883,24/05/2022,2059.666667,2.839999999999933,24.006666666666668,14.913333333333334,58.13333333333333,97.37333333333332,3.2666666666666666,10.966666666666669
f4bfb0920671ab818ebac30a7945b3a1ae8e75954ae03fb6f5fef97822ad0883,8/06/2022,1990.666667,0.4866666666666485,21.453333333333333,9.406666666666668,47.766666666666666,93.98666666666668,3.08,11.02
f4bfb0920671ab818ebac30a7945b3a1ae8e75954ae03fb6f5fef97822ad0883,23/06/2022,2264,0,21.26666666666667,4.28,37.013333333333335,98.35333333333332,3.1,13.993333333333334
f4bfb0920671ab818ebac30a7945b3a1ae8e75954ae03fb6f5fef97822ad0883,8/07/2022,2009.333333,1.5199999999999818,18.906666666666663,6.64,51.053333333333335,98.34666666666666,2.606666666666668,11.033333333333331
f4bfb0920671ab818ebac30a7945b3a1ae8e75954ae03fb6f5fef97822ad0883,23/07/2022,1856.333333,1.179999999999988,20.12666666666667,3.726666666666667,38.96,98.72,3,15.073333333333334
f4bfb0920671ab818ebac30a7945b3a1ae8e75954ae03fb6f5fef97822ad0883,7/08/2022,1554.666667,0.6733333333332666,23.14,9.073333333333334,42.48666666666667,96.96,3.4200000000000004,14.68
f4bfb0920671ab818ebac30a7945b3a1ae8e75954ae03fb6f5fef97822ad0883,22/08/2022,1522.333333,0.02,22.78,5.266666666666667,32.16666666666667,94.20666666666668,4.12,17.326666666666668
f4bfb0920671ab818ebac30a7945b3a1ae8e75954ae03fb6f5fef97822ad0883,6/09/2022,1633.666667,4.206666666666631,22.72666666666667,9.78,43.58666666666667,91.18666666666668,4.066666666666666,17.300000000000004
f4bfb0920671ab818ebac30a7945b3a1ae8e75954ae03fb6f5fef97822ad0883,21/09/2022,1880.333333,1.839999999999964,26.026666666666664,11.873333333333331,37.46000000000001,85.78,5.44,18.33333333333333
f4bfb0920671ab818ebac30a7945b3a1ae8e75954ae03fb6f5fef97822ad0883,6/10/2022,1910,0.8333333333333031,27.72666666666667,13.02,36.220000000000006,87.00666666666667,6.166666666666667,20.34
f4bfb0920671ab818ebac30a7945b3a1ae8e75954ae03fb6f5fef97822ad0883,21/10/2022,1899.333333,3.219999999999891,28.57333333333333,16.153333333333332,44.940000000000005,91.69333333333334,6.320000000000001,19.1
f4bfb0920671ab818ebac30a7945b3a1ae8e75954ae03fb6f5fef97822ad0883,5/11/2022,1957.333333,0.5933333333333091,30.886666666666667,15.033333333333337,28.200000000000003,72.46666666666667,8.440000000000001,24.44666666666667
f4bfb0920671ab818ebac30a7945b3a1ae8e75954ae03fb6f5fef97822ad0883,20/11/2022,1878.333333,0.766666667,32.38666666666667,17.62,29.593333333333337,70.76666666666667,8.92,22.72
f4bfb0920671ab818ebac30a7945b3a1ae8e75954ae03fb6f5fef97822ad0883,5/12/2022,1814.333333,0.086666667,32.78666666666667,18.14,27.146666666666665,64.52000000000001,9.12,22.62
f4bfb0920671ab818ebac30a7945b3a1ae8e75954ae03fb6f5fef97822ad0883,20/12/2022,1570.333333,2.239999999999903,35.233333333333334,19.706666666666667,25.160000000000004,59.70000000000001,10.740000000000002,26.54666666666667
f4bfb0920671ab818ebac30a7945b3a1ae8e75954ae03fb6f5fef97822ad0883,4/01/2023,1413,1.4599999999999451,34.693333333333335,21.993333333333336,36.12,73.29333333333334,9.573333333333332,20.74
f4bfb0920671ab818ebac30a7945b3a1ae8e75954ae03fb6f5fef97822ad0883,19/01/2023,1595,4.839999999999963,32.34,21.05333333333333,46.59333333333334,87.08666666666666,7.693333333333333,21.813333333333336
f4bfb0920671ab818ebac30a7945b3a1ae8e75954ae03fb6f5fef97822ad0883,3/02/2023,2252.333333,2.0799999999999272,34.88,22.826666666666668,42.30666666666668,84.59333333333333,8.606666666666666,25.526666666666664
f4bfb0920671ab818ebac30a7945b3a1ae8e75954ae03fb6f5fef97822ad0883,18/02/2023,2256.666667,1.6933333333333092,34.69333333333334,20.34666666666667,34.48666666666667,74.84666666666666,8.72,23.32
f4bfb0920671ab818ebac30a7945b3a1ae8e75954ae03fb6f5fef97822ad0883,5/03/2023,1996.666667,0.1799999999999575,35.93333333333333,21.500000000000004,31.62666666666667,73.16666666666667,8.9,22.880000000000003
f4bfb0920671ab818ebac30a7945b3a1ae8e75954ae03fb6f5fef97822ad0883,20/03/2023,1994.666667,4.019999999999921,32.92666666666667,20.23333333333333,46.760000000000005,91.48,6.74,19.12666666666667
f4bfb0920671ab818ebac30a7945b3a1ae8e75954ae03fb6f5fef97822ad0883,4/04/2023,2076.666667,0.02,33.18,18.71333333333333,33.60666666666667,79.06666666666668,7.24,20.21333333333333
f4bfb0920671ab818ebac30a7945b3a1ae8e75954ae03fb6f5fef97822ad0883,19/04/2023,2043,0.3133333333332909,31.88,13.900000000000002,27.75333333333333,77.98666666666666,6.406666666666666,18.013333333333332
f4bfb0920671ab818ebac30a7945b3a1ae8e75954ae03fb6f5fef97822ad0883,4/05/2023,1856,0.4466666666666242,28.19333333333333,12.766666666666667,34.50666666666667,86.32666666666667,5.193333333333333,16.526666666666667
f4bfb0920671ab818ebac30a7945b3a1ae8e75954ae03fb6f5fef97822ad0883,19/05/2023,2017,0,25.10666666666667,8.153333333333332,30.906666666666677,88.06666666666666,4.36,16.366666666666667
f4bfb0920671ab818ebac30a7945b3a1ae8e75954ae03fb6f5fef97822ad0883,3/06/2023,1774,0,24.18,4.326666666666667,25.40666666666667,88.78,4.2,15.673333333333334
f4bfb0920671ab818ebac30a7945b3a1ae8e75954ae03fb6f5fef97822ad0883,18/06/2023,1894.666667,0.006666667,25.553333333333335,9.733333333333333,34.373333333333335,90.10666666666668,3.506666666666667,14.013333333333334
f4bfb0920671ab818ebac30a7945b3a1ae8e75954ae03fb6f5fef97822ad0883,3/07/2023,1794.666667,0.4666666666666667,23.6,9.553333333333336,34.92666666666666,75.61333333333333,3.48,12.486666666666668
f4bfb0920671ab818ebac30a7945b3a1ae8e75954ae03fb6f5fef97822ad0883,18/07/2023,1703.333333,2.233333333333303,22.37333333333333,7.106666666666667,40.79333333333334,96.84,3.1133333333333337,14.54
f4bfb0920671ab818ebac30a7945b3a1ae8e75954ae03fb6f5fef97822ad0883,2/08/2023,1798.666667,0,24.56,8.52,32.440000000000005,88.28,3.7,15.98
f4bfb0920671ab818ebac30a7945b3a1ae8e75954ae03fb6f5fef97822ad0883,17/08/2023,1864.666667,0,27.60666666666667,8.706666666666669,25.566666666666663,81.87333333333335,5,17.873333333333335
f4bfb0920671ab818ebac30a7945b3a1ae8e75954ae03fb6f5fef97822ad0883,1/09/2023,1893.333333,0,27.71333333333333,8.713333333333335,24.53333333333333,79.45333333333333,5.206666666666667,19.26666666666667
f4bfb0920671ab818ebac30a7945b3a1ae8e75954ae03fb6f5fef97822ad0883,16/09/2023,1805.666667,0,29.69333333333333,10.9,19.54666666666667,64.5,7.0200000000000005,21.22
f4bfb0920671ab818ebac30a7945b3a1ae8e75954ae03fb6f5fef97822ad0883,1/10/2023,1414.333333,0,32.29333333333333,14.56,23.44666666666667,68.84,7.646666666666666,23.04666666666667
f4bfb0920671ab818ebac30a7945b3a1ae8e75954ae03fb6f5fef97822ad0883,16/10/2023,1176,0,32.08666666666667,15.16,22.7,60.873333333333335,8.426666666666668,24.313333333333333
f4bfb0920671ab818ebac30a7945b3a1ae8e75954ae03fb6f5fef97822ad0883,31/10/2023,1034.666667,0.733333333,34.70666666666667,16.68,17.826666666666668,51.78666666666667,9.713333333333331,26.74
f4bfb0920671ab818ebac30a7945b3a1ae8e75954ae03fb6f5fef97822ad0883,15/11/2023,881.333333,0.8399999999999637,36.21333333333334,20.566666666666663,25.72,61.693333333333335,10.42,27.333333333333336
f4bfb0920671ab818ebac30a7945b3a1ae8e75954ae03fb6f5fef97822ad0883,30/11/2023,844,4.619999999999891,32.553333333333335,20.806666666666665,42.28666666666667,80.48666666666666,7.7266666666666675,20.426666666666662
f4bfb0920671ab818ebac30a7945b3a1ae8e75954ae03fb6f5fef97822ad0883,15/12/2023,900.333333,0.06,37.08666666666667,21.733333333333334,29.74000000000001,72.08666666666667,10.946666666666664,28.84
f4bfb0920671ab818ebac30a7945b3a1ae8e75954ae03fb6f5fef97822ad0883,30/12/2023,842.666667,3.539999999999903,37.873333333333335,20.986666666666668,28.646666666666665,71.3,11.106666666666667,27.74
f4bfb0920671ab818ebac30a7945b3a1ae8e75954ae03fb6f5fef97822ad0883,14/01/2024,811,1.8266666666665516,36.96,23.266666666666666,37.86666666666667,81.32666666666667,9.533333333333331,25.513333333333332
f4bfb0920671ab818ebac30a7945b3a1ae8e75954ae03fb6f5fef97822ad0883,29/01/2024,811.666667,4.139999999999933,37.75333333333333,25.46,39.806666666666665,78.89333333333335,9.606666666666666,25.313333333333333
f4bfb0920671ab818ebac30a7945b3a1ae8e75954ae03fb6f5fef97822ad0883,13/02/2024,959.333333,2.486666666666618,36.52666666666667,23.780000000000005,39.440000000000005,80.98666666666668,8.88,23.993333333333336
f4bfb0920671ab818ebac30a7945b3a1ae8e75954ae03fb6f5fef97822ad0883,28/02/2024,1755,3.366666666666606,34.04,22.206666666666667,46.62666666666667,91.98666666666668,7.660000000000001,23.38
f4bfb0920671ab818ebac30a7945b3a1ae8e75954ae03fb6f5fef97822ad0883,14/03/2024,2055,0.006666667,35.7,21.08,33.45333333333333,78.02666666666666,8.533333333333333,24.37333333333333
f4bfb0920671ab818ebac30a7945b3a1ae8e75954ae03fb6f5fef97822ad0883,29/03/2024,2125,7.666666666666606,32.52,22.026666666666667,48.67333333333333,84.55333333333334,6.453333333333334,16.773333333333333
f4bfb0920671ab818ebac30a7945b3a1ae8e75954ae03fb6f5fef97822ad0883,13/04/2024,2421.666667,7.266666666666636,28.58,16.013333333333335,44.82666666666668,92.14666666666668,5.446666666666667,19.54666666666667
f4bfb0920671ab818ebac30a7945b3a1ae8e75954ae03fb6f5fef97822ad0883,28/04/2024,2666,0.1266666666666424,28.686666666666667,13.86,36.86666666666667,89.81333333333333,5.493333333333334,18.86
f4bfb0920671ab818ebac30a7945b3a1ae8e75954ae03fb6f5fef97822ad0883,13/05/2024,2745,0.5999999999999697,27.706666666666667,13.76,41.973333333333336,96.06666666666666,4.386666666666667,16.14666666666667
f4bfb0920671ab818ebac30a7945b3a1ae8e75954ae03fb6f5fef97822ad0883,28/05/2024,2846.666667,0,25.57333333333333,8.826666666666666,34.10666666666667,95.59333333333332,4.2,15.32
f4bfb0920671ab818ebac30a7945b3a1ae8e75954ae03fb6f5fef97822ad0883,12/06/2024,2452,0.7733333333333273,22.36666666666667,6.44,40.93333333333333,98.2,3.193333333333334,13.813333333333333
f4bfb0920671ab818ebac30a7945b3a1ae8e75954ae03fb6f5fef97822ad0883,27/06/2024,2738.333333,0.1399999999999939,23.01333333333333,5.026666666666667,32.02,93.56666666666666,3.32,13.653333333333334
f4bfb0920671ab818ebac30a7945b3a1ae8e75954ae03fb6f5fef97822ad0883,12/07/2024,2382,0.3999999999999696,23.466666666666672,9.533333333333331,46.56000000000001,98.89333333333336,2.9933333333333336,12.986666666666668
f4bfb0920671ab818ebac30a7945b3a1ae8e75954ae03fb6f5fef97822ad0883,27/07/2024,1515.666667,0.4066666666666606,21.293333333333333,4.206666666666667,34.153333333333336,95.32666666666664,3.2,14.753333333333334
f4bfb0920671ab818ebac30a7945b3a1ae8e75954ae03fb6f5fef97822ad0883,11/08/2024,1377,0.08,23.413333333333338,6.186666666666667,33.16666666666667,90.28,3.873333333333334,15.873333333333337
f4bfb0920671ab818ebac30a7945b3a1ae8e75954ae03fb6f5fef97822ad0883,26/08/2024,1231,0.046666667,29.28666666666667,11.026666666666667,32.24666666666666,89.64666666666668,5.080000000000001,18.813333333333336
f4bfb0920671ab818ebac30a7945b3a1ae8e75954ae03fb6f5fef97822ad0883,10/09/2024,1234,0,32.4,13.260000000000002,24.03333333333334,76.43333333333334,6.94,20.98
f4bfb0920671ab818ebac30a7945b3a1ae8e75954ae03fb6f5fef97822ad0883,25/09/2024,1326.666667,0,29.72000000000001,11.666666666666666,20.03333333333333,58.84666666666667,7.140000000000001,22.380000000000003
f4bfb0920671ab818ebac30a7945b3a1ae8e75954ae03fb6f5fef97822ad0883,10/10/2024,1567.333333,0.7599999999999454,32.24666666666667,15.04,26.280000000000005,72.37333333333335,7.96,23.60666666666667
f4bfb0920671ab818ebac30a7945b3a1ae8e75954ae03fb6f5fef97822ad0883,25/10/2024,1840,0,35.15333333333333,19.293333333333333,25.913333333333338,65.56,9.086666666666668,24.76
f4bfb0920671ab818ebac30a7945b3a1ae8e75954ae03fb6f5fef97822ad0883,9/11/2024,1664.666667,0.2066666666666302,37.71333333333334,20.566666666666663,20.32,53.78,10.853333333333332,26.35333333333333
f4bfb0920671ab818ebac30a7945b3a1ae8e75954ae03fb6f5fef97822ad0883,24/11/2024,1790.666667,5.306666667,34.44666666666667,21.633333333333336,38.3,78.28666666666668,8.706666666666667,23.01333333333333
f4bfb0920671ab818ebac30a7945b3a1ae8e75954ae03fb6f5fef97822ad0883,9/12/2024,2131.666667,3.166666666666576,34.406666666666666,23.026666666666664,44.14666666666667,82.42,8.946666666666667,25.206666666666667
f4bfb0920671ab818ebac30a7945b3a1ae8e75954ae03fb6f5fef97822ad0883,24/12/2024,1938.666667,0.5133333333332909,36.54,22.106666666666666,34.14666666666667,76.94000000000001,10.513333333333334,28.62
d948ac9f3cded5997708a858bdd25209d1e3b884a9e27698827fb08f624d574a,4/02/2017,1513,0.9133333333332606,37.88666666666667,24.540000000000003,35.75333333333334,75.6,10.026666666666667,24.76666666666667
d948ac9f3cded5997708a858bdd25209d1e3b884a9e27698827fb08f624d574a,19/02/2017,935,0.2066666666666302,39.36,24.24666666666667,27.766666666666666,64.36666666666666,10.646666666666668,25.226666666666667
d948ac9f3cded5997708a858bdd25209d1e3b884a9e27698827fb08f624d574a,6/03/2017,879,0.9799999999999272,35.86666666666667,20.546666666666667,31.026666666666667,75.55333333333334,8.706666666666667,21.466666666666672
d948ac9f3cded5997708a858bdd25209d1e3b884a9e27698827fb08f624d574a,21/03/2017,909,0.3799999999999575,36.373333333333335,20.19333333333333,29.52,72.73333333333333,8.466666666666667,20.886666666666667
d948ac9f3cded5997708a858bdd25209d1e3b884a9e27698827fb08f624d574a,5/04/2017,1318,0.026666667,33.88666666666667,18.466666666666665,32.63333333333333,79.44666666666667,7.266666666666667,19.39333333333333
d948ac9f3cded5997708a858bdd25209d1e3b884a9e27698827fb08f624d574a,20/04/2017,1338.666667,0,31.280000000000005,13.726666666666668,26.85333333333333,77.42666666666668,6.38,20.24
d948ac9f3cded5997708a858bdd25209d1e3b884a9e27698827fb08f624d574a,5/05/2017,1254.666667,0.04,28.78666666666667,13.9,32.1,79.64666666666668,5.306666666666668,16.233333333333334
d948ac9f3cded5997708a858bdd25209d1e3b884a9e27698827fb08f624d574a,20/05/2017,1066,0.3466666666666242,27.08,11.406666666666666,34.88666666666666,87.1,4.366666666666666,14.42
d948ac9f3cded5997708a858bdd25209d1e3b884a9e27698827fb08f624d574a,4/06/2017,1128,0,26.4,8.813333333333334,27.90666666666667,82.32666666666667,4.3133333333333335,15.48
d948ac9f3cded5997708a858bdd25209d1e3b884a9e27698827fb08f624d574a,19/06/2017,1400.666667,0,23.53333333333333,5.626666666666666,30.433333333333334,92.37333333333332,3.426666666666667,14.9
d948ac9f3cded5997708a858bdd25209d1e3b884a9e27698827fb08f624d574a,4/07/2017,1442,0.2933333333333091,24.96,8.413333333333334,33.32666666666667,89.77333333333334,3.48,13.32
d948ac9f3cded5997708a858bdd25209d1e3b884a9e27698827fb08f624d574a,19/07/2017,1434.666667,1.0266666666665818,24.526666666666667,9.946666666666667,38.2,89.48666666666666,3.333333333333333,13.193333333333332
d948ac9f3cded5997708a858bdd25209d1e3b884a9e27698827fb08f624d574a,3/08/2017,1183,0,26.266666666666666,6.6466666666666665,22.53333333333334,76.56,4.220000000000001,17.21333333333333
d948ac9f3cded5997708a858bdd25209d1e3b884a9e27698827fb08f624d574a,18/08/2017,957.333333,0,27.82,6.113333333333334,17.773333333333333,69.25333333333334,5.353333333333334,19.26
d948ac9f3cded5997708a858bdd25209d1e3b884a9e27698827fb08f624d574a,2/09/2017,927,0,25.76,5.913333333333333,15.460000000000004,54.86000000000001,5.3933333333333335,21.06
d948ac9f3cded5997708a858bdd25209d1e3b884a9e27698827fb08f624d574a,17/09/2017,899.666667,0,28.026666666666667,8.24,16.226666666666667,56.82666666666668,6.726666666666668,22.58
d948ac9f3cded5997708a858bdd25209d1e3b884a9e27698827fb08f624d574a,2/10/2017,834,0.053333333,34.53333333333333,15.660000000000002,18.76,55.18,8.853333333333333,21.826666666666668
d948ac9f3cded5997708a858bdd25209d1e3b884a9e27698827fb08f624d574a,17/10/2017,896.666667,2.039999999999903,33.9,19.746666666666663,34.67333333333333,77.88666666666667,7.833333333333334,20.76
d948ac9f3cded5997708a858bdd25209d1e3b884a9e27698827fb08f624d574a,1/11/2017,840.333333,1.673333333333206,32.13333333333334,16.82,30.78666666666667,73.83333333333334,7.986666666666666,22.933333333333337
d948ac9f3cded5997708a858bdd25209d1e3b884a9e27698827fb08f624d574a,16/11/2017,770,0.2933333333332787,33.34,18.21333333333333,26.66,63.98,9.36,24.32
d948ac9f3cded5997708a858bdd25209d1e3b884a9e27698827fb08f624d574a,1/12/2017,836.333333,0.566666667,34.06666666666667,20.486666666666668,32.153333333333336,71.24000000000001,9.093333333333334,22.986666666666668
d948ac9f3cded5997708a858bdd25209d1e3b884a9e27698827fb08f624d574a,16/12/2017,636,0.633333333,36.11333333333334,20.2,23.46,57.54666666666667,11.153333333333334,27.34666666666667
d948ac9f3cded5997708a858bdd25209d1e3b884a9e27698827fb08f624d574a,31/12/2017,565.666667,0.4266666666665817,39.86000000000001,25.113333333333337,24.293333333333337,56.06666666666668,11.946666666666667,26.35333333333333
d948ac9f3cded5997708a858bdd25209d1e3b884a9e27698827fb08f624d574a,15/01/2018,568.666667,0.1,39.32,24.746666666666663,23.12666666666667,52.54666666666667,11.7,26.14
d948ac9f3cded5997708a858bdd25209d1e3b884a9e27698827fb08f624d574a,30/01/2018,561,0.4266666666666424,38.35333333333334,24.486666666666668,25.593333333333337,56.49333333333333,10.926666666666668,23.913333333333338
d948ac9f3cded5997708a858bdd25209d1e3b884a9e27698827fb08f624d574a,14/02/2018,447.666667,1.4066666666666603,37.61333333333333,22.22,26.33333333333333,60.52,10.42,23.6
d948ac9f3cded5997708a858bdd25209d1e3b884a9e27698827fb08f624d574a,1/03/2018,428,0.3999999999999696,38.13333333333334,23.37333333333333,31.44666666666667,71.39333333333335,9.793333333333331,22.266666666666666
d948ac9f3cded5997708a858bdd25209d1e3b884a9e27698827fb08f624d574a,16/03/2018,532.666667,7.073333333333267,30.88666666666667,20.03333333333334,47.67333333333333,86.35333333333334,6.193333333333333,16.76
d948ac9f3cded5997708a858bdd25209d1e3b884a9e27698827fb08f624d574a,31/03/2018,1662.666667,2.1733333333332667,33.67333333333333,19.64,38.46000000000001,86.65333333333334,7.453333333333334,20.28
d948ac9f3cded5997708a858bdd25209d1e3b884a9e27698827fb08f624d574a,15/04/2018,2130.333333,0.04,32.32666666666667,18.166666666666668,35.720000000000006,82.16666666666667,6.3,18.75333333333333
d948ac9f3cded5997708a858bdd25209d1e3b884a9e27698827fb08f624d574a,30/04/2018,1597,0,30.62,13.866666666666667,29.420000000000005,80.38000000000001,6.013333333333334,18.65333333333333
d948ac9f3cded5997708a858bdd25209d1e3b884a9e27698827fb08f624d574a,15/05/2018,1445.333333,0,27.05333333333333,10.406666666666666,29.040000000000006,82.01333333333334,4.613333333333334,16.586666666666666
d948ac9f3cded5997708a858bdd25209d1e3b884a9e27698827fb08f624d574a,30/05/2018,1453.666667,0,25.22,8.5,27.94,79.96666666666667,4.286666666666666,15.446666666666664
d948ac9f3cded5997708a858bdd25209d1e3b884a9e27698827fb08f624d574a,14/06/2018,1576,0.006666667,23.35333333333334,6.4,28.566666666666663,82.79333333333334,3.4733333333333336,14.413333333333334
d948ac9f3cded5997708a858bdd25209d1e3b884a9e27698827fb08f624d574a,29/06/2018,1569.333333,0.006666667,21.966666666666672,5.486666666666667,32.086666666666666,88.01333333333334,3.2133333333333334,13.140000000000002
d948ac9f3cded5997708a858bdd25209d1e3b884a9e27698827fb08f624d574a,14/07/2018,1247.666667,0.04,22.73333333333333,5.986666666666666,32.373333333333335,89.56,3.333333333333334,14.673333333333334
d948ac9f3cded5997708a858bdd25209d1e3b884a9e27698827fb08f624d574a,29/07/2018,1017.666667,0.033333333,24.83333333333333,5.186666666666667,22.253333333333337,74.03999999999999,3.8666666666666663,16.14
d948ac9f3cded5997708a858bdd25209d1e3b884a9e27698827fb08f624d574a,13/08/2018,869.333333,0,24.39333333333333,5.42,21.513333333333332,71.56666666666666,4.540000000000001,18.146666666666665
d948ac9f3cded5997708a858bdd25209d1e3b884a9e27698827fb08f624d574a,28/08/2018,800,0.013333333,25.04666666666667,4.193333333333334,19,67.68666666666667,4.8933333333333335,20.660000000000004
d948ac9f3cded5997708a858bdd25209d1e3b884a9e27698827fb08f624d574a,12/09/2018,890.666667,0,27.973333333333336,10.12,21.49333333333333,63.406666666666666,6.253333333333333,20.96
d948ac9f3cded5997708a858bdd25209d1e3b884a9e27698827fb08f624d574a,27/09/2018,838,0,29.73333333333333,12.053333333333336,20.360000000000003,60.64666666666667,7.0600000000000005,23.493333333333336
d948ac9f3cded5997708a858bdd25209d1e3b884a9e27698827fb08f624d574a,12/10/2018,897.333333,0,32.62666666666667,16.173333333333332,23.933333333333334,64.18666666666667,8.246666666666666,22.68
d948ac9f3cded5997708a858bdd25209d1e3b884a9e27698827fb08f624d574a,27/10/2018,833.666667,2.179999999999897,35.74,19.64666666666667,28.22,71.46000000000001,9.106666666666667,23.89333333333333
d948ac9f3cded5997708a858bdd25209d1e3b884a9e27698827fb08f624d574a,11/11/2018,732.666667,0.08,36.18,20.993333333333336,23.53333333333334,56.32000000000001,10.32,25.44
d948ac9f3cded5997708a858bdd25209d1e3b884a9e27698827fb08f624d574a,26/11/2018,526,0.7133333333332909,34.76,20,26.28666666666667,56.873333333333335,9.84,25.22
d948ac9f3cded5997708a858bdd25209d1e3b884a9e27698827fb08f624d574a,11/12/2018,450.333333,0,36.68,20.6,20.2,49.48,11.42,27.40666666666667
d948ac9f3cded5997708a858bdd25209d1e3b884a9e27698827fb08f624d574a,26/12/2018,387.333333,1.2466666666666242,37.82000000000001,22.993333333333336,23.76,53.8,11.66,24.586666666666662
d948ac9f3cded5997708a858bdd25209d1e3b884a9e27698827fb08f624d574a,10/01/2019,376.666667,0.2866666666666485,38.14,24.62,25.280000000000005,54.540000000000006,11.373333333333337,25.9
d948ac9f3cded5997708a858bdd25209d1e3b884a9e27698827fb08f624d574a,25/01/2019,355.333333,0.026666667,39.64,24.89333333333333,24.466666666666665,56.39333333333334,11.78,26.71333333333333
d948ac9f3cded5997708a858bdd25209d1e3b884a9e27698827fb08f624d574a,9/02/2019,391.666667,0.7533333333332545,34.50666666666667,23.71333333333333,36.24666666666667,66.42,8.280000000000001,16.533333333333335
d948ac9f3cded5997708a858bdd25209d1e3b884a9e27698827fb08f624d574a,24/02/2019,390.333333,0.2733333333332666,38.53333333333333,21.52,18.96,48.4,11.24,26.953333333333333
d948ac9f3cded5997708a858bdd25209d1e3b884a9e27698827fb08f624d574a,11/03/2019,458.666667,0.006666667,36.406666666666666,22.89333333333333,28.646666666666665,62.31333333333334,9.080000000000002,20.62
d948ac9f3cded5997708a858bdd25209d1e3b884a9e27698827fb08f624d574a,26/03/2019,533,7.306666667,36.44666666666667,23.100000000000005,34.5,70.86,8.233333333333334,20.173333333333336
d948ac9f3cded5997708a858bdd25209d1e3b884a9e27698827fb08f624d574a,10/04/2019,673.333333,9.046666666666594,28.53333333333333,17.273333333333333,44.013333333333335,82.54,5.526666666666667,18.36
d948ac9f3cded5997708a858bdd25209d1e3b884a9e27698827fb08f624d574a,25/04/2019,1476,0.006666667,28.30666666666667,16.073333333333334,41.95333333333334,85.45333333333335,5.213333333333334,16.580000000000002
d948ac9f3cded5997708a858bdd25209d1e3b884a9e27698827fb08f624d574a,10/05/2019,1870,0.733333333,24.866666666666667,12.660000000000002,45.56666666666667,91.29333333333332,4.08,15.286666666666669
d948ac9f3cded5997708a858bdd25209d1e3b884a9e27698827fb08f624d574a,25/05/2019,2294.666667,0,25.706666666666667,10.933333333333334,39.59333333333334,95.96,4.006666666666667,14.313333333333334
d948ac9f3cded5997708a858bdd25209d1e3b884a9e27698827fb08f624d574a,9/06/2019,2086.333333,0.006666667,20.613333333333337,5.3133333333333335,35.306666666666665,90.57333333333334,3.3000000000000003,12.486666666666668
d948ac9f3cded5997708a858bdd25209d1e3b884a9e27698827fb08f624d574a,24/06/2019,1866.666667,0,22.39333333333333,5.673333333333334,32.440000000000005,89.83333333333333,3.253333333333333,14.593333333333334
d948ac9f3cded5997708a858bdd25209d1e3b884a9e27698827fb08f624d574a,9/07/2019,1468,0.1666666666666363,23.346666666666668,9.8,41.22666666666667,90.45333333333332,3.140000000000001,11.186666666666667
d948ac9f3cded5997708a858bdd25209d1e3b884a9e27698827fb08f624d574a,24/07/2019,1349.666667,0,22.71333333333333,4.24,30.08,92.02666666666669,3.4000000000000004,15.98
d948ac9f3cded5997708a858bdd25209d1e3b884a9e27698827fb08f624d574a,8/08/2019,1277.666667,0.013333333,25.15333333333333,7.38,24.99333333333333,76.08,4.16,14.613333333333337
d948ac9f3cded5997708a858bdd25209d1e3b884a9e27698827fb08f624d574a,23/08/2019,1044.333333,0,23.586666666666662,5.24,23.633333333333336,77.52000000000001,4.5200000000000005,19.24666666666667
d948ac9f3cded5997708a858bdd25209d1e3b884a9e27698827fb08f624d574a,7/09/2019,1093.666667,0,28.2,8.74,18.60666666666667,58.10666666666668,6.1000000000000005,21.113333333333337
d948ac9f3cded5997708a858bdd25209d1e3b884a9e27698827fb08f624d574a,22/09/2019,1032,0,28.926666666666662,8.586666666666668,17.1,58.67333333333333,7.013333333333334,23.26
d948ac9f3cded5997708a858bdd25209d1e3b884a9e27698827fb08f624d574a,7/10/2019,1029.666667,0,32.21333333333333,15.76,21.71333333333333,58.53333333333333,8.026666666666667,22.513333333333332
d948ac9f3cded5997708a858bdd25209d1e3b884a9e27698827fb08f624d574a,22/10/2019,1013.666667,0,34.04666666666667,15.153333333333334,13.786666666666669,41.27333333333333,9.626666666666669,25.133333333333333
d948ac9f3cded5997708a858bdd25209d1e3b884a9e27698827fb08f624d574a,6/11/2019,836,4.806666667,31.020000000000003,18.433333333333334,32.24,64.21333333333334,8.033333333333333,21.80666666666667
d948ac9f3cded5997708a858bdd25209d1e3b884a9e27698827fb08f624d574a,21/11/2019,349.666667,0,35.32,16.253333333333334,15.753333333333334,48.28666666666667,11,29.62
d948ac9f3cded5997708a858bdd25209d1e3b884a9e27698827fb08f624d574a,6/12/2019,390.666667,0.4066666666666302,36.66,20.506666666666668,20.87333333333333,50.99333333333333,11.04,26.800000000000004
d948ac9f3cded5997708a858bdd25209d1e3b884a9e27698827fb08f624d574a,21/12/2019,456.666667,0,40.38666666666667,22.513333333333332,15.133333333333333,40.77333333333333,13.193333333333332,28.89333333333333
d948ac9f3cded5997708a858bdd25209d1e3b884a9e27698827fb08f624d574a,5/01/2020,523.333333,0.02,40.04666666666667,24.94666666666667,22.013333333333332,51.4,12.42,27.506666666666668
d948ac9f3cded5997708a858bdd25209d1e3b884a9e27698827fb08f624d574a,20/01/2020,339.666667,1.2399999999999334,38.16,24.32,27.973333333333336,62.06666666666667,10.68,25.133333333333333
d948ac9f3cded5997708a858bdd25209d1e3b884a9e27698827fb08f624d574a,4/02/2020,449.666667,5.346666666666594,34.86666666666667,23.92,42.833333333333336,77.89333333333335,8.360000000000001,19.34
d948ac9f3cded5997708a858bdd25209d1e3b884a9e27698827fb08f624d574a,19/02/2020,867.666667,2.479999999999897,36.88,22.89333333333333,36.333333333333336,80.49333333333334,9.2,24.48
d948ac9f3cded5997708a858bdd25209d1e3b884a9e27698827fb08f624d574a,5/03/2020,1316.333333,11.133333333333212,33.49333333333333,22.65333333333333,46.38666666666667,85.04,7.246666666666667,19.44
d948ac9f3cded5997708a858bdd25209d1e3b884a9e27698827fb08f624d574a,20/03/2020,1722.333333,1.433333333333303,31.026666666666664,17.446666666666665,39.726666666666674,88.09333333333333,7.1866666666666665,21.92666666666667
d948ac9f3cded5997708a858bdd25209d1e3b884a9e27698827fb08f624d574a,4/04/2020,1931.333333,0.4799999999999879,33.506666666666675,19.793333333333337,36.27333333333333,81.08,7.193333333333333,19.646666666666665
d948ac9f3cded5997708a858bdd25209d1e3b884a9e27698827fb08f624d574a,19/04/2020,2029,0,31.286666666666665,15.573333333333334,29.433333333333337,75.32666666666665,6.266666666666668,19.58666666666667
d948ac9f3cded5997708a858bdd25209d1e3b884a9e27698827fb08f624d574a,4/05/2020,2248,0.006666667,29.040000000000003,12.893333333333334,29.89333333333333,77.42,5.613333333333333,17.94
d948ac9f3cded5997708a858bdd25209d1e3b884a9e27698827fb08f624d574a,19/05/2020,2078,0,26.64666666666667,11.273333333333335,29.773333333333333,76.74000000000001,4.46,15.88
d948ac9f3cded5997708a858bdd25209d1e3b884a9e27698827fb08f624d574a,3/06/2020,1808,0.8599999999999455,21.02,7.9333333333333345,42.333333333333336,89.9,3.313333333333333,12.853333333333332
d948ac9f3cded5997708a858bdd25209d1e3b884a9e27698827fb08f624d574a,18/06/2020,1810.333333,0.1199999999999818,24.89333333333333,8.76,33.72666666666667,90.98666666666666,3.4533333333333336,14.213333333333336
d948ac9f3cded5997708a858bdd25209d1e3b884a9e27698827fb08f624d574a,3/07/2020,1634.666667,0.006666667,23.3,6.326666666666667,33.79333333333334,96.66666666666669,3.3000000000000003,13.873333333333337
d948ac9f3cded5997708a858bdd25209d1e3b884a9e27698827fb08f624d574a,18/07/2020,1598.666667,0,21.633333333333336,4.506666666666666,32.653333333333336,94.88666666666668,3.26,14.726666666666668
d948ac9f3cded5997708a858bdd25209d1e3b884a9e27698827fb08f624d574a,2/08/2020,1574,0,23.246666666666663,5.366666666666666,29.60666666666667,90,3.58,15.640000000000002
d948ac9f3cded5997708a858bdd25209d1e3b884a9e27698827fb08f624d574a,17/08/2020,1283.666667,1.6866666666666486,24.493333333333336,8.366666666666667,35.373333333333335,90.72,4.286666666666667,16.693333333333335
d948ac9f3cded5997708a858bdd25209d1e3b884a9e27698827fb08f624d574a,1/09/2020,1108.666667,0,25.39333333333333,6.540000000000001,21.233333333333334,69.96666666666667,5.066666666666666,20.68666666666667
d948ac9f3cded5997708a858bdd25209d1e3b884a9e27698827fb08f624d574a,16/09/2020,1150,0,29.846666666666668,14.28,30.05333333333333,77.96000000000001,6.473333333333334,20.88
d948ac9f3cded5997708a858bdd25209d1e3b884a9e27698827fb08f624d574a,1/10/2020,1140,2.113333333333291,28.75333333333333,14.653333333333334,29.8,67.09333333333333,6.5,20.15333333333333
d948ac9f3cded5997708a858bdd25209d1e3b884a9e27698827fb08f624d574a,16/10/2020,1107.666667,0.5999999999999394,31.500000000000004,16.693333333333335,27.660000000000004,66.69333333333334,8.073333333333334,23.980000000000004
d948ac9f3cded5997708a858bdd25209d1e3b884a9e27698827fb08f624d574a,31/10/2020,907,0.3199999999999515,32.406666666666666,15.006666666666668,23.74666666666667,65.02666666666667,8.513333333333334,24.3
d948ac9f3cded5997708a858bdd25209d1e3b884a9e27698827fb08f624d574a,15/11/2020,794.333333,0.6866666666666484,35.126666666666665,17.873333333333335,23.34,60.11333333333334,10.253333333333334,27.44666666666667
d948ac9f3cded5997708a858bdd25209d1e3b884a9e27698827fb08f624d574a,30/11/2020,867.333333,0.033333333,39.080000000000005,24.146666666666665,21.106666666666666,48.68666666666668,11.813333333333334,28.773333333333333
d948ac9f3cded5997708a858bdd25209d1e3b884a9e27698827fb08f624d574a,15/12/2020,801,0.7333333333332727,37.48666666666667,23.360000000000003,23.94,52.92,11.313333333333334,25.973333333333336
d948ac9f3cded5997708a858bdd25209d1e3b884a9e27698827fb08f624d574a,30/12/2020,716,1.8266666666665816,34.74666666666667,23.100000000000005,39.81333333333334,74.86,9.253333333333334,19.84
d948ac9f3cded5997708a858bdd25209d1e3b884a9e27698827fb08f624d574a,14/01/2021,1985.333333,4.226666666666521,33.086666666666666,21.326666666666664,45.24666666666667,88.89333333333335,8.000000000000002,21
d948ac9f3cded5997708a858bdd25209d1e3b884a9e27698827fb08f624d574a,29/01/2021,1812.333333,0.6799999999999575,37.02666666666666,22.920000000000005,27.78,62.11333333333334,10.593333333333334,25.360000000000003
d948ac9f3cded5997708a858bdd25209d1e3b884a9e27698827fb08f624d574a,13/02/2021,1497.333333,2.513333333,36.726666666666674,23.733333333333334,34.913333333333334,73.01333333333334,9.086666666666668,21.55333333333333
d948ac9f3cded5997708a858bdd25209d1e3b884a9e27698827fb08f624d574a,28/02/2021,1188,1.966666666666606,35.89333333333333,21.78666666666667,33.986666666666665,75.64666666666668,8.813333333333334,21.866666666666667
d948ac9f3cded5997708a858bdd25209d1e3b884a9e27698827fb08f624d574a,15/03/2021,1186.666667,2.233333333333273,34.82000000000001,20.80666666666667,34.406666666666666,73.5,7.913333333333333,21.953333333333333
d948ac9f3cded5997708a858bdd25209d1e3b884a9e27698827fb08f624d574a,30/03/2021,1361,3.0799999999999272,31.08,19.146666666666665,43.8,86.16000000000001,6.453333333333334,17.746666666666666
d948ac9f3cded5997708a858bdd25209d1e3b884a9e27698827fb08f624d574a,14/04/2021,2078.666667,1.4533333333333152,29.980000000000004,15.713333333333331,36.48666666666667,83.86666666666666,5.88,19.013333333333332
d948ac9f3cded5997708a858bdd25209d1e3b884a9e27698827fb08f624d574a,29/04/2021,2029.666667,0.026666667,28.793333333333333,12.74,27.88666666666667,74.79333333333332,5.793333333333334,17.473333333333336
d948ac9f3cded5997708a858bdd25209d1e3b884a9e27698827fb08f624d574a,14/05/2021,2118.333333,0.04,27.586666666666662,11.473333333333334,32.580000000000005,87.33333333333334,4.6,16.766666666666666
d948ac9f3cded5997708a858bdd25209d1e3b884a9e27698827fb08f624d574a,29/05/2021,1613.333333,0,24.473333333333336,8.053333333333335,28.706666666666667,80.88000000000001,4.220000000000001,15.6
d948ac9f3cded5997708a858bdd25209d1e3b884a9e27698827fb08f624d574a,13/06/2021,1607.666667,0.093333333,22.64666666666667,5.98,33.940000000000005,91.71333333333334,3.353333333333333,13.233333333333333
d948ac9f3cded5997708a858bdd25209d1e3b884a9e27698827fb08f624d574a,28/06/2021,1865,1.2933333333332788,21.366666666666667,6.746666666666667,40.45333333333333,92.74,3.026666666666667,11.453333333333337
d948ac9f3cded5997708a858bdd25209d1e3b884a9e27698827fb08f624d574a,13/07/2021,1317.666667,1.3199999999999212,20.966666666666672,6.5,41.866666666666674,97.54,2.960000000000001,13.733333333333336
d948ac9f3cded5997708a858bdd25209d1e3b884a9e27698827fb08f624d574a,28/07/2021,1248.666667,0,23.146666666666665,5.573333333333334,31.07333333333333,90.68666666666668,3.4400000000000004,15.1
d948ac9f3cded5997708a858bdd25209d1e3b884a9e27698827fb08f624d574a,12/08/2021,1220.666667,0.08,25.480000000000004,8.873333333333333,31.006666666666668,87.15333333333335,4.320000000000001,16.66
d948ac9f3cded5997708a858bdd25209d1e3b884a9e27698827fb08f624d574a,27/08/2021,1251.666667,0.3466666666666545,25.60666666666667,9.12,27.133333333333333,76.44,4.653333333333333,18.913333333333338
d948ac9f3cded5997708a858bdd25209d1e3b884a9e27698827fb08f624d574a,11/09/2021,1218,0,27.886666666666667,10.52,27.313333333333336,76.36666666666669,5.853333333333334,19.58
d948ac9f3cded5997708a858bdd25209d1e3b884a9e27698827fb08f624d574a,26/09/2021,1255.333333,0,29.540000000000003,11.646666666666668,19.473333333333336,58.553333333333335,7.12,23.18
d948ac9f3cded5997708a858bdd25209d1e3b884a9e27698827fb08f624d574a,11/10/2021,1244.333333,0.2799999999999878,31.89333333333333,15.693333333333335,28.05333333333333,67.88000000000001,7.820000000000001,21.540000000000003
d948ac9f3cded5997708a858bdd25209d1e3b884a9e27698827fb08f624d574a,26/10/2021,1203.666667,0.2199999999999514,34.04666666666667,15.24,20.62,61.02666666666667,9.073333333333332,24.07333333333333
d948ac9f3cded5997708a858bdd25209d1e3b884a9e27698827fb08f624d574a,10/11/2021,1297,4.953333333333194,33.50666666666667,21.046666666666667,37.58,76.90000000000002,8.093333333333334,21.75333333333333
d948ac9f3cded5997708a858bdd25209d1e3b884a9e27698827fb08f624d574a,25/11/2021,1592.666667,4.853333333333255,29.73333333333333,17.213333333333335,37.48,75.76666666666667,8.033333333333333,23.813333333333336
d948ac9f3cded5997708a858bdd25209d1e3b884a9e27698827fb08f624d574a,10/12/2021,2341.333333,5.673333333333236,32.45333333333333,19.300000000000004,41.24,86.75333333333333,8.726666666666667,24
d948ac9f3cded5997708a858bdd25209d1e3b884a9e27698827fb08f624d574a,25/12/2021,2304,0.2199999999999211,36.49333333333334,20.773333333333333,29.87333333333333,74.05333333333333,10.733333333333333,27.593333333333337
d948ac9f3cded5997708a858bdd25209d1e3b884a9e27698827fb08f624d574a,9/01/2022,2323.333333,1.0599999999999454,38.25333333333333,21.64,27.973333333333336,70.89333333333335,11.086666666666668,26.540000000000003
d948ac9f3cded5997708a858bdd25209d1e3b884a9e27698827fb08f624d574a,24/01/2022,1832.333333,6.153333333333224,37.58666666666667,24.35333333333333,33.14666666666667,68.8,10.04,21.55333333333333
d948ac9f3cded5997708a858bdd25209d1e3b884a9e27698827fb08f624d574a,8/02/2022,1826.666667,5.126666666666552,33.04,21.113333333333337,43.37333333333333,84.56,7.686666666666666,20.14
d948ac9f3cded5997708a858bdd25209d1e3b884a9e27698827fb08f624d574a,23/02/2022,1997.666667,1.7399999999999334,36.41333333333333,21.28666666666667,31.44666666666667,75.36,9.26,25.71333333333333
d948ac9f3cded5997708a858bdd25209d1e3b884a9e27698827fb08f624d574a,10/03/2022,1688,0.02,37.14666666666667,20.35333333333333,27.26,71.43333333333334,9.386666666666668,22.973333333333336
d948ac9f3cded5997708a858bdd25209d1e3b884a9e27698827fb08f624d574a,25/03/2022,1505,2.333333333333333,35.160000000000004,20.10666666666667,31.58,75.64666666666668,8.126666666666667,22.646666666666665
d948ac9f3cded5997708a858bdd25209d1e3b884a9e27698827fb08f624d574a,9/04/2022,1664.666667,3.939999999999873,31.980000000000004,17.953333333333333,38.78666666666667,87.28666666666668,6.293333333333334,19.44
d948ac9f3cded5997708a858bdd25209d1e3b884a9e27698827fb08f624d574a,24/04/2022,1917.333333,0.033333333,31.10666666666667,16.726666666666667,35.19333333333334,81.48,5.946666666666667,17.74666666666667
d948ac9f3cded5997708a858bdd25209d1e3b884a9e27698827fb08f624d574a,9/05/2022,2300,6.313333333,25.6,16.113333333333333,51.88,90.25333333333332,3.793333333333334,11.62
d948ac9f3cded5997708a858bdd25209d1e3b884a9e27698827fb08f624d574a,24/05/2022,2965.666667,3.233333333333273,24.19333333333333,14.886666666666668,57.85333333333333,97.65333333333336,3.2533333333333334,11.073333333333332
d948ac9f3cded5997708a858bdd25209d1e3b884a9e27698827fb08f624d574a,8/06/2022,3022.666667,0.2199999999999818,21.660000000000004,9.393333333333334,47.48,94.14666666666668,3.08,11.186666666666667
d948ac9f3cded5997708a858bdd25209d1e3b884a9e27698827fb08f624d574a,23/06/2022,3093,0,21.40666666666667,4.24,37.02,98.28,3.1133333333333337,14.080000000000002
d948ac9f3cded5997708a858bdd25209d1e3b884a9e27698827fb08f624d574a,8/07/2022,1780.333333,1.8999999999999695,18.91333333333333,6.553333333333334,51.76666666666667,98.92000000000002,2.6,11.06
d948ac9f3cded5997708a858bdd25209d1e3b884a9e27698827fb08f624d574a,23/07/2022,1700,1.1733333333333271,20.226666666666667,3.64,39.1,99.09333333333332,2.9933333333333336,15.206666666666669
d948ac9f3cded5997708a858bdd25209d1e3b884a9e27698827fb08f624d574a,7/08/2022,1476,0.426666667,23.22666666666667,8.953333333333335,42.653333333333336,97.43333333333334,3.433333333333333,14.793333333333331
d948ac9f3cded5997708a858bdd25209d1e3b884a9e27698827fb08f624d574a,22/08/2022,1617.333333,0.026666667,22.92,5.1066666666666665,32.03333333333333,94.96666666666668,4.153333333333333,17.453333333333333
d948ac9f3cded5997708a858bdd25209d1e3b884a9e27698827fb08f624d574a,6/09/2022,1963,4.466666666666606,22.84,9.773333333333332,43.53333333333333,91.26,4.066666666666666,17.3
d948ac9f3cded5997708a858bdd25209d1e3b884a9e27698827fb08f624d574a,21/09/2022,2043,1.913333333333291,26.10666666666667,11.86,37.6,86.83333333333333,5.42,18.53333333333334
d948ac9f3cded5997708a858bdd25209d1e3b884a9e27698827fb08f624d574a,6/10/2022,1844,0.7399999999999636,27.74,12.913333333333334,36.67333333333333,88.48,6.073333333333334,20.34
d948ac9f3cded5997708a858bdd25209d1e3b884a9e27698827fb08f624d574a,21/10/2022,1916.333333,3.633333333333242,28.72666666666667,16.226666666666667,45.13333333333333,92.23333333333332,6.3,19.10666666666667
d948ac9f3cded5997708a858bdd25209d1e3b884a9e27698827fb08f624d574a,5/11/2022,1881.666667,0.533333333,31.040000000000003,14.946666666666667,28.26666666666667,73.44666666666667,8.38,24.56666666666667
d948ac9f3cded5997708a858bdd25209d1e3b884a9e27698827fb08f624d574a,20/11/2022,1894.333333,0.4733333333332666,32.43333333333333,17.533333333333335,29.7,71.48666666666666,8.866666666666669,22.72
d948ac9f3cded5997708a858bdd25209d1e3b884a9e27698827fb08f624d574a,5/12/2022,1503,0.2399999999999029,32.74666666666667,18.113333333333333,27.860000000000003,65.89333333333335,8.906666666666666,22.60666666666667
d948ac9f3cded5997708a858bdd25209d1e3b884a9e27698827fb08f624d574a,20/12/2022,1169,1.6933333333332787,35.17333333333333,19.69333333333333,26.133333333333333,61.84,10.493333333333336,26.42666666666667
d948ac9f3cded5997708a858bdd25209d1e3b884a9e27698827fb08f624d574a,4/01/2023,1175.333333,1.3533333333332849,34.559999999999995,21.69333333333333,35.92,73.50000000000001,9.466666666666669,21.133333333333333
d948ac9f3cded5997708a858bdd25209d1e3b884a9e27698827fb08f624d574a,19/01/2023,1292,5.853333333333224,31.920000000000005,20.84666666666667,48.56666666666667,88.86,7.34,20.72666666666667
d948ac9f3cded5997708a858bdd25209d1e3b884a9e27698827fb08f624d574a,3/02/2023,2526.666667,1.9799999999998663,34.68,22.7,43.23333333333333,86.20666666666666,8.393333333333334,25.513333333333332
d948ac9f3cded5997708a858bdd25209d1e3b884a9e27698827fb08f624d574a,18/02/2023,2549.333333,1.559999999999976,34.64666666666667,20.280000000000005,35.42666666666666,77.18,8.493333333333334,23.26666666666667
d948ac9f3cded5997708a858bdd25209d1e3b884a9e27698827fb08f624d574a,5/03/2023,1998.333333,0.1599999999999454,35.79333333333333,21.246666666666663,32.5,75.82666666666667,8.653333333333334,22.913333333333338
d948ac9f3cded5997708a858bdd25209d1e3b884a9e27698827fb08f624d574a,20/03/2023,2517,5.206666667,32.81333333333333,20.15333333333333,48.52,93.42666666666668,6.506666666666667,19.08
d948ac9f3cded5997708a858bdd25209d1e3b884a9e27698827fb08f624d574a,4/04/2023,2608,0.026666667,33.1,18.586666666666662,34.826666666666675,81.79333333333334,7.086666666666668,20.60666666666667
d948ac9f3cded5997708a858bdd25209d1e3b884a9e27698827fb08f624d574a,19/04/2023,1892.666667,0.1399999999999636,32.00000000000001,13.840000000000002,28.453333333333337,80.24,6.306666666666668,18.03333333333333
d948ac9f3cded5997708a858bdd25209d1e3b884a9e27698827fb08f624d574a,4/05/2023,1481,0.2,28.30666666666667,12.6,34.866666666666674,88.9,5.073333333333334,16.37333333333333
d948ac9f3cded5997708a858bdd25209d1e3b884a9e27698827fb08f624d574a,19/05/2023,1716,0.013333333,25.22,8.006666666666668,30.833333333333336,88.6,4.28,16.32
d948ac9f3cded5997708a858bdd25209d1e3b884a9e27698827fb08f624d574a,3/06/2023,1596.333333,0,24.26,4.2,25.59333333333333,89.6,4.140000000000001,15.66
d948ac9f3cded5997708a858bdd25209d1e3b884a9e27698827fb08f624d574a,18/06/2023,1466.666667,0.08,25.68,9.713333333333331,34.36666666666667,90.74666666666668,3.5,14.146666666666668
d948ac9f3cded5997708a858bdd25209d1e3b884a9e27698827fb08f624d574a,3/07/2023,1504.333333,0.3599999999999757,23.933333333333337,9.68,34.726666666666674,76.06,3.5,12.746666666666668
d948ac9f3cded5997708a858bdd25209d1e3b884a9e27698827fb08f624d574a,18/07/2023,1571.333333,2.4866666666666486,22.506666666666668,7.053333333333333,40.553333333333335,97.04,3.12,14.6
d948ac9f3cded5997708a858bdd25209d1e3b884a9e27698827fb08f624d574a,2/08/2023,1731,0.006666667,24.57333333333333,8.413333333333334,32.653333333333336,88.84,3.693333333333334,16.093333333333334
d948ac9f3cded5997708a858bdd25209d1e3b884a9e27698827fb08f624d574a,17/08/2023,1758.333333,0,27.540000000000003,8.44,26.106666666666676,83.69333333333333,4.94,17.98
d948ac9f3cded5997708a858bdd25209d1e3b884a9e27698827fb08f624d574a,1/09/2023,1523.666667,0,27.74,8.626666666666667,25.42,82.56666666666668,5.173333333333334,19.44666666666667
d948ac9f3cded5997708a858bdd25209d1e3b884a9e27698827fb08f624d574a,16/09/2023,1474,0,29.74,10.853333333333332,20.486666666666668,67.30666666666666,6.933333333333334,21.366666666666667
d948ac9f3cded5997708a858bdd25209d1e3b884a9e27698827fb08f624d574a,1/10/2023,1478.666667,0,32.166666666666664,14.286666666666669,24.14666666666667,71.12000000000002,7.52,23.24
d948ac9f3cded5997708a858bdd25209d1e3b884a9e27698827fb08f624d574a,16/10/2023,1522.666667,0,32.17333333333333,15.060000000000002,23.006666666666664,62.47333333333334,8.360000000000001,24.493333333333336
d948ac9f3cded5997708a858bdd25209d1e3b884a9e27698827fb08f624d574a,31/10/2023,1522,0.233333333,34.66,16.64666666666667,18.3,52.96,9.606666666666666,26.860000000000003
d948ac9f3cded5997708a858bdd25209d1e3b884a9e27698827fb08f624d574a,15/11/2023,1562,1.6533333333333151,35.980000000000004,20.473333333333336,26.37333333333333,62.680000000000014,10.240000000000002,27.473333333333336
d948ac9f3cded5997708a858bdd25209d1e3b884a9e27698827fb08f624d574a,30/11/2023,1463.666667,5.326666666666552,32.300000000000004,20.7,42.49333333333334,79.61333333333333,7.760000000000001,21.24
d948ac9f3cded5997708a858bdd25209d1e3b884a9e27698827fb08f624d574a,15/12/2023,1457.333333,0.1266666666666424,36.873333333333335,21.44666666666667,30.433333333333334,74.35333333333334,10.793333333333331,29.44
d948ac9f3cded5997708a858bdd25209d1e3b884a9e27698827fb08f624d574a,30/12/2023,1195.333333,3.2066666666665395,37.73333333333333,20.826666666666668,29.613333333333337,74.10666666666667,10.926666666666668,28.08
d948ac9f3cded5997708a858bdd25209d1e3b884a9e27698827fb08f624d574a,14/01/2024,1448.666667,2.539999999999903,36.873333333333335,23.02,37.94000000000001,82.58000000000001,9.300000000000002,24.92666666666667
d948ac9f3cded5997708a858bdd25209d1e3b884a9e27698827fb08f624d574a,29/01/2024,1408,3.619999999999952,37.68666666666668,25.266666666666666,40.06666666666668,80.06,9.406666666666666,24.953333333333333
d948ac9f3cded5997708a858bdd25209d1e3b884a9e27698827fb08f624d574a,13/02/2024,1336.666667,2.9333333333332727,36.52666666666666,23.52,39.64666666666667,82.68666666666668,8.706666666666667,24.006666666666668
d948ac9f3cded5997708a858bdd25209d1e3b884a9e27698827fb08f624d574a,28/02/2024,2458.666667,3.139999999999933,33.8,21.96,47.36,93.4,7.293333333333334,22.433333333333334
d948ac9f3cded5997708a858bdd25209d1e3b884a9e27698827fb08f624d574a,14/03/2024,2439.666667,0,35.593333333333334,20.71333333333333,33.85333333333333,80.24666666666667,8.366666666666667,24.66666666666667
d948ac9f3cded5997708a858bdd25209d1e3b884a9e27698827fb08f624d574a,29/03/2024,2328.333333,6.093333333333248,32.653333333333336,21.9,48.13333333333333,85.00000000000001,6.3533333333333335,16.613333333333333
d948ac9f3cded5997708a858bdd25209d1e3b884a9e27698827fb08f624d574a,13/04/2024,3071.333333,7.059999999999976,28.68,15.973333333333334,44.85333333333334,92.64666666666668,5.373333333333334,19.18
d948ac9f3cded5997708a858bdd25209d1e3b884a9e27698827fb08f624d574a,28/04/2024,2558,0.1199999999999818,28.74,13.793333333333331,37.34,91.09333333333332,5.433333333333334,18.88
d948ac9f3cded5997708a858bdd25209d1e3b884a9e27698827fb08f624d574a,13/05/2024,2579.666667,0.7466666666666242,27.84,13.653333333333334,42.013333333333335,96.86,4.34,16.30666666666667
d948ac9f3cded5997708a858bdd25209d1e3b884a9e27698827fb08f624d574a,28/05/2024,3785.333333,0,25.72666666666667,8.666666666666666,33.95333333333333,96.15333333333336,4.1866666666666665,15.533333333333331
d948ac9f3cded5997708a858bdd25209d1e3b884a9e27698827fb08f624d574a,12/06/2024,2076.666667,0.7533333333333151,22.52,6.306666666666668,40.52,98.18666666666668,3.193333333333334,13.913333333333334
d948ac9f3cded5997708a858bdd25209d1e3b884a9e27698827fb08f624d574a,27/06/2024,2373.333333,0.073333333,23.19333333333333,4.920000000000001,31.773333333333333,93.98,3.326666666666667,13.86
d948ac9f3cded5997708a858bdd25209d1e3b884a9e27698827fb08f624d574a,12/07/2024,1327.333333,0.5733333333332666,23.726666666666667,9.54,46.406666666666666,99.00666666666666,2.993333333333333,13.153333333333334
d948ac9f3cded5997708a858bdd25209d1e3b884a9e27698827fb08f624d574a,27/07/2024,1202,0.2733333333333272,21.453333333333337,3.933333333333333,33.81333333333334,96.06,3.2066666666666674,14.926666666666668
d948ac9f3cded5997708a858bdd25209d1e3b884a9e27698827fb08f624d574a,11/08/2024,1292.666667,0.2466666666666242,23.646666666666665,6.133333333333335,32.86,90.52666666666669,3.886666666666667,15.986666666666668
d948ac9f3cded5997708a858bdd25209d1e3b884a9e27698827fb08f624d574a,26/08/2024,1528.333333,0.2799999999999878,29.333333333333336,10.92,32.60666666666667,91.03333333333332,5.053333333333333,18.673333333333336
d948ac9f3cded5997708a858bdd25209d1e3b884a9e27698827fb08f624d574a,10/09/2024,1557.666667,0,32.373333333333335,13.033333333333331,24.633333333333336,79.38000000000001,6.820000000000001,20.91333333333333
d948ac9f3cded5997708a858bdd25209d1e3b884a9e27698827fb08f624d574a,25/09/2024,1308.333333,0,29.753333333333337,11.673333333333336,20.36,60.11333333333334,7.0600000000000005,22.39333333333333
d948ac9f3cded5997708a858bdd25209d1e3b884a9e27698827fb08f624d574a,10/10/2024,1203.666667,1.0266666666666424,32.260000000000005,14.886666666666668,26.76,74,7.813333333333333,23.12666666666667
d948ac9f3cded5997708a858bdd25209d1e3b884a9e27698827fb08f624d574a,25/10/2024,1204.333333,0,35.059999999999995,19.12,26.37333333333333,66.95333333333333,8.98,24.90666666666667
d948ac9f3cded5997708a858bdd25209d1e3b884a9e27698827fb08f624d574a,9/11/2024,1270,0.4599999999999757,37.620000000000005,20.33333333333333,20.83333333333333,55.586666666666666,10.76,26.953333333333333
d948ac9f3cded5997708a858bdd25209d1e3b884a9e27698827fb08f624d574a,24/11/2024,1237,4.906666666666539,34.306666666666665,21.56,38.81333333333334,79.30666666666667,8.506666666666666,22.72666666666667
d948ac9f3cded5997708a858bdd25209d1e3b884a9e27698827fb08f624d574a,9/12/2024,1237.333333,2.8933333333332483,34.326666666666675,22.860000000000003,44.013333333333335,82.70666666666668,8.833333333333336,25.05333333333333
d948ac9f3cded5997708a858bdd25209d1e3b884a9e27698827fb08f624d574a,24/12/2024,1298.666667,0.2666666666666363,36.42,21.933333333333334,34.513333333333335,78.01333333333334,10.32,28.12
